--
-- PostgreSQL database dump
--

-- Dumped from database version 14.11 (Ubuntu 14.11-0ubuntu0.22.04.1)
-- Dumped by pg_dump version 14.11 (Ubuntu 14.11-0ubuntu0.22.04.1)

SET statement_timeout = 0;
SET lock_timeout = 0;
SET idle_in_transaction_session_timeout = 0;
SET client_encoding = 'UTF8';
SET standard_conforming_strings = on;
SELECT pg_catalog.set_config('search_path', '', false);
SET check_function_bodies = false;
SET xmloption = content;
SET client_min_messages = warning;
SET row_security = off;

SET default_tablespace = '';

SET default_table_access_method = heap;

--
-- Name: addresses; Type: TABLE; Schema: public; Owner: chogirmali
--

CREATE TABLE public.addresses (
    id bigint NOT NULL,
    created_at timestamp with time zone NOT NULL,
    updated_at timestamp with time zone NOT NULL,
    deleted_at timestamp with time zone,
    address text,
    latitude double precision,
    longitude double precision,
    user_id bigint NOT NULL
);


ALTER TABLE public.addresses OWNER TO chogirmali;

--
-- Name: addresses_id_seq; Type: SEQUENCE; Schema: public; Owner: chogirmali
--

ALTER TABLE public.addresses ALTER COLUMN id ADD GENERATED BY DEFAULT AS IDENTITY (
    SEQUENCE NAME public.addresses_id_seq
    START WITH 1
    INCREMENT BY 1
    NO MINVALUE
    NO MAXVALUE
    CACHE 1
);


--
-- Name: auth_group; Type: TABLE; Schema: public; Owner: chogirmali
--

CREATE TABLE public.auth_group (
    id integer NOT NULL,
    name character varying(150) NOT NULL
);


ALTER TABLE public.auth_group OWNER TO chogirmali;

--
-- Name: auth_group_id_seq; Type: SEQUENCE; Schema: public; Owner: chogirmali
--

ALTER TABLE public.auth_group ALTER COLUMN id ADD GENERATED BY DEFAULT AS IDENTITY (
    SEQUENCE NAME public.auth_group_id_seq
    START WITH 1
    INCREMENT BY 1
    NO MINVALUE
    NO MAXVALUE
    CACHE 1
);


--
-- Name: auth_group_permissions; Type: TABLE; Schema: public; Owner: chogirmali
--

CREATE TABLE public.auth_group_permissions (
    id bigint NOT NULL,
    group_id integer NOT NULL,
    permission_id integer NOT NULL
);


ALTER TABLE public.auth_group_permissions OWNER TO chogirmali;

--
-- Name: auth_group_permissions_id_seq; Type: SEQUENCE; Schema: public; Owner: chogirmali
--

ALTER TABLE public.auth_group_permissions ALTER COLUMN id ADD GENERATED BY DEFAULT AS IDENTITY (
    SEQUENCE NAME public.auth_group_permissions_id_seq
    START WITH 1
    INCREMENT BY 1
    NO MINVALUE
    NO MAXVALUE
    CACHE 1
);


--
-- Name: auth_permission; Type: TABLE; Schema: public; Owner: chogirmali
--

CREATE TABLE public.auth_permission (
    id integer NOT NULL,
    name character varying(255) NOT NULL,
    content_type_id integer NOT NULL,
    codename character varying(100) NOT NULL
);


ALTER TABLE public.auth_permission OWNER TO chogirmali;

--
-- Name: auth_permission_id_seq; Type: SEQUENCE; Schema: public; Owner: chogirmali
--

ALTER TABLE public.auth_permission ALTER COLUMN id ADD GENERATED BY DEFAULT AS IDENTITY (
    SEQUENCE NAME public.auth_permission_id_seq
    START WITH 1
    INCREMENT BY 1
    NO MINVALUE
    NO MAXVALUE
    CACHE 1
);


--
-- Name: categories; Type: TABLE; Schema: public; Owner: chogirmali
--

CREATE TABLE public.categories (
    id bigint NOT NULL,
    created_at timestamp with time zone NOT NULL,
    updated_at timestamp with time zone NOT NULL,
    deleted_at timestamp with time zone,
    title character varying(500) NOT NULL,
    external_id character varying(500)
);


ALTER TABLE public.categories OWNER TO chogirmali;

--
-- Name: categories_id_seq; Type: SEQUENCE; Schema: public; Owner: chogirmali
--

ALTER TABLE public.categories ALTER COLUMN id ADD GENERATED BY DEFAULT AS IDENTITY (
    SEQUENCE NAME public.categories_id_seq
    START WITH 1
    INCREMENT BY 1
    NO MINVALUE
    NO MAXVALUE
    CACHE 1
);


--
-- Name: chat_messages; Type: TABLE; Schema: public; Owner: chogirmali
--

CREATE TABLE public.chat_messages (
    id bigint NOT NULL,
    created_at timestamp with time zone NOT NULL,
    updated_at timestamp with time zone NOT NULL,
    deleted_at timestamp with time zone,
    chat_id bigint NOT NULL,
    message_id bigint NOT NULL,
    order_id bigint NOT NULL
);


ALTER TABLE public.chat_messages OWNER TO chogirmali;

--
-- Name: chat_messages_id_seq; Type: SEQUENCE; Schema: public; Owner: chogirmali
--

ALTER TABLE public.chat_messages ALTER COLUMN id ADD GENERATED BY DEFAULT AS IDENTITY (
    SEQUENCE NAME public.chat_messages_id_seq
    START WITH 1
    INCREMENT BY 1
    NO MINVALUE
    NO MAXVALUE
    CACHE 1
);


--
-- Name: django_admin_log; Type: TABLE; Schema: public; Owner: chogirmali
--

CREATE TABLE public.django_admin_log (
    id integer NOT NULL,
    action_time timestamp with time zone NOT NULL,
    object_id text,
    object_repr character varying(200) NOT NULL,
    action_flag smallint NOT NULL,
    change_message text NOT NULL,
    content_type_id integer,
    user_id bigint NOT NULL,
    CONSTRAINT django_admin_log_action_flag_check CHECK ((action_flag >= 0))
);


ALTER TABLE public.django_admin_log OWNER TO chogirmali;

--
-- Name: django_admin_log_id_seq; Type: SEQUENCE; Schema: public; Owner: chogirmali
--

ALTER TABLE public.django_admin_log ALTER COLUMN id ADD GENERATED BY DEFAULT AS IDENTITY (
    SEQUENCE NAME public.django_admin_log_id_seq
    START WITH 1
    INCREMENT BY 1
    NO MINVALUE
    NO MAXVALUE
    CACHE 1
);


--
-- Name: django_content_type; Type: TABLE; Schema: public; Owner: chogirmali
--

CREATE TABLE public.django_content_type (
    id integer NOT NULL,
    app_label character varying(100) NOT NULL,
    model character varying(100) NOT NULL
);


ALTER TABLE public.django_content_type OWNER TO chogirmali;

--
-- Name: django_content_type_id_seq; Type: SEQUENCE; Schema: public; Owner: chogirmali
--

ALTER TABLE public.django_content_type ALTER COLUMN id ADD GENERATED BY DEFAULT AS IDENTITY (
    SEQUENCE NAME public.django_content_type_id_seq
    START WITH 1
    INCREMENT BY 1
    NO MINVALUE
    NO MAXVALUE
    CACHE 1
);


--
-- Name: django_migrations; Type: TABLE; Schema: public; Owner: chogirmali
--

CREATE TABLE public.django_migrations (
    id bigint NOT NULL,
    app character varying(255) NOT NULL,
    name character varying(255) NOT NULL,
    applied timestamp with time zone NOT NULL
);


ALTER TABLE public.django_migrations OWNER TO chogirmali;

--
-- Name: django_migrations_id_seq; Type: SEQUENCE; Schema: public; Owner: chogirmali
--

ALTER TABLE public.django_migrations ALTER COLUMN id ADD GENERATED BY DEFAULT AS IDENTITY (
    SEQUENCE NAME public.django_migrations_id_seq
    START WITH 1
    INCREMENT BY 1
    NO MINVALUE
    NO MAXVALUE
    CACHE 1
);


--
-- Name: django_session; Type: TABLE; Schema: public; Owner: chogirmali
--

CREATE TABLE public.django_session (
    session_key character varying(40) NOT NULL,
    session_data text NOT NULL,
    expire_date timestamp with time zone NOT NULL
);


ALTER TABLE public.django_session OWNER TO chogirmali;

--
-- Name: order_products; Type: TABLE; Schema: public; Owner: chogirmali
--

CREATE TABLE public.order_products (
    id bigint NOT NULL,
    created_at timestamp with time zone NOT NULL,
    updated_at timestamp with time zone NOT NULL,
    deleted_at timestamp with time zone,
    order_id bigint NOT NULL,
    product_id bigint NOT NULL,
    count integer NOT NULL,
    CONSTRAINT shop_orderproduct_count_check CHECK ((count >= 0))
);


ALTER TABLE public.order_products OWNER TO chogirmali;

--
-- Name: orders; Type: TABLE; Schema: public; Owner: chogirmali
--

CREATE TABLE public.orders (
    id bigint NOT NULL,
    created_at timestamp with time zone NOT NULL,
    updated_at timestamp with time zone NOT NULL,
    deleted_at timestamp with time zone,
    total_price numeric(15,2) NOT NULL,
    status character varying(255) NOT NULL,
    paid boolean NOT NULL,
    user_id bigint NOT NULL,
    delivery_type character varying(20) NOT NULL,
    address_id bigint NOT NULL,
    secondary_phone_number character varying(100)
);


ALTER TABLE public.orders OWNER TO chogirmali;

--
-- Name: orders_id_seq; Type: SEQUENCE; Schema: public; Owner: chogirmali
--

ALTER TABLE public.orders ALTER COLUMN id ADD GENERATED BY DEFAULT AS IDENTITY (
    SEQUENCE NAME public.orders_id_seq
    START WITH 1
    INCREMENT BY 1
    NO MINVALUE
    NO MAXVALUE
    CACHE 1
);


--
-- Name: products; Type: TABLE; Schema: public; Owner: chogirmali
--

CREATE TABLE public.products (
    id bigint NOT NULL,
    created_at timestamp with time zone NOT NULL,
    updated_at timestamp with time zone NOT NULL,
    deleted_at timestamp with time zone,
    title character varying(1000) NOT NULL,
    price numeric(12,2) NOT NULL,
    discount_percentage double precision NOT NULL,
    category_id bigint NOT NULL,
    image character varying(100) NOT NULL,
    external_id character varying(500)
);


ALTER TABLE public.products OWNER TO chogirmali;

--
-- Name: products_id_seq; Type: SEQUENCE; Schema: public; Owner: chogirmali
--

ALTER TABLE public.products ALTER COLUMN id ADD GENERATED BY DEFAULT AS IDENTITY (
    SEQUENCE NAME public.products_id_seq
    START WITH 1
    INCREMENT BY 1
    NO MINVALUE
    NO MAXVALUE
    CACHE 1
);


--
-- Name: shop_orderproduct_id_seq; Type: SEQUENCE; Schema: public; Owner: chogirmali
--

ALTER TABLE public.order_products ALTER COLUMN id ADD GENERATED BY DEFAULT AS IDENTITY (
    SEQUENCE NAME public.shop_orderproduct_id_seq
    START WITH 1
    INCREMENT BY 1
    NO MINVALUE
    NO MAXVALUE
    CACHE 1
);


--
-- Name: users; Type: TABLE; Schema: public; Owner: chogirmali
--

CREATE TABLE public.users (
    id bigint NOT NULL,
    password character varying(128) NOT NULL,
    last_login timestamp with time zone,
    is_superuser boolean NOT NULL,
    created_at timestamp with time zone NOT NULL,
    updated_at timestamp with time zone NOT NULL,
    deleted_at timestamp with time zone,
    phone_number character varying(100) NOT NULL,
    telegram_id bigint,
    is_staff boolean NOT NULL,
    is_blocked boolean NOT NULL,
    full_name character varying(200)
);


ALTER TABLE public.users OWNER TO chogirmali;

--
-- Name: users_groups; Type: TABLE; Schema: public; Owner: chogirmali
--

CREATE TABLE public.users_groups (
    id bigint NOT NULL,
    user_id bigint NOT NULL,
    group_id integer NOT NULL
);


ALTER TABLE public.users_groups OWNER TO chogirmali;

--
-- Name: users_groups_id_seq; Type: SEQUENCE; Schema: public; Owner: chogirmali
--

ALTER TABLE public.users_groups ALTER COLUMN id ADD GENERATED BY DEFAULT AS IDENTITY (
    SEQUENCE NAME public.users_groups_id_seq
    START WITH 1
    INCREMENT BY 1
    NO MINVALUE
    NO MAXVALUE
    CACHE 1
);


--
-- Name: users_id_seq; Type: SEQUENCE; Schema: public; Owner: chogirmali
--

ALTER TABLE public.users ALTER COLUMN id ADD GENERATED BY DEFAULT AS IDENTITY (
    SEQUENCE NAME public.users_id_seq
    START WITH 1
    INCREMENT BY 1
    NO MINVALUE
    NO MAXVALUE
    CACHE 1
);


--
-- Name: users_user_permissions; Type: TABLE; Schema: public; Owner: chogirmali
--

CREATE TABLE public.users_user_permissions (
    id bigint NOT NULL,
    user_id bigint NOT NULL,
    permission_id integer NOT NULL
);


ALTER TABLE public.users_user_permissions OWNER TO chogirmali;

--
-- Name: users_user_permissions_id_seq; Type: SEQUENCE; Schema: public; Owner: chogirmali
--

ALTER TABLE public.users_user_permissions ALTER COLUMN id ADD GENERATED BY DEFAULT AS IDENTITY (
    SEQUENCE NAME public.users_user_permissions_id_seq
    START WITH 1
    INCREMENT BY 1
    NO MINVALUE
    NO MAXVALUE
    CACHE 1
);


--
-- Data for Name: addresses; Type: TABLE DATA; Schema: public; Owner: chogirmali
--

COPY public.addresses (id, created_at, updated_at, deleted_at, address, latitude, longitude, user_id) FROM stdin;
2	2024-05-09 11:29:21.974943+00	2024-05-09 11:29:21.974981+00	\N	Qoshkopir,  Qoshkopir Tumani,  Xorazm viloyati	41.525891	60.365676	3
3	2024-05-09 12:40:00.70064+00	2024-05-09 12:40:00.700681+00	\N	Qoshkopir,  Qoshkopir Tumani,  Xorazm viloyati	41.526125	60.365673	5
4	2024-05-09 12:42:45.524343+00	2024-05-09 12:42:45.524412+00	\N	Qoshkopir,  Qoshkopir Tumani,  Xorazm viloyati	41.526077	60.365744	6
5	2024-05-09 18:26:45.465939+00	2024-05-09 18:26:45.466002+00	\N	Qoshkopir,  Qoshkopir Tumani,  Xorazm viloyati	41.526114	60.365646	7
6	2024-05-09 20:14:26.851185+00	2024-05-09 20:14:26.851226+00	\N	Qoshkopir,  Qoshkopir Tumani,  Xorazm viloyati	41.524246	60.367275	5
7	2024-05-10 06:17:36.089115+00	2024-05-10 06:17:36.089155+00	\N	Qoshkopir,  Qoshkopir Tumani,  Xorazm viloyati	41.526333	60.366038	8
8	2024-05-10 06:47:33.447816+00	2024-05-10 06:47:33.447854+00	\N	Qoshkopir,  Qoshkopir Tumani,  Xorazm viloyati	41.526154	60.365616	9
9	2024-05-10 07:20:47.184116+00	2024-05-10 07:20:47.184163+00	\N	Qoshkopir,  Qoshkopir Tumani,  Xorazm viloyati	41.526362	60.365493	11
10	2024-05-10 08:18:54.048857+00	2024-05-10 08:18:54.048895+00	\N	Qoshkopir,  Qoshkopir Tumani,  Xorazm viloyati	41.526128	60.36574	13
11	2024-05-10 08:43:08.772851+00	2024-05-10 08:43:08.772886+00	\N	Qoshkopir,  Qoshkopir Tumani,  Xorazm viloyati	41.526405	60.365286	14
12	2024-05-10 09:10:08.962294+00	2024-05-10 09:10:08.962327+00	\N	4P163,  Qoshkopir,  Qoshkopir Tumani	41.530536	60.338297	15
13	2024-05-10 09:25:36.364275+00	2024-05-10 09:25:36.364308+00	\N	Qoshkopir,  Qoshkopir Tumani,  Xorazm viloyati	41.529219	60.338949	16
14	2024-05-10 10:52:20.046256+00	2024-05-10 10:52:20.046287+00	\N	Qoshkopir,  Qoshkopir Tumani,  Xorazm viloyati	41.523215	60.361601	17
15	2024-05-10 11:14:34.880941+00	2024-05-10 11:14:34.880976+00	\N	4P163,  Qoshkopir,  Qoshkopir Tumani	41.513504	60.354879	18
16	2024-05-10 12:17:20.939046+00	2024-05-10 12:17:20.939092+00	\N	Qoshkopir,  Qoshkopir Tumani,  Xorazm viloyati	41.530242	60.346378	4
17	2024-05-10 14:15:17.871738+00	2024-05-10 14:15:17.87177+00	\N	Qoshkopir,  Qoshkopir Tumani,  Xorazm viloyati	41.526139	60.365767	13
18	2024-05-10 15:09:50.182734+00	2024-05-10 15:09:50.18277+00	\N	4P163,  Qoshkopir,  Qoshkopir Tumani	41.530536	60.338297	5
19	2024-05-10 15:45:24.386961+00	2024-05-10 15:45:24.386996+00	\N	Qoshkopir,  Qoshkopir Tumani,  Xorazm viloyati	41.526308	60.365918	25
20	2024-05-10 15:46:26.178625+00	2024-05-10 15:46:26.178657+00	\N	Qoshkopir,  Qoshkopir Tumani,  Xorazm viloyati	41.526117	60.365714	26
21	2024-05-10 15:50:14.221401+00	2024-05-10 15:50:14.221476+00	\N	Qoshkopir,  Qoshkopir Tumani,  Xorazm viloyati	41.526128	60.36574	25
22	2024-05-10 15:51:40.522976+00	2024-05-10 15:51:40.523005+00	\N	Qoshkopir,  Qoshkopir Tumani,  Xorazm viloyati	41.526339	60.365685	28
23	2024-05-10 17:57:05.604977+00	2024-05-10 17:57:05.605011+00	\N	Qoshkopir,  Qoshkopir Tumani,  Xorazm viloyati	41.522541	60.363823	30
24	2024-05-11 05:19:44.399722+00	2024-05-11 05:19:44.399776+00	\N	Qoshkopir,  Qoshkopir Tumani,  Xorazm viloyati	41.526407	60.365598	34
25	2024-05-11 05:19:49.340869+00	2024-05-11 05:19:49.34091+00	\N	Qoshkopir,  Qoshkopir Tumani,  Xorazm viloyati	41.525956	60.365766	34
26	2024-05-11 05:20:07.036804+00	2024-05-11 05:20:07.036839+00	\N	Qoshkopir,  Qoshkopir Tumani,  Xorazm viloyati	41.52615	60.365793	34
27	2024-05-11 05:30:46.948274+00	2024-05-11 05:30:46.948306+00	\N	4P165,  Qoshkopir,  Qoshkopir Tumani	41.532825	60.353667	28
28	2024-05-11 05:43:34.421469+00	2024-05-11 05:43:34.421538+00	\N	maktab,  4P163,  Qoshkopir	41.522335	60.358185	33
29	2024-05-11 07:43:58.6087+00	2024-05-11 07:43:58.608734+00	\N	4P165,  Qoshkopir,  Qoshkopir Tumani	41.532746	60.349432	36
30	2024-05-11 08:25:30.777548+00	2024-05-11 08:25:30.777589+00	\N	Qoshkopir,  Qoshkopir Tumani,  Xorazm viloyati	41.524695	60.360965	24
31	2024-05-11 08:57:59.107125+00	2024-05-11 08:57:59.107155+00	\N	Qoshkopir,  Qoshkopir Tumani,  Xorazm viloyati	41.526877	60.35983	41
32	2024-05-11 09:22:25.011973+00	2024-05-11 09:22:25.012042+00	\N	Qoshkopir,  Qoshkopir Tumani,  Xorazm viloyati	41.526948	60.359811	42
33	2024-05-11 09:23:00.512013+00	2024-05-11 09:23:00.512051+00	\N	Qoshkopir,  Qoshkopir Tumani,  Xorazm viloyati	41.526903	60.359705	42
34	2024-05-11 09:26:20.40734+00	2024-05-11 09:26:20.407379+00	\N	Qoshkopir,  Qoshkopir Tumani,  Xorazm viloyati	41.526776	60.359837	43
35	2024-05-11 10:54:44.909617+00	2024-05-11 10:54:44.909663+00	\N	Qoshkopir,  Qoshkopir Tumani,  Xorazm viloyati	41.525408	60.376201	45
36	2024-05-11 11:22:18.964046+00	2024-05-11 11:22:18.964085+00	\N	Qoshkopir,  Qoshkopir Tumani,  Xorazm viloyati	41.537473	60.354882	46
37	2024-05-11 13:00:25.329149+00	2024-05-11 13:00:25.32918+00	\N	частная клиника ООО «ИКБОЛ-ШИФО»,  32,  4P165	41.527382	60.365555	48
38	2024-05-11 14:18:17.781756+00	2024-05-11 14:18:17.781796+00	\N	Qoshkopir,  Qoshkopir Tumani,  Xorazm viloyati	41.528397	60.360944	24
39	2024-05-11 15:02:13.575365+00	2024-05-11 15:02:13.575408+00	\N	Qoshkopir,  Qoshkopir Tumani,  Xorazm viloyati	41.524345	60.367444	51
40	2024-05-11 15:02:15.004587+00	2024-05-11 15:02:15.004623+00	\N	Qoshkopir,  Qoshkopir Tumani,  Xorazm viloyati	41.524334	60.367418	51
41	2024-05-11 16:27:44.560486+00	2024-05-11 16:27:44.56052+00	\N	Qoshkopir,  Qoshkopir Tumani,  Xorazm viloyati	41.526449	60.365636	52
42	2024-05-11 16:29:50.194975+00	2024-05-11 16:29:50.195017+00	\N	Qoshkopir,  Qoshkopir Tumani,  Xorazm viloyati	41.526337	60.365617	52
43	2024-05-11 16:29:53.641279+00	2024-05-11 16:29:53.641321+00	\N	Qoshkopir,  Qoshkopir Tumani,  Xorazm viloyati	41.526376	60.365587	52
44	2024-05-11 16:30:47.90084+00	2024-05-11 16:30:47.900869+00	\N	Qoshkopir,  Qoshkopir Tumani,  Xorazm viloyati	41.526032	60.365883	52
45	2024-05-11 16:45:42.343279+00	2024-05-11 16:45:42.343309+00	\N	Qoshkopir,  Qoshkopir Tumani,  Xorazm viloyati	41.529933	60.343261	53
46	2024-05-11 16:47:39.380826+00	2024-05-11 16:47:39.380889+00	\N	Qoshkopir,  Qoshkopir Tumani,  Xorazm viloyati	41.520896	60.371251	58
47	2024-05-11 16:47:44.995279+00	2024-05-11 16:47:44.99532+00	\N	Qoshkopir,  Qoshkopir Tumani,  Xorazm viloyati	41.524705	60.365774	57
48	2024-05-11 16:50:57.453902+00	2024-05-11 16:50:57.453931+00	\N	Qoshkopir,  Qoshkopir Tumani,  Xorazm viloyati	41.53348	60.36134	62
49	2024-05-11 16:53:11.333999+00	2024-05-11 16:53:11.334028+00	\N	4P165,  Qoshkopir,  Qoshkopir Tumani	41.532706	60.350196	66
50	2024-05-11 16:53:23.937406+00	2024-05-11 16:53:23.937441+00	\N	Qoshkopir,  Qoshkopir Tumani,  Xorazm viloyati	41.528428	60.3612	68
51	2024-05-11 16:57:38.08818+00	2024-05-11 16:57:38.088221+00	\N	Qoshkopir,  Qoshkopir Tumani,  Xorazm viloyati	41.533089	60.358949	71
52	2024-05-11 17:00:49.906413+00	2024-05-11 17:00:49.906445+00	\N	4P163,  Qoshkopir,  Qoshkopir Tumani	41.526539	60.349159	74
53	2024-05-11 17:10:17.961946+00	2024-05-11 17:10:17.961979+00	\N	Qoshkopir,  Qoshkopir Tumani,  Xorazm viloyati	41.533345	60.348383	79
54	2024-05-11 17:10:24.141413+00	2024-05-11 17:10:24.141446+00	\N	Qoshkopir,  Qoshkopir Tumani,  Xorazm viloyati	41.522558	60.348589	80
55	2024-05-11 17:24:55.761787+00	2024-05-11 17:24:55.761824+00	\N	Qoshkopir,  Qoshkopir Tumani,  Xorazm viloyati	41.532316	60.367812	87
56	2024-05-11 17:26:34.160968+00	2024-05-11 17:26:34.161021+00	\N	Qoshkopir,  Qoshkopir Tumani,  Xorazm viloyati	41.536728	60.354052	22
57	2024-05-11 17:27:24.038654+00	2024-05-11 17:27:24.038696+00	\N	Qoshkopir,  Qoshkopir Tumani,  Xorazm viloyati	41.522018	60.368793	86
58	2024-05-11 17:29:52.93477+00	2024-05-11 17:29:52.934813+00	\N	Qoshkopir,  Qoshkopir Tumani,  Xorazm viloyati	41.526985	60.367323	90
59	2024-05-11 17:31:18.847849+00	2024-05-11 17:31:18.8479+00	\N	Qoshkopir,  Qoshkopir Tumani,  Xorazm viloyati	41.5398	60.351262	91
60	2024-05-11 17:44:40.390116+00	2024-05-11 17:44:40.390157+00	\N	4P163,  Qoshkopir,  Qoshkopir Tumani	41.521831	60.353506	102
61	2024-05-11 17:49:35.891812+00	2024-05-11 17:49:35.891842+00	\N	Qoshkopir,  Qoshkopir Tumani,  Xorazm viloyati	41.530905	60.335606	81
62	2024-05-11 17:54:21.749975+00	2024-05-11 17:54:21.750013+00	\N	Qoshkopir,  Qoshkopir Tumani,  Xorazm viloyati	41.532316	60.367812	104
63	2024-05-11 17:55:09.971837+00	2024-05-11 17:55:09.971881+00	\N	Qoshkopir,  Qoshkopir Tumani,  Xorazm viloyati	41.525243	60.336736	97
64	2024-05-11 18:07:07.556798+00	2024-05-11 18:07:07.556841+00	\N	Qoshkopir,  Qoshkopir Tumani,  Xorazm viloyati	41.532845	60.344573	106
65	2024-05-11 18:09:24.906919+00	2024-05-11 18:09:24.906953+00	\N	Qoshkopir,  Qoshkopir Tumani,  Xorazm viloyati	41.526937	60.333597	108
66	2024-05-11 18:13:32.287709+00	2024-05-11 18:13:32.287756+00	\N	Qoshkopir,  Qoshkopir Tumani,  Xorazm viloyati	41.523373	60.352893	107
67	2024-05-11 18:13:51.098237+00	2024-05-11 18:13:51.098284+00	\N	Qoshkopir,  Qoshkopir Tumani,  Xorazm viloyati	41.533917	60.345678	109
68	2024-05-11 18:18:48.115127+00	2024-05-11 18:18:48.115169+00	\N	4P165,  Qoshkopir,  Qoshkopir Tumani	41.531386	60.339432	111
69	2024-05-11 18:26:56.392388+00	2024-05-11 18:26:56.392432+00	\N	Qoshkopir,  Qoshkopir Tumani,  Xorazm viloyati	41.527869	60.355654	117
70	2024-05-11 18:47:03.659658+00	2024-05-11 18:47:03.659719+00	\N	Qoshkopir,  Qoshkopir Tumani,  Xorazm viloyati	41.529633	60.36182	122
71	2024-05-11 19:00:19.691816+00	2024-05-11 19:00:19.691852+00	\N	Qoshkopir,  Qoshkopir Tumani,  Xorazm viloyati	41.529049	60.351859	124
72	2024-05-11 19:05:54.539205+00	2024-05-11 19:05:54.539241+00	\N	Qoshkopir,  Qoshkopir Tumani,  Xorazm viloyati	41.527944	60.368655	127
73	2024-05-11 19:23:41.683334+00	2024-05-11 19:23:41.683383+00	\N	4P165,  Qoshkopir,  Qoshkopir Tumani	41.532926	60.349854	131
74	2024-05-11 19:29:12.851575+00	2024-05-11 19:29:12.851619+00	\N	Qoshkopir,  Qoshkopir Tumani,  Xorazm viloyati	41.527383	60.356722	133
75	2024-05-11 19:31:47.766394+00	2024-05-11 19:31:47.766432+00	\N	Qoshkopir,  Qoshkopir Tumani,  Xorazm viloyati	41.529975	60.346057	134
76	2024-05-11 19:33:32.252762+00	2024-05-11 19:33:32.252806+00	\N	частная клиника ООО «ИКБОЛ-ШИФО»,  32,  4P165	41.527399	60.363937	132
77	2024-05-11 19:34:40.888586+00	2024-05-11 19:34:40.888626+00	\N	Qoshkopir,  Qoshkopir Tumani,  Xorazm viloyati	41.52929	60.34574	134
78	2024-05-11 19:51:29.613962+00	2024-05-11 19:51:29.614001+00	\N	Qoshkopir,  Qoshkopir Tumani,  Xorazm viloyati	41.528815	60.344809	138
79	2024-05-11 19:51:40.290953+00	2024-05-11 19:51:40.290992+00	\N	Qoshkopir,  Qoshkopir Tumani,  Xorazm viloyati	41.521091	60.343246	139
80	2024-05-11 19:51:58.307799+00	2024-05-11 19:51:58.307824+00	\N	Qoshkopir,  Qoshkopir Tumani,  Xorazm viloyati	41.526877	60.346946	138
81	2024-05-11 20:42:02.625431+00	2024-05-11 20:42:02.62547+00	\N	Qoshkopir,  Qoshkopir Tumani,  Xorazm viloyati	41.527019	60.361573	143
82	2024-05-11 23:00:12.805553+00	2024-05-11 23:00:12.805588+00	\N	Qoshkopir,  Qoshkopir Tumani,  Xorazm viloyati	41.535037	60.349226	148
83	2024-05-12 02:51:48.001139+00	2024-05-12 02:51:48.001184+00	\N	Qoshkopir,  Qoshkopir Tumani,  Xorazm viloyati	41.536273	60.360963	151
84	2024-05-12 03:44:24.87731+00	2024-05-12 03:44:24.87734+00	\N	4P163,  Qoshkopir,  Qoshkopir Tumani	41.526218	60.344235	153
85	2024-05-12 05:09:30.470512+00	2024-05-12 05:09:30.47055+00	\N	4P165,  Qoshkopir,  Qoshkopir Tumani	41.532651	60.351111	161
86	2024-05-12 06:03:24.199609+00	2024-05-12 06:03:24.199649+00	\N	Qoshkopir,  Qoshkopir Tumani,  Xorazm viloyati	41.545558	60.338639	169
87	2024-05-12 06:13:12.810756+00	2024-05-12 06:13:12.810795+00	\N	Qoshkopir,  Qoshkopir Tumani,  Xorazm viloyati	41.525613	60.363549	171
88	2024-05-12 06:20:25.513055+00	2024-05-12 06:20:25.513099+00	\N	4P165,  Qoshkopir,  Qoshkopir Tumani	41.532255	60.35239	172
89	2024-05-12 06:21:21.057482+00	2024-05-12 06:21:21.057531+00	\N	Qoshkopir,  Qoshkopir Tumani,  Xorazm viloyati	41.52447	60.364487	56
90	2024-05-12 06:50:44.852412+00	2024-05-12 06:50:44.85249+00	\N	Qoshkopir,  Qoshkopir Tumani,  Xorazm viloyati	41.532063	60.36151	175
91	2024-05-12 07:01:32.301291+00	2024-05-12 07:01:32.301322+00	\N	Qoshkopir,  Qoshkopir Tumani,  Xorazm viloyati	41.524355	60.368449	177
92	2024-05-12 07:15:44.972977+00	2024-05-12 07:15:44.97301+00	\N	Qoshkopir,  Qoshkopir Tumani,  Xorazm viloyati	41.527848	60.34352	179
93	2024-05-12 07:26:18.354965+00	2024-05-12 07:26:18.355008+00	\N	Qoshkopir,  Qoshkopir Tumani,  Xorazm viloyati	41.516422	60.346273	182
94	2024-05-12 07:30:06.017862+00	2024-05-12 07:30:06.0179+00	\N	Qoshkopir,  Qoshkopir Tumani,  Xorazm viloyati	41.521738	60.371694	183
95	2024-05-12 07:30:26.05681+00	2024-05-12 07:30:26.056853+00	\N	Qoshkopir Tumani,  Xorazm viloyati,  220600	41.511746	60.360997	182
96	2024-05-12 07:39:49.005218+00	2024-05-12 07:39:49.00525+00	\N	Qoshkopir,  Qoshkopir Tumani,  Xorazm viloyati	41.538734	60.349313	187
97	2024-05-12 07:39:52.728296+00	2024-05-12 07:39:52.728338+00	\N	Qoshkopir,  Qoshkopir Tumani,  Xorazm viloyati	41.538746	60.34934	187
98	2024-05-12 07:40:44.551139+00	2024-05-12 07:40:44.551171+00	\N	4P163,  Qoshkopir,  Qoshkopir Tumani	41.551322	60.340506	190
99	2024-05-12 07:46:09.676091+00	2024-05-12 07:46:09.676127+00	\N	4P163,  Qoshkopir,  Qoshkopir Tumani	41.551355	60.340586	191
100	2024-05-12 07:46:21.481065+00	2024-05-12 07:46:21.481094+00	\N	4P163,  Qoshkopir,  Qoshkopir Tumani	41.525735	60.343101	192
101	2024-05-12 07:47:11.662733+00	2024-05-12 07:47:11.662764+00	\N	Qoshkopir,  Qoshkopir Tumani,  Xorazm viloyati	41.542926	60.350317	189
102	2024-05-12 08:12:20.97527+00	2024-05-12 08:12:20.975307+00	\N	Qoshkopir,  Qoshkopir Tumani,  Xorazm viloyati	41.529465	60.35891	197
103	2024-05-12 08:19:57.732217+00	2024-05-12 08:19:57.732251+00	\N	4P165,  Qoshkopir,  Qoshkopir Tumani	41.53264	60.351084	198
104	2024-05-12 08:23:51.394096+00	2024-05-12 08:23:51.394136+00	\N	4P163,  Qoshkopir,  Qoshkopir Tumani	41.522937	60.352177	88
105	2024-05-12 08:34:13.417376+00	2024-05-12 08:34:13.417418+00	\N	Qoshkopir,  Qoshkopir Tumani,  Xorazm viloyati	41.528417	60.361173	202
106	2024-05-12 08:34:34.234688+00	2024-05-12 08:34:34.234717+00	\N	Qoshkopir,  Qoshkopir Tumani,  Xorazm viloyati	41.521386	60.371542	203
107	2024-05-12 08:44:14.281583+00	2024-05-12 08:44:14.281616+00	\N	Qoshkopir,  Qoshkopir Tumani,  Xorazm viloyati	41.533937	60.338364	204
108	2024-05-12 08:47:01.651381+00	2024-05-12 08:47:01.651432+00	\N	4P163,  Qoshkopir,  Qoshkopir Tumani	41.551281	60.341516	204
109	2024-05-12 08:47:23.655187+00	2024-05-12 08:47:23.65522+00	\N	4P163,  Qoshkopir,  Qoshkopir Tumani	41.551865	60.341351	204
110	2024-05-12 08:48:34.889392+00	2024-05-12 08:48:34.889438+00	\N	4P163,  Qoshkopir,  Qoshkopir Tumani	41.55385	60.342636	204
111	2024-05-12 08:56:26.58023+00	2024-05-12 08:56:26.580299+00	\N	maktab,  4P165,  Qoshkopir	41.531097	60.351943	206
112	2024-05-12 09:00:06.676136+00	2024-05-12 09:00:06.676179+00	\N	4P165,  Qoshkopir,  Qoshkopir Tumani	41.532754	60.350125	208
113	2024-05-12 09:05:49.020635+00	2024-05-12 09:05:49.020683+00	\N	Qoshkopir,  Qoshkopir Tumani,  Xorazm viloyati	41.529847	60.342383	209
114	2024-05-12 09:07:08.628505+00	2024-05-12 09:07:08.628553+00	\N	Qoshkopir,  Qoshkopir Tumani,  Xorazm viloyati	41.530055	60.34226	209
115	2024-05-12 09:52:09.709685+00	2024-05-12 09:52:09.70972+00	\N	Qoshkopir,  Qoshkopir Tumani,  Xorazm viloyati	41.526737	60.359622	214
116	2024-05-12 09:59:34.053541+00	2024-05-12 09:59:34.053579+00	\N	4P163,  Qoshkopir,  Qoshkopir Tumani	41.525617	60.342702	217
117	2024-05-12 10:02:00.309918+00	2024-05-12 10:02:00.309968+00	\N	Qoshkopir,  Qoshkopir Tumani,  Xorazm viloyati	41.523978	60.367933	218
118	2024-05-12 10:14:27.774227+00	2024-05-12 10:14:27.774271+00	\N	Qoshkopir,  Qoshkopir Tumani,  Xorazm viloyati	41.518698	60.346707	221
119	2024-05-12 10:17:17.184496+00	2024-05-12 10:17:17.184535+00	\N	Qoshkopir,  Qoshkopir Tumani,  Xorazm viloyati	41.523978	60.367933	222
120	2024-05-12 10:27:40.537289+00	2024-05-12 10:27:40.537326+00	\N	Qoshkopir,  Qoshkopir Tumani,  Xorazm viloyati	41.524525	60.363817	226
121	2024-05-12 11:11:49.990568+00	2024-05-12 11:11:49.990605+00	\N	Qoshkopir,  Qoshkopir Tumani,  Xorazm viloyati	41.519859	60.355564	228
122	2024-05-12 11:24:27.562732+00	2024-05-12 11:24:27.562778+00	\N	4P165,  Qoshkopir,  Qoshkopir Tumani	41.532667	60.354276	229
123	2024-05-12 11:31:21.982163+00	2024-05-12 11:31:21.982208+00	\N	Qoshkopir,  Qoshkopir Tumani,  Xorazm viloyati	41.528427	60.351564	230
124	2024-05-12 11:35:35.733444+00	2024-05-12 11:35:35.733478+00	\N	частная клиника ООО «ИКБОЛ-ШИФО»,  32,  4P165	41.528428	60.36298	231
125	2024-05-12 12:06:25.334092+00	2024-05-12 12:06:25.334126+00	\N	Qoshkopir,  Qoshkopir Tumani,  Xorazm viloyati	41.539387	60.347594	234
126	2024-05-12 12:11:16.955906+00	2024-05-12 12:11:16.95596+00	\N	Qoshkopir,  Qoshkopir Tumani,  Xorazm viloyati	41.526882	60.364749	236
127	2024-05-12 12:11:23.992924+00	2024-05-12 12:11:23.992959+00	\N	Qoshkopir,  Qoshkopir Tumani,  Xorazm viloyati	41.526949	60.362882	236
128	2024-05-12 12:13:46.059489+00	2024-05-12 12:13:46.059526+00	\N	Qoshkopir,  Qoshkopir Tumani,  Xorazm viloyati	41.526114	60.365646	236
129	2024-05-12 12:14:07.812152+00	2024-05-12 12:14:07.812202+00	\N	Qoshkopir,  Qoshkopir Tumani,  Xorazm viloyati	41.526944	60.362747	236
130	2024-05-12 12:14:11.565554+00	2024-05-12 12:14:11.565582+00	\N	Qoshkopir,  Qoshkopir Tumani,  Xorazm viloyati	41.526769	60.36068	238
131	2024-05-12 12:14:56.063606+00	2024-05-12 12:14:56.063638+00	\N	maktab,  4P163,  Qoshkopir	41.538249	60.339833	239
132	2024-05-12 12:54:11.557699+00	2024-05-12 12:54:11.557748+00	\N	Qoshkopir,  Qoshkopir Tumani,  Xorazm viloyati	41.528532	60.350891	242
133	2024-05-12 13:06:09.220331+00	2024-05-12 13:06:09.22036+00	\N	аптека «ИКБОЛ»,  59,  4P165	41.533593	60.34369	244
134	2024-05-12 14:10:30.943332+00	2024-05-12 14:10:30.943387+00	\N	Qoshkopir,  Qoshkopir Tumani,  Xorazm viloyati	41.524409	60.333739	248
135	2024-05-12 14:23:41.958109+00	2024-05-12 14:23:41.958161+00	\N	Qoshkopir,  Qoshkopir Tumani,  Xorazm viloyati	41.520878	60.32595	252
136	2024-05-12 14:31:55.41225+00	2024-05-12 14:31:55.412282+00	\N	Qoshkopir,  Qoshkopir Tumani,  Xorazm viloyati	41.524584	60.361992	253
137	2024-05-12 14:42:22.441298+00	2024-05-12 14:42:22.441346+00	\N	Qoshkopir,  Qoshkopir Tumani,  Xorazm viloyati	41.52506	60.365994	254
138	2024-05-12 14:52:38.151435+00	2024-05-12 14:52:38.151489+00	\N	Qoshkopir,  Qoshkopir Tumani,  Xorazm viloyati	41.539412	60.336119	257
139	2024-05-12 14:56:58.010285+00	2024-05-12 14:56:58.010321+00	\N	4P165,  Qoshkopir,  Qoshkopir Tumani	41.531544	60.341581	258
140	2024-05-12 15:30:36.946194+00	2024-05-12 15:30:36.946224+00	\N	Qoshkopir,  Qoshkopir Tumani,  Xorazm viloyati	41.523488	60.362969	260
141	2024-05-12 15:30:50.707584+00	2024-05-12 15:30:50.70762+00	\N	Qoshkopir,  Qoshkopir Tumani,  Xorazm viloyati	41.523508	60.362954	260
142	2024-05-12 15:59:59.192658+00	2024-05-12 15:59:59.192702+00	\N	Qoshkopir,  Qoshkopir Tumani,  Xorazm viloyati	41.536991	60.343689	265
143	2024-05-12 16:27:58.547775+00	2024-05-12 16:27:58.547816+00	\N	Qoshkopir,  Qoshkopir Tumani,  Xorazm viloyati	41.540948	60.332854	269
144	2024-05-12 16:29:31.520909+00	2024-05-12 16:29:31.520932+00	\N	Qoshkopir,  Qoshkopir Tumani,  Xorazm viloyati	41.536162	60.35794	270
145	2024-05-12 16:35:43.984432+00	2024-05-12 16:35:43.984467+00	\N	Qoshkopir,  Qoshkopir Tumani,  Xorazm viloyati	41.522951	60.354295	276
146	2024-05-12 16:37:28.386962+00	2024-05-12 16:37:28.386995+00	\N	частная клиника ООО «ИКБОЛ-ШИФО»,  32,  4P165	41.527627	60.362018	278
147	2024-05-12 16:41:27.731504+00	2024-05-12 16:41:27.731529+00	\N	Qoshkopir,  Qoshkopir Tumani,  Xorazm viloyati	41.530052	60.347465	283
148	2024-05-12 16:43:10.482789+00	2024-05-12 16:43:10.482833+00	\N	Qoshkopir,  Qoshkopir Tumani,  Xorazm viloyati	41.524525	60.363817	285
149	2024-05-12 16:43:56.995626+00	2024-05-12 16:43:56.995661+00	\N	Qoshkopir,  Qoshkopir Tumani,  Xorazm viloyati	41.522149	60.36824	286
150	2024-05-12 16:44:49.39753+00	2024-05-12 16:44:49.39757+00	\N	Qoshkopir,  Qoshkopir Tumani,  Xorazm viloyati	41.536077	60.358354	282
151	2024-05-12 17:03:04.483137+00	2024-05-12 17:03:04.48317+00	\N	Qoshkopir,  Qoshkopir Tumani,  Xorazm viloyati	41.524869	60.333774	290
152	2024-05-12 17:15:31.084666+00	2024-05-12 17:15:31.084719+00	\N	4P165,  Qoshkopir,  Qoshkopir Tumani	41.532265	60.355175	284
153	2024-05-12 17:28:09.223853+00	2024-05-12 17:28:09.223893+00	\N	Qoshkopir,  Qoshkopir Tumani,  Xorazm viloyati	41.545558	60.338639	300
154	2024-05-12 17:35:47.697688+00	2024-05-12 17:35:47.697725+00	\N	Qoshkopir,  Qoshkopir Tumani,  Xorazm viloyati	41.526112	60.36104	302
155	2024-05-12 18:11:34.371663+00	2024-05-12 18:11:34.371697+00	\N	Qoshkopir,  Qoshkopir Tumani,  Xorazm viloyati	41.539043	60.345621	312
156	2024-05-12 18:17:19.731531+00	2024-05-12 18:17:19.731565+00	\N	аптека «ИКБОЛ»,  59,  4P165	41.533065	60.344231	314
157	2024-05-12 18:19:05.445926+00	2024-05-12 18:19:05.445963+00	\N	Qoshkopir,  Qoshkopir Tumani,  Xorazm viloyati	41.521716	60.369127	316
158	2024-05-12 18:39:15.316263+00	2024-05-12 18:39:15.316298+00	\N	Qoshkopir,  Qoshkopir Tumani,  Xorazm viloyati	41.521851	60.350733	106
159	2024-05-12 19:02:50.993637+00	2024-05-12 19:02:50.993682+00	\N	maktab,  4P165,  Qoshkopir	41.530733	60.348449	325
160	2024-05-12 19:32:12.36323+00	2024-05-12 19:32:12.363266+00	\N	Qoshkopir,  Qoshkopir Tumani,  Xorazm viloyati	41.536625	60.358844	328
161	2024-05-12 20:09:15.145238+00	2024-05-12 20:09:15.145279+00	\N	Qoshkopir,  Qoshkopir Tumani,  Xorazm viloyati	41.529767	60.358576	331
162	2024-05-12 20:13:54.216215+00	2024-05-12 20:13:54.216239+00	\N	Qoshkopir,  Qoshkopir Tumani,  Xorazm viloyati	41.526877	60.346946	333
163	2024-05-12 21:08:19.157727+00	2024-05-12 21:08:19.157767+00	\N	Qoshkopir,  Qoshkopir Tumani,  Xorazm viloyati	41.518442	60.346413	338
164	2024-05-13 04:58:08.923102+00	2024-05-13 04:58:08.923154+00	\N	Qoshkopir,  Qoshkopir Tumani,  Xorazm viloyati	41.523013	60.356343	281
165	2024-05-13 05:02:19.623362+00	2024-05-13 05:02:19.623403+00	\N	Qoshkopir,  Qoshkopir Tumani,  Xorazm viloyati	41.514518	60.345242	112
166	2024-05-13 05:22:31.575+00	2024-05-13 05:22:31.575045+00	\N	Qoshkopir,  Qoshkopir Tumani,  Xorazm viloyati	41.525613	60.363549	342
167	2024-05-13 06:23:05.440612+00	2024-05-13 06:23:05.440653+00	\N	Qoshkopir,  Qoshkopir Tumani,  Xorazm viloyati	41.538152	60.33341	345
168	2024-05-13 06:24:57.026722+00	2024-05-13 06:24:57.026771+00	\N	maktab,  4P163,  Qoshkopir	41.538423	60.340609	346
169	2024-05-13 06:25:00.502427+00	2024-05-13 06:25:00.502465+00	\N	Qoshkopir,  Qoshkopir Tumani,  Xorazm viloyati	41.53811	60.333372	345
170	2024-05-13 06:46:14.330027+00	2024-05-13 06:46:14.330063+00	\N	maktab,  4P163,  Qoshkopir	41.538477	60.340673	348
171	2024-05-13 07:06:32.805789+00	2024-05-13 07:06:32.805834+00	\N	4P163,  Qoshkopir,  Qoshkopir Tumani	41.518221	60.352027	350
172	2024-05-13 07:09:47.889303+00	2024-05-13 07:09:47.889341+00	\N	4P163,  Qoshkopir,  Qoshkopir Tumani	41.522895	60.352139	351
173	2024-05-13 07:28:52.394617+00	2024-05-13 07:28:52.394661+00	\N	Qoshkopir,  Qoshkopir Tumani,  Xorazm viloyati	41.527238	60.35362	343
174	2024-05-13 07:31:52.441631+00	2024-05-13 07:31:52.441684+00	\N	Qoshkopir,  Qoshkopir Tumani,  Xorazm viloyati	41.527664	60.357381	355
175	2024-05-13 07:40:34.830254+00	2024-05-13 07:40:34.830285+00	\N	maktab,  4P163,  Qoshkopir	41.538488	60.340699	358
176	2024-05-13 07:41:37.837733+00	2024-05-13 07:41:37.837774+00	\N	maktab,  4P163,  Qoshkopir	41.538508	60.340684	359
177	2024-05-13 07:41:59.849334+00	2024-05-13 07:41:59.849365+00	\N	4P165,  Qoshkopir,  Qoshkopir Tumani	41.532824	60.340782	360
178	2024-05-13 07:52:35.074039+00	2024-05-13 07:52:35.074091+00	\N	4P165,  Qoshkopir,  Qoshkopir Tumani	41.532996	60.342781	363
179	2024-05-13 07:59:57.29761+00	2024-05-13 07:59:57.297648+00	\N	maktab,  4P163,  Qoshkopir	41.522419	60.358505	364
180	2024-05-13 08:13:42.852817+00	2024-05-13 08:13:42.852851+00	\N	maktab,  4P163,  Qoshkopir	41.538313	60.340658	367
181	2024-05-13 08:46:06.085655+00	2024-05-13 08:46:06.085686+00	\N	4P163,  Qoshkopir,  Qoshkopir Tumani	41.525621	60.344061	369
182	2024-05-13 08:50:11.620365+00	2024-05-13 08:50:11.620402+00	\N	4P163,  Qoshkopir,  Qoshkopir Tumani	41.52561	60.344034	370
183	2024-05-13 10:32:00.815353+00	2024-05-13 10:32:00.815392+00	\N	4P163,  Qoshkopir,  Qoshkopir Tumani	41.525805	60.343083	374
184	2024-05-13 11:11:33.249547+00	2024-05-13 11:11:33.249586+00	\N	Qoshkopir,  Qoshkopir Tumani,  Xorazm viloyati	41.526139	60.365767	378
185	2024-05-13 11:20:04.31226+00	2024-05-13 11:20:04.312295+00	\N	4P163,  Qoshkopir,  Qoshkopir Tumani	41.523141	60.351184	379
186	2024-05-13 11:44:58.451286+00	2024-05-13 11:44:58.45133+00	\N	Qoshkopir,  Qoshkopir Tumani,  Xorazm viloyati	41.524182	60.3705	373
187	2024-05-13 12:02:21.008665+00	2024-05-13 12:02:21.008714+00	\N	Qoshkopir,  Qoshkopir Tumani,  Xorazm viloyati	41.528415	60.351538	381
188	2024-05-13 12:43:01.193363+00	2024-05-13 12:43:01.193399+00	\N	Qoshkopir,  Qoshkopir Tumani,  Xorazm viloyati	41.535919	60.357984	282
189	2024-05-13 12:43:04.523552+00	2024-05-13 12:43:04.523584+00	\N	Qoshkopir,  Qoshkopir Tumani,  Xorazm viloyati	41.535753	60.357901	282
190	2024-05-13 12:56:22.942779+00	2024-05-13 12:56:22.942818+00	\N	Qoshkopir,  Qoshkopir Tumani,  Xorazm viloyati	41.536987	60.35822	386
191	2024-05-13 13:15:56.67669+00	2024-05-13 13:15:56.676734+00	\N	"Угилжон" продуктовый магазин,  4P165,  Qoshkopir	41.533604	60.340957	388
192	2024-05-13 13:21:09.571254+00	2024-05-13 13:21:09.571326+00	\N	Qoshkopir,  Qoshkopir Tumani,  Xorazm viloyati	41.529058	60.351818	389
193	2024-05-13 13:40:13.640425+00	2024-05-13 13:40:13.640464+00	\N	Qoshkopir,  Qoshkopir Tumani,  Xorazm viloyati	41.523028	60.365827	392
194	2024-05-13 14:33:17.867597+00	2024-05-13 14:33:17.867646+00	\N	Qoshkopir,  Qoshkopir Tumani,  Xorazm viloyati	41.533347	60.369681	397
195	2024-05-13 14:50:18.729819+00	2024-05-13 14:50:18.729865+00	\N	Qoshkopir,  Qoshkopir Tumani,  Xorazm viloyati	41.528359	60.351895	398
196	2024-05-13 15:21:53.826872+00	2024-05-13 15:21:53.826906+00	\N	Qoshkopir,  Qoshkopir Tumani,  Xorazm viloyati	41.529472	60.351992	124
197	2024-05-13 16:22:40.330483+00	2024-05-13 16:22:40.330523+00	\N	Qoshkopir,  Qoshkopir Tumani,  Xorazm viloyati	41.547659	60.337494	401
198	2024-05-13 17:36:52.080017+00	2024-05-13 17:36:52.080053+00	\N	Qoshkopir,  Qoshkopir Tumani,  Xorazm viloyati	41.526359	60.36567	402
199	2024-05-13 19:35:39.83638+00	2024-05-13 19:35:39.836411+00	\N	аптека «ИКБОЛ»,  59,  4P165	41.533082	60.343903	179
200	2024-05-13 20:00:26.596978+00	2024-05-13 20:00:26.597002+00	\N	4P163,  Qoshkopir,  Qoshkopir Tumani	41.534744	60.339461	179
201	2024-05-14 03:22:35.876102+00	2024-05-14 03:22:35.876151+00	\N	Qoshkopir,  Qoshkopir Tumani,  Xorazm viloyati	41.534854	60.346956	410
202	2024-05-14 03:22:52.397739+00	2024-05-14 03:22:52.397771+00	\N	Qoshkopir,  Qoshkopir Tumani,  Xorazm viloyati	41.534832	60.346903	410
203	2024-05-14 03:30:43.651396+00	2024-05-14 03:30:43.651444+00	\N	Qoshkopir,  Qoshkopir Tumani,  Xorazm viloyati	41.536089	60.339241	410
204	2024-05-14 03:30:53.286819+00	2024-05-14 03:30:53.286843+00	\N	Qoshkopir,  Qoshkopir Tumani,  Xorazm viloyati	41.536108	60.339226	410
205	2024-05-14 04:59:31.376455+00	2024-05-14 04:59:31.376497+00	\N	4P163,  Qoshkopir,  Qoshkopir Tumani	41.521058	60.351999	413
206	2024-05-14 05:08:03.132787+00	2024-05-14 05:08:03.132828+00	\N	Qoshkopir,  Qoshkopir Tumani,  Xorazm viloyati	41.529004	60.351754	398
207	2024-05-14 07:10:13.934981+00	2024-05-14 07:10:13.935039+00	\N	Qoshkopir,  Qoshkopir Tumani,  Xorazm viloyati	41.526128	60.36574	5
208	2024-05-14 09:56:54.241461+00	2024-05-14 09:56:54.241496+00	\N	Qoshkopir,  Qoshkopir Tumani,  Xorazm viloyati	41.526757	60.359607	417
209	2024-05-14 10:23:25.234712+00	2024-05-14 10:23:25.23476+00	\N	Qoshkopir,  Qoshkopir Tumani,  Xorazm viloyati	41.526346	60.365086	418
210	2024-05-14 10:24:23.237041+00	2024-05-14 10:24:23.237078+00	\N	Qoshkopir,  Qoshkopir Tumani,  Xorazm viloyati	41.526205	60.365123	418
211	2024-05-14 10:24:30.035268+00	2024-05-14 10:24:30.0353+00	\N	Qoshkopir,  Qoshkopir Tumani,  Xorazm viloyati	41.526247	60.365161	418
212	2024-05-14 11:29:47.32481+00	2024-05-14 11:29:47.324843+00	\N	4P163,  Qoshkopir,  Qoshkopir Tumani	41.526225	60.349956	413
213	2024-05-14 11:31:18.325305+00	2024-05-14 11:31:18.325347+00	\N	4P165,  Qoshkopir,  Qoshkopir Tumani	41.533474	60.341265	13
214	2024-05-14 11:31:28.464079+00	2024-05-14 11:31:28.464126+00	\N	Qoshkopir,  Qoshkopir Tumani,  Xorazm viloyati	41.526119	60.365782	13
215	2024-05-14 11:35:58.382865+00	2024-05-14 11:35:58.382905+00	\N	Qoshkopir,  Qoshkopir Tumani,  Xorazm viloyati	41.526119	60.365782	9
216	2024-05-14 11:36:13.553824+00	2024-05-14 11:36:13.553863+00	\N	Qoshkopir,  Qoshkopir Tumani,  Xorazm viloyati	41.526049	60.3658	9
217	2024-05-14 11:41:12.994926+00	2024-05-14 11:41:12.994949+00	\N	Test manzil	\N	\N	1
218	2024-05-14 11:41:44.02906+00	2024-05-14 11:41:44.029106+00	\N	Qoshkopir,  Qoshkopir Tumani,  Xorazm viloyati	41.526119	60.365782	421
219	2024-05-14 12:10:09.969249+00	2024-05-14 12:10:09.969293+00	\N	4P165,  Qoshkopir,  Qoshkopir Tumani	41.531346	60.366209	176
220	2024-05-14 12:57:17.790969+00	2024-05-14 12:57:17.791008+00	\N	Qoshkopir,  Qoshkopir Tumani,  Xorazm viloyati	41.522838	60.367158	422
221	2024-05-14 14:17:28.950724+00	2024-05-14 14:17:28.95076+00	\N	Qoshkopir,  Qoshkopir Tumani,  Xorazm viloyati	41.522943	60.370534	424
222	2024-05-14 14:30:45.026651+00	2024-05-14 14:30:45.026694+00	\N	4P165,  Qoshkopir,  Qoshkopir Tumani	41.531598	60.341156	426
223	2024-05-14 15:05:18.218943+00	2024-05-14 15:05:18.218989+00	\N	Qoshkopir,  Qoshkopir Tumani,  Xorazm viloyati	41.531351	60.331809	427
224	2024-05-14 15:05:45.548482+00	2024-05-14 15:05:45.548514+00	\N	Qoshkopir,  Qoshkopir Tumani,  Xorazm viloyati	41.530338	60.336667	427
225	2024-05-14 16:26:10.040921+00	2024-05-14 16:26:10.040971+00	\N	Qoshkopir,  Qoshkopir Tumani,  Xorazm viloyati	41.527944	60.342643	429
226	2024-05-14 16:34:26.583464+00	2024-05-14 16:34:26.583499+00	\N	Qoshkopir,  Qoshkopir Tumani,  Xorazm viloyati	41.528823	60.352066	430
227	2024-05-14 17:31:04.903056+00	2024-05-14 17:31:04.903081+00	\N	Qoshkopir,  Qoshkopir Tumani,  Xorazm viloyati	41.522849	60.367185	431
228	2024-05-14 19:21:11.929353+00	2024-05-14 19:21:11.929401+00	\N	4P165,  Qoshkopir,  Qoshkopir Tumani	41.532657	60.355052	432
229	2024-05-14 19:21:58.367137+00	2024-05-14 19:21:58.367169+00	\N	Qoshkopir,  Qoshkopir Tumani,  Xorazm viloyati	41.53354	60.351971	432
230	2024-05-14 19:24:09.453575+00	2024-05-14 19:24:09.453624+00	\N	maktab,  4P165,  Qoshkopir	41.532149	60.349502	432
231	2024-05-15 07:34:26.238052+00	2024-05-15 07:34:26.238078+00	\N	LockerPost #0098,  4P165,  Qoshkopir	41.530935	60.350949	435
232	2024-05-15 07:51:22.856789+00	2024-05-15 07:51:22.856833+00	\N	4P165,  Qoshkopir,  Qoshkopir Tumani	41.532759	60.35075	436
233	2024-05-15 07:51:25.126172+00	2024-05-15 07:51:25.126203+00	\N	4P165,  Qoshkopir,  Qoshkopir Tumani	41.532778	60.350735	436
234	2024-05-15 09:22:57.655125+00	2024-05-15 09:22:57.655214+00	\N	Qoshkopir,  Qoshkopir Tumani,  Xorazm viloyati	41.521147	60.343623	438
235	2024-05-15 09:23:07.291934+00	2024-05-15 09:23:07.291961+00	\N	Qoshkopir,  Qoshkopir Tumani,  Xorazm viloyati	41.521203	60.343754	438
236	2024-05-15 14:48:11.601268+00	2024-05-15 14:48:11.601303+00	\N	Qoshkopir,  Qoshkopir Tumani,  Xorazm viloyati	41.528987	60.351592	442
237	2024-05-15 15:07:26.9622+00	2024-05-15 15:07:26.962237+00	\N	Qoshkopir,  Qoshkopir Tumani,  Xorazm viloyati	41.534271	60.34712	443
238	2024-05-15 15:39:57.582461+00	2024-05-15 15:39:57.582492+00	\N	Qoshkopir,  Qoshkopir Tumani,  Xorazm viloyati	41.529627	60.360149	444
239	2024-05-15 15:40:24.269727+00	2024-05-15 15:40:24.269764+00	\N	Qoshkopir,  Qoshkopir Tumani,  Xorazm viloyati	41.533682	60.36206	444
240	2024-05-15 15:54:57.948712+00	2024-05-15 15:54:57.948752+00	\N	Qoshkopir,  Qoshkopir Tumani,  Xorazm viloyati	41.528851	60.352743	144
241	2024-05-15 15:55:12.10384+00	2024-05-15 15:55:12.103878+00	\N	Qoshkopir,  Qoshkopir Tumani,  Xorazm viloyati	41.535752	60.345505	144
242	2024-05-15 18:39:25.226349+00	2024-05-15 18:39:25.226397+00	\N	Qoshkopir,  Qoshkopir Tumani,  Xorazm viloyati	41.518802	60.347012	448
243	2024-05-16 04:16:50.489653+00	2024-05-16 04:16:50.489688+00	\N	maktab,  4P165,  Qoshkopir	41.531819	60.347379	453
244	2024-05-16 04:18:19.850715+00	2024-05-16 04:18:19.85074+00	\N	Qoshkopir,  Qoshkopir Tumani,  Xorazm viloyati	41.5285	60.351858	454
245	2024-05-16 04:28:35.546896+00	2024-05-16 04:28:35.546953+00	\N	Qoshkopir,  Qoshkopir Tumani,  Xorazm viloyati	41.522755	60.353712	455
246	2024-05-16 06:35:03.606609+00	2024-05-16 06:35:03.606646+00	\N	4P165,  Qoshkopir,  Qoshkopir Tumani	41.532639	60.351574	457
247	2024-05-16 06:58:10.591279+00	2024-05-16 06:58:10.591318+00	\N	Qoshkopir,  Qoshkopir Tumani,  Xorazm viloyati	41.523435	60.359479	458
248	2024-05-16 08:14:37.657136+00	2024-05-16 08:14:37.65718+00	\N	4P163,  Qoshkopir,  Qoshkopir Tumani	41.511529	60.352087	461
249	2024-05-16 08:30:59.145908+00	2024-05-16 08:30:59.145947+00	\N	LockerPost #0098,  4P165,  Qoshkopir	41.530935	60.350949	144
250	2024-05-16 15:08:32.413044+00	2024-05-16 15:08:32.413084+00	\N	Qoshkopir,  Qoshkopir Tumani,  Xorazm viloyati	41.521612	60.371336	467
251	2024-05-16 15:56:11.888097+00	2024-05-16 15:56:11.888138+00	\N	Qoshkopir,  Qoshkopir Tumani,  Xorazm viloyati	41.542906	60.350332	469
252	2024-05-17 05:26:12.527366+00	2024-05-17 05:26:12.527408+00	\N	maktab,  4P163,  Qoshkopir	41.522287	60.358012	473
253	2024-05-17 05:34:37.71683+00	2024-05-17 05:34:37.71686+00	\N	maktab,  4P163,  Qoshkopir	41.522425	60.358152	474
254	2024-05-17 05:38:56.8526+00	2024-05-17 05:38:56.852634+00	\N	maktab,  4P163,  Qoshkopir	41.522307	60.357997	473
255	2024-05-17 08:18:11.351191+00	2024-05-17 08:18:11.351227+00	\N	Qoshkopir,  Qoshkopir Tumani,  Xorazm viloyati	41.536207	60.324865	477
256	2024-05-17 08:28:50.621265+00	2024-05-17 08:28:50.62131+00	\N	Qoshkopir,  Qoshkopir Tumani,  Xorazm viloyati	41.521976	60.350289	478
257	2024-05-17 08:29:28.649623+00	2024-05-17 08:29:28.649648+00	\N	Qoshkopir,  Qoshkopir Tumani,  Xorazm viloyati	41.521945	60.350278	478
258	2024-05-17 09:10:45.073437+00	2024-05-17 09:10:45.073475+00	\N	Qoshkopir,  Qoshkopir Tumani,  Xorazm viloyati	41.529775	60.350679	480
259	2024-05-17 09:58:24.221328+00	2024-05-17 09:58:24.221361+00	\N	Qoshkopir,  Qoshkopir Tumani,  Xorazm viloyati	41.527149	60.36102	264
260	2024-05-17 13:55:47.447622+00	2024-05-17 13:55:47.447677+00	\N	Qoshkopir,  Qoshkopir Tumani,  Xorazm viloyati	41.523998	60.367918	218
261	2024-05-17 14:13:56.42327+00	2024-05-17 14:13:56.423324+00	\N	Qoshkopir,  Qoshkopir Tumani,  Xorazm viloyati	41.526854	60.345113	481
262	2024-05-17 14:18:32.041112+00	2024-05-17 14:18:32.041168+00	\N	Qoshkopir,  Qoshkopir Tumani,  Xorazm viloyati	41.527156	60.351832	482
263	2024-05-17 16:30:26.663122+00	2024-05-17 16:30:26.663162+00	\N	Qoshkopir,  Qoshkopir Tumani,  Xorazm viloyati	41.546019	60.35991	168
264	2024-05-17 16:39:44.097565+00	2024-05-17 16:39:44.097605+00	\N	4P163,  Qoshkopir,  Qoshkopir Tumani	41.520457	60.352491	483
265	2024-05-17 16:53:13.376841+00	2024-05-17 16:53:13.376877+00	\N	Qoshkopir,  Qoshkopir Tumani,  Xorazm viloyati	41.52213	60.361937	264
266	2024-05-18 05:33:12.34852+00	2024-05-18 05:33:12.348557+00	\N	Qoshkopir,  Qoshkopir Tumani,  Xorazm viloyati	41.522988	60.362786	484
267	2024-05-18 06:04:57.974513+00	2024-05-18 06:04:57.974548+00	\N	4P165,  Qoshkopir,  Qoshkopir Tumani	41.531876	60.365736	485
268	2024-05-18 07:56:07.815106+00	2024-05-18 07:56:07.815146+00	\N	Qoshkopir,  Qoshkopir Tumani,  Xorazm viloyati	41.524489	60.346004	462
269	2024-05-18 07:58:47.119442+00	2024-05-18 07:58:47.119475+00	\N	Qoshkopir,  Qoshkopir Tumani,  Xorazm viloyati	41.522046	60.35027	486
270	2024-05-18 10:24:41.916791+00	2024-05-18 10:24:41.916823+00	\N	Qoshkopir,  Qoshkopir Tumani,  Xorazm viloyati	41.519144	60.361553	292
271	2024-05-18 10:37:19.830096+00	2024-05-18 10:37:19.830134+00	\N	Qoshkopir,  Qoshkopir Tumani,  Xorazm viloyati	41.527045	60.360959	264
272	2024-05-18 10:45:29.823114+00	2024-05-18 10:45:29.823148+00	\N	Qoshkopir,  Qoshkopir Tumani,  Xorazm viloyati	41.531546	60.351217	149
273	2024-05-18 11:37:54.458417+00	2024-05-18 11:37:54.458452+00	\N	Qoshkopir,  Qoshkopir Tumani,  Xorazm viloyati	41.529838	60.351748	488
274	2024-05-18 12:33:49.153101+00	2024-05-18 12:33:49.153136+00	\N	Qoshkopir,  Qoshkopir Tumani,  Xorazm viloyati	41.538111	60.358588	435
275	2024-05-18 13:40:47.911569+00	2024-05-18 13:40:47.911604+00	\N	Qoshkopir,  Qoshkopir Tumani,  Xorazm viloyati	41.522943	60.370534	489
276	2024-05-18 15:09:54.977067+00	2024-05-18 15:09:54.977099+00	\N	аптека ООО «ИКБОЛ»,  60A,  4P165	41.532921	60.347204	210
277	2024-05-18 15:28:45.165663+00	2024-05-18 15:28:45.165703+00	\N	4P163,  Qoshkopir,  Qoshkopir Tumani	41.534455	60.338843	491
278	2024-05-19 07:07:10.64001+00	2024-05-19 07:07:10.640054+00	\N	Qoshkopir,  Qoshkopir Tumani,  Xorazm viloyati	41.525891	60.365676	495
279	2024-05-19 07:08:13.078277+00	2024-05-19 07:08:13.078307+00	\N	Qoshkopir,  Qoshkopir Tumani,  Xorazm viloyati	41.525891	60.365676	349
280	2024-05-19 07:08:23.882286+00	2024-05-19 07:08:23.882331+00	\N	Qoshkopir,  Qoshkopir Tumani,  Xorazm viloyati	41.525891	60.365676	496
281	2024-05-19 10:38:47.54088+00	2024-05-19 10:38:47.540914+00	\N	Qoshkopir,  Qoshkopir Tumani,  Xorazm viloyati	41.526887	60.362859	238
282	2024-05-19 11:57:08.270699+00	2024-05-19 11:57:08.270743+00	\N	4P163,  Qoshkopir,  Qoshkopir Tumani	41.522749	60.351796	353
283	2024-05-19 12:06:16.830811+00	2024-05-19 12:06:16.830845+00	\N	Qoshkopir,  Qoshkopir Tumani,  Xorazm viloyati	41.526894	60.359747	110
284	2024-05-19 12:08:59.055947+00	2024-05-19 12:08:59.056008+00	\N	Qoshkopir,  Qoshkopir Tumani,  Xorazm viloyati	41.526894	60.359747	498
285	2024-05-19 14:08:32.246268+00	2024-05-19 14:08:32.246305+00	\N	Qoshkopir,  Qoshkopir Tumani,  Xorazm viloyati	41.528304	60.369254	224
286	2024-05-19 14:08:45.680251+00	2024-05-19 14:08:45.680287+00	\N	Qoshkopir,  Qoshkopir Tumani,  Xorazm viloyati	41.52547	60.376224	224
287	2024-05-19 14:08:56.396298+00	2024-05-19 14:08:56.39633+00	\N	Qoshkopir,  Qoshkopir Tumani,  Xorazm viloyati	41.525368	60.376231	224
288	2024-05-19 14:11:22.718585+00	2024-05-19 14:11:22.71862+00	\N	Qoshkopir,  Qoshkopir Tumani,  Xorazm viloyati	41.522988	60.362786	500
289	2024-05-19 14:35:57.676346+00	2024-05-19 14:35:57.676378+00	\N	4P165,  Qoshkopir,  Qoshkopir Tumani	41.531598	60.341156	501
290	2024-05-19 16:31:53.377865+00	2024-05-19 16:31:53.377901+00	\N	4P165,  Qoshkopir,  Qoshkopir Tumani	41.532661	60.350335	66
291	2024-05-19 20:26:31.091768+00	2024-05-19 20:26:31.091792+00	\N	Qoshkopir,  Qoshkopir Tumani,  Xorazm viloyati	41.52522	60.357842	505
292	2024-05-20 06:40:56.113818+00	2024-05-20 06:40:56.113852+00	\N	4P165,  Qoshkopir,  Qoshkopir Tumani	41.532373	60.359109	500
293	2024-05-20 09:44:25.678711+00	2024-05-20 09:44:25.678756+00	\N	Qoshkopir,  Qoshkopir Tumani,  Xorazm viloyati	41.526043	60.366399	506
294	2024-05-20 10:26:58.382741+00	2024-05-20 10:26:58.382766+00	\N	4P165,  Qoshkopir,  Qoshkopir Tumani	41.532422	60.358059	507
295	2024-05-20 10:40:27.196936+00	2024-05-20 10:40:27.196972+00	\N	Qoshkopir,  Qoshkopir Tumani,  Xorazm viloyati	41.526119	60.365782	508
296	2024-05-20 11:26:55.440378+00	2024-05-20 11:26:55.440427+00	\N	4P165,  Qoshkopir,  Qoshkopir Tumani	41.532394	60.358115	509
297	2024-05-20 14:49:01.215596+00	2024-05-20 14:49:01.215642+00	\N	Qoshkopir,  Qoshkopir Tumani,  Xorazm viloyati	41.525134	60.365553	514
298	2024-05-20 15:12:26.604226+00	2024-05-20 15:12:26.604267+00	\N	Qoshkopir,  Qoshkopir Tumani,  Xorazm viloyati	41.538037	60.338108	401
299	2024-05-20 16:02:04.786309+00	2024-05-20 16:02:04.786348+00	\N	Qoshkopir,  Qoshkopir Tumani,  Xorazm viloyati	41.537408	60.355037	515
300	2024-05-20 17:37:28.590421+00	2024-05-20 17:37:28.590458+00	\N	Qoshkopir,  Qoshkopir Tumani,  Xorazm viloyati	41.520736	60.34781	446
301	2024-05-21 04:07:30.934748+00	2024-05-21 04:07:30.934786+00	\N	4P163,  Qoshkopir,  Qoshkopir Tumani	41.526578	60.347104	516
302	2024-05-21 12:56:41.047816+00	2024-05-21 12:56:41.047854+00	\N	Qoshkopir,  Qoshkopir Tumani,  Xorazm viloyati	41.526993	60.361697	237
303	2024-05-21 13:56:26.99895+00	2024-05-21 13:56:26.998983+00	\N	Qoshkopir,  Qoshkopir Tumani,  Xorazm viloyati	41.53331	60.357628	485
304	2024-05-21 16:04:29.35055+00	2024-05-21 16:04:29.350601+00	\N	Qoshkopir,  Qoshkopir Tumani,  Xorazm viloyati	41.533193	60.346124	400
305	2024-05-22 06:51:16.195014+00	2024-05-22 06:51:16.195063+00	\N	maktab,  4P163,  Qoshkopir	41.522259	60.358068	522
306	2024-05-22 15:47:15.935149+00	2024-05-22 15:47:15.935187+00	\N	Qoshkopir,  Qoshkopir Tumani,  Xorazm viloyati	41.526946	60.362814	238
307	2024-05-22 16:18:44.741297+00	2024-05-22 16:18:44.741331+00	\N	Qoshkopir,  Qoshkopir Tumani,  Xorazm viloyati	41.522492	60.360579	526
308	2024-05-22 18:00:18.282996+00	2024-05-22 18:00:18.283032+00	\N	4P163,  Qoshkopir,  Qoshkopir Tumani	41.528783	60.338723	527
309	2024-05-22 18:00:18.998354+00	2024-05-22 18:00:18.998377+00	\N	maktab,  4P163,  Qoshkopir	41.521865	60.357879	143
310	2024-05-22 18:52:25.194224+00	2024-05-22 18:52:25.194263+00	\N	Qoshkopir,  Qoshkopir Tumani,  Xorazm viloyati	41.546008	60.339204	273
311	2024-05-23 06:34:23.048685+00	2024-05-23 06:34:23.04872+00	\N	4P163,  Qoshkopir,  Qoshkopir Tumani	41.51613	60.354419	13
312	2024-05-23 07:43:36.847834+00	2024-05-23 07:43:36.847868+00	\N	4P163,  Qoshkopir,  Qoshkopir Tumani	41.525128	60.351244	18
313	2024-05-23 08:24:22.994413+00	2024-05-23 08:24:22.994459+00	\N	Qoshkopir,  Qoshkopir Tumani,  Xorazm viloyati	41.523386	60.363844	534
314	2024-05-23 08:40:21.113738+00	2024-05-23 08:40:21.113773+00	\N	Qoshkopir,  Qoshkopir Tumani,  Xorazm viloyati	41.523378	60.363886	534
315	2024-05-23 12:35:10.645272+00	2024-05-23 12:35:10.645305+00	\N	Qoshkopir,  Qoshkopir Tumani,  Xorazm viloyati	41.526249	60.365718	535
316	2024-05-23 12:54:11.494264+00	2024-05-23 12:54:11.494292+00	\N	Qoshkopir,  Qoshkopir Tumani,  Xorazm viloyati	41.519198	60.35659	542
317	2024-05-23 12:54:23.678891+00	2024-05-23 12:54:23.67892+00	\N	4P165,  Qoshkopir,  Qoshkopir Tumani	41.531956	60.361137	175
318	2024-05-23 12:56:17.363561+00	2024-05-23 12:56:17.363596+00	\N	4P165,  Qoshkopir,  Qoshkopir Tumani	41.532668	60.348513	166
319	2024-05-23 13:11:20.792265+00	2024-05-23 13:11:20.79231+00	\N	Qoshkopir,  Qoshkopir Tumani,  Xorazm viloyati	41.526609	60.356193	65
320	2024-05-23 13:18:19.269743+00	2024-05-23 13:18:19.269776+00	\N	4P165,  Qoshkopir,  Qoshkopir Tumani	41.533187	60.355068	548
321	2024-05-23 13:37:45.649435+00	2024-05-23 13:37:45.649468+00	\N	Qoshkopir,  Qoshkopir Tumani,  Xorazm viloyati	41.523468	60.364097	552
322	2024-05-23 14:23:20.557834+00	2024-05-23 14:23:20.557882+00	\N	Qoshkopir,  Qoshkopir Tumani,  Xorazm viloyati	41.526128	60.36574	564
323	2024-05-23 14:50:44.361749+00	2024-05-23 14:50:44.36179+00	\N	Qoshkopir,  Qoshkopir Tumani,  Xorazm viloyati	41.526737	60.359622	417
324	2024-05-23 15:13:45.37362+00	2024-05-23 15:13:45.373664+00	\N	Qoshkopir,  Qoshkopir Tumani,  Xorazm viloyati	41.52688	60.357872	571
325	2024-05-23 15:25:01.994699+00	2024-05-23 15:25:01.994745+00	\N	Qoshkopir,  Qoshkopir Tumani,  Xorazm viloyati	41.536966	60.359214	223
326	2024-05-23 15:59:34.680866+00	2024-05-23 15:59:34.680902+00	\N	Qoshkopir,  Qoshkopir Tumani,  Xorazm viloyati	41.526858	60.3596	43
327	2024-05-23 16:00:45.86342+00	2024-05-23 16:00:45.863457+00	\N	4P165,  Qoshkopir,  Qoshkopir Tumani	41.530339	60.377657	574
328	2024-05-23 16:36:15.629788+00	2024-05-23 16:36:15.629836+00	\N	Qoshkopir,  Qoshkopir Tumani,  Xorazm viloyati	41.526442	60.362674	134
329	2024-05-23 17:01:52.992716+00	2024-05-23 17:01:52.99275+00	\N	Qoshkopir,  Qoshkopir Tumani,  Xorazm viloyati	41.528082	60.32396	584
330	2024-05-23 18:22:42.765826+00	2024-05-23 18:22:42.765862+00	\N	Qoshkopir,  Qoshkopir Tumani,  Xorazm viloyati	41.527701	60.361089	591
331	2024-05-23 18:38:48.895601+00	2024-05-23 18:38:48.895634+00	\N	Qoshkopir,  Qoshkopir Tumani,  Xorazm viloyati	41.539723	60.335009	592
332	2024-05-23 18:41:51.883588+00	2024-05-23 18:41:51.883639+00	\N	Qoshkopir,  Qoshkopir Tumani,  Xorazm viloyati	41.538009	60.327127	593
333	2024-05-23 19:00:10.388078+00	2024-05-23 19:00:10.388122+00	\N	Qoshkopir,  Qoshkopir Tumani,  Xorazm viloyati	41.546381	60.358797	595
334	2024-05-23 19:00:18.76866+00	2024-05-23 19:00:18.768698+00	\N	Xalq banki,  4P165,  Qoshkopir	41.531958	60.350834	595
335	2024-05-23 19:23:05.359947+00	2024-05-23 19:23:05.360008+00	\N	Qoshkopir,  Qoshkopir Tumani,  Xorazm viloyati	41.520972	60.361734	598
336	2024-05-24 04:30:11.148227+00	2024-05-24 04:30:11.14828+00	\N	Qoshkopir,  Qoshkopir Tumani,  Xorazm viloyati	41.528704	60.35289	612
337	2024-05-24 05:55:31.971684+00	2024-05-24 05:55:31.971721+00	\N	Qoshkopir,  Qoshkopir Tumani,  Xorazm viloyati	41.523845	60.358294	614
338	2024-05-24 05:55:59.80397+00	2024-05-24 05:55:59.804045+00	\N	maktab,  4P163,  Qoshkopir	41.522337	60.358498	614
339	2024-05-24 06:10:19.674913+00	2024-05-24 06:10:19.674949+00	\N	Qoshkopir,  Qoshkopir Tumani,  Xorazm viloyati	41.519185	60.349199	616
340	2024-05-24 06:27:33.343013+00	2024-05-24 06:27:33.343063+00	\N	Qoshkopir,  Qoshkopir Tumani,  Xorazm viloyati	41.51654	60.346428	182
341	2024-05-24 07:10:27.381893+00	2024-05-24 07:10:27.381944+00	\N	Qoshkopir,  Qoshkopir Tumani,  Xorazm viloyati	41.521509	60.362688	621
342	2024-05-24 08:11:57.319328+00	2024-05-24 08:11:57.319395+00	\N	Qoshkopir,  Qoshkopir Tumani,  Xorazm viloyati	41.527353	60.356221	343
343	2024-05-24 08:12:28.877274+00	2024-05-24 08:12:28.8773+00	\N	4P163,  Qoshkopir,  Qoshkopir Tumani	41.522545	60.354569	624
344	2024-05-24 08:17:08.010833+00	2024-05-24 08:17:08.010876+00	\N	Qoshkopir,  Qoshkopir Tumani,  Xorazm viloyati	41.529014	60.338652	16
345	2024-05-24 08:18:57.088858+00	2024-05-24 08:18:57.088912+00	\N	Qoshkopir,  Qoshkopir Tumani,  Xorazm viloyati	41.52773	60.345635	625
346	2024-05-24 08:42:55.895714+00	2024-05-24 08:42:55.895774+00	\N	Qoshkopir,  Qoshkopir Tumani,  Xorazm viloyati	41.546359	60.358499	627
347	2024-05-24 08:54:09.395724+00	2024-05-24 08:54:09.395779+00	\N	Qoshkopir,  Qoshkopir Tumani,  Xorazm viloyati	41.521315	60.371561	629
348	2024-05-24 09:00:00.326936+00	2024-05-24 09:00:00.326975+00	\N	4P165,  Qoshkopir,  Qoshkopir Tumani	41.53286	60.350987	630
349	2024-05-24 12:22:24.4378+00	2024-05-24 12:22:24.437835+00	\N	Qoshkopir,  Qoshkopir Tumani,  Xorazm viloyati	41.528397	60.361188	68
350	2024-05-25 07:28:10.120407+00	2024-05-25 07:28:10.120443+00	\N	частная клиника ООО «ИКБОЛ-ШИФО»,  32,  4P165	41.528561	60.362984	231
351	2024-05-25 12:35:01.020754+00	2024-05-25 12:35:01.0208+00	\N	Qoshkopir,  Qoshkopir Tumani,  Xorazm viloyati	41.528526	60.353025	144
352	2024-05-25 15:26:01.110192+00	2024-05-25 15:26:01.110225+00	\N	maktab,  4P165,  Qoshkopir	41.532454	60.353531	243
353	2024-05-26 17:51:59.685544+00	2024-05-26 17:51:59.685581+00	\N	Qoshkopir,  Qoshkopir Tumani,  Xorazm viloyati	41.525891	60.365676	644
354	2024-05-27 07:31:26.583193+00	2024-05-27 07:31:26.583216+00	\N	Qoshkopir,  Qoshkopir Tumani,  Xorazm viloyati	41.528983	60.33864	16
355	2024-05-27 08:22:19.105691+00	2024-05-27 08:22:19.105719+00	\N	Qoshkopir,  Qoshkopir Tumani,  Xorazm viloyati	41.526077	60.365744	564
356	2024-05-27 09:18:06.29427+00	2024-05-27 09:18:06.294297+00	\N	4P165,  Qoshkopir,  Qoshkopir Tumani	41.532583	60.351197	652
357	2024-05-27 11:01:39.012984+00	2024-05-27 11:01:39.013016+00	\N	4P165,  Qoshkopir,  Qoshkopir Tumani	41.532363	60.358104	509
358	2024-05-27 13:23:31.043735+00	2024-05-27 13:23:31.043798+00	\N	Qoshkopir,  Qoshkopir Tumani,  Xorazm viloyati	41.526085	60.362142	653
359	2024-05-27 13:53:27.455269+00	2024-05-27 13:53:27.455298+00	\N	4P163,  Qoshkopir,  Qoshkopir Tumani	41.522056	60.354034	653
360	2024-05-27 13:54:11.000146+00	2024-05-27 13:54:11.000187+00	\N	Qoshkopir,  Qoshkopir Tumani,  Xorazm viloyati	41.526029	60.362255	653
361	2024-05-27 15:01:19.84783+00	2024-05-27 15:01:19.847875+00	\N	Qoshkopir,  Qoshkopir Tumani,  Xorazm viloyati	41.529549	60.355669	654
362	2024-05-27 16:12:08.281616+00	2024-05-27 16:12:08.281658+00	\N	Qoshkopir,  Qoshkopir Tumani,  Xorazm viloyati	41.542246	60.336512	655
\.


--
-- Data for Name: auth_group; Type: TABLE DATA; Schema: public; Owner: chogirmali
--

COPY public.auth_group (id, name) FROM stdin;
\.


--
-- Data for Name: auth_group_permissions; Type: TABLE DATA; Schema: public; Owner: chogirmali
--

COPY public.auth_group_permissions (id, group_id, permission_id) FROM stdin;
\.


--
-- Data for Name: auth_permission; Type: TABLE DATA; Schema: public; Owner: chogirmali
--

COPY public.auth_permission (id, name, content_type_id, codename) FROM stdin;
1	Can add log entry	1	add_logentry
2	Can change log entry	1	change_logentry
3	Can delete log entry	1	delete_logentry
4	Can view log entry	1	view_logentry
5	Can add permission	2	add_permission
6	Can change permission	2	change_permission
7	Can delete permission	2	delete_permission
8	Can view permission	2	view_permission
9	Can add group	3	add_group
10	Can change group	3	change_group
11	Can delete group	3	delete_group
12	Can view group	3	view_group
13	Can add content type	4	add_contenttype
14	Can change content type	4	change_contenttype
15	Can delete content type	4	delete_contenttype
16	Can view content type	4	view_contenttype
17	Can add session	5	add_session
18	Can change session	5	change_session
19	Can delete session	5	delete_session
20	Can view session	5	view_session
21	Can add Мижоз	6	add_user
22	Can change Мижоз	6	change_user
23	Can delete Мижоз	6	delete_user
24	Can view Мижоз	6	view_user
25	Can add Манзил	7	add_address
26	Can change Манзил	7	change_address
27	Can delete Манзил	7	delete_address
28	Can view Манзил	7	view_address
29	Can add Категория	8	add_category
30	Can change Категория	8	change_category
31	Can delete Категория	8	delete_category
32	Can view Категория	8	view_category
33	Can add Маҳсулот	9	add_product
34	Can change Маҳсулот	9	change_product
35	Can delete Маҳсулот	9	delete_product
36	Can view Маҳсулот	9	view_product
37	Can add Буюртма	10	add_order
38	Can change Буюртма	10	change_order
39	Can delete Буюртма	10	delete_order
40	Can view Буюртма	10	view_order
41	Can add Буюртма маҳсулоти	11	add_orderproduct
42	Can change Буюртма маҳсулоти	11	change_orderproduct
43	Can delete Буюртма маҳсулоти	11	delete_orderproduct
44	Can view Буюртма маҳсулоти	11	view_orderproduct
45	Can add chat message	12	add_chatmessage
46	Can change chat message	12	change_chatmessage
47	Can delete chat message	12	delete_chatmessage
48	Can view chat message	12	view_chatmessage
\.


--
-- Data for Name: categories; Type: TABLE DATA; Schema: public; Owner: chogirmali
--

COPY public.categories (id, created_at, updated_at, deleted_at, title, external_id) FROM stdin;
3	2024-05-10 04:53:20.017066+00	2024-05-10 04:53:20.01709+00	\N	САЛАТЫ	\N
4	2024-05-10 04:54:33.884406+00	2024-05-10 04:54:33.884425+00	\N	СУПЫ	\N
5	2024-05-10 04:54:50.75886+00	2024-05-10 04:54:50.758885+00	\N	ГОРЯЧИЙ БЛЮДА	\N
6	2024-05-10 04:55:05.038774+00	2024-05-10 04:55:05.038811+00	\N	ФАСТ ФУД	\N
7	2024-05-10 04:55:20.341465+00	2024-05-10 04:55:20.341494+00	\N	ПИЦЦА	\N
8	2024-05-10 04:56:06.306877+00	2024-05-10 04:56:06.306902+00	\N	ДЕСЕРТЫ	\N
9	2024-05-10 04:56:34.119262+00	2024-05-10 04:56:34.11929+00	\N	Хлеб	\N
10	2024-05-10 04:56:54.985972+00	2024-05-10 04:56:54.985998+00	\N	Гарниры	\N
11	2024-05-10 04:57:15.92766+00	2024-05-10 04:57:15.927682+00	\N	Соуса	\N
12	2024-05-10 04:57:56.508728+00	2024-05-10 04:57:56.508752+00	\N	Холодные напитки	\N
\.


--
-- Data for Name: chat_messages; Type: TABLE DATA; Schema: public; Owner: chogirmali
--

COPY public.chat_messages (id, created_at, updated_at, deleted_at, chat_id, message_id, order_id) FROM stdin;
1	2024-05-09 12:40:32.421072+00	2024-05-09 12:40:32.421108+00	\N	-4202646818	689	1
2	2024-05-09 12:43:28.299109+00	2024-05-09 12:43:28.29914+00	\N	-4202646818	709	2
3	2024-05-09 12:45:11.78973+00	2024-05-09 12:45:11.789765+00	\N	-4202646818	714	3
4	2024-05-09 18:27:41.511782+00	2024-05-09 18:27:41.511808+00	\N	-4202646818	729	4
5	2024-05-09 18:41:11.217637+00	2024-05-09 18:41:11.21766+00	\N	-4202646818	744	5
6	2024-05-09 20:14:47.16331+00	2024-05-09 20:14:47.163338+00	\N	-4202646818	760	6
7	2024-05-10 08:32:01.433067+00	2024-05-10 08:32:01.433093+00	\N	-4202646818	809	7
8	2024-05-10 08:43:51.287411+00	2024-05-10 08:43:51.287437+00	\N	-4202646818	823	8
9	2024-05-10 08:46:47.841289+00	2024-05-10 08:46:47.841317+00	\N	-4202646818	828	9
10	2024-05-10 09:11:29.734934+00	2024-05-10 09:11:29.734976+00	\N	-4202646818	842	10
11	2024-05-10 09:27:28.110335+00	2024-05-10 09:27:28.110361+00	\N	-4202646818	854	11
12	2024-05-10 10:53:24.750856+00	2024-05-10 10:53:24.750894+00	\N	-4202646818	871	12
13	2024-05-10 11:21:09.293531+00	2024-05-10 11:21:09.293561+00	\N	-4202646818	891	13
14	2024-05-10 14:15:09.368965+00	2024-05-10 14:15:09.369+00	\N	-4202646818	930	14
15	2024-05-10 15:10:15.841408+00	2024-05-10 15:10:15.841438+00	\N	-4202646818	941	15
16	2024-05-11 05:21:14.115165+00	2024-05-11 05:21:14.115187+00	\N	-4202646818	1023	16
17	2024-05-11 07:17:57.987706+00	2024-05-11 07:17:57.987743+00	\N	-4202646818	1039	17
18	2024-05-11 08:59:08.972842+00	2024-05-11 08:59:08.97288+00	\N	-4202646818	1097	18
19	2024-05-11 13:07:40.993957+00	2024-05-11 13:07:40.993984+00	\N	-4202646818	1173	19
20	2024-05-11 16:56:52.041892+00	2024-05-11 16:56:52.041916+00	\N	-4202646818	1381	20
21	2024-05-11 17:48:55.775945+00	2024-05-11 17:48:55.775972+00	\N	-4202646818	1669	21
22	2024-05-11 18:26:26.374233+00	2024-05-11 18:26:26.374261+00	\N	-4202646818	1809	22
23	2024-05-11 19:37:40.58043+00	2024-05-11 19:37:40.580453+00	\N	-4202646818	1990	23
24	2024-05-12 06:24:25.058862+00	2024-05-12 06:24:25.05889+00	\N	-4202646818	2287	24
25	2024-05-12 07:30:10.734963+00	2024-05-12 07:30:10.735012+00	\N	-4202646818	2374	25
26	2024-05-12 08:14:27.581068+00	2024-05-12 08:14:27.5811+00	\N	-4202646818	2511	26
27	2024-05-12 08:46:56.836162+00	2024-05-12 08:46:56.83619+00	\N	-4202646818	2583	27
28	2024-05-12 09:14:15.681742+00	2024-05-12 09:14:15.681773+00	\N	-4202646818	2649	28
29	2024-05-12 09:54:37.682159+00	2024-05-12 09:54:37.682204+00	\N	-4202646818	2685	29
30	2024-05-12 10:01:20.262221+00	2024-05-12 10:01:20.262254+00	\N	-4202646818	2707	30
31	2024-05-12 11:38:43.335108+00	2024-05-12 11:38:43.335133+00	\N	-4202646818	2837	31
32	2024-05-12 12:13:34.350277+00	2024-05-12 12:13:34.350318+00	\N	-4202646818	2875	32
33	2024-05-12 12:22:33.753624+00	2024-05-12 12:22:33.753651+00	\N	-4202646818	2920	33
34	2024-05-12 14:58:34.029368+00	2024-05-12 14:58:34.029397+00	\N	-4202646818	3087	34
35	2024-05-12 14:59:57.877525+00	2024-05-12 14:59:57.877548+00	\N	-4202646818	3089	35
36	2024-05-12 17:00:59.525899+00	2024-05-12 17:00:59.52593+00	\N	-4202646818	3407	36
37	2024-05-12 18:10:37.528963+00	2024-05-12 18:10:37.528997+00	\N	-4202646818	3633	37
38	2024-05-12 18:39:38.929784+00	2024-05-12 18:39:38.92982+00	\N	-4202646818	3722	38
39	2024-05-13 06:38:28.467748+00	2024-05-13 06:38:28.467773+00	\N	-4202646818	4020	39
40	2024-05-13 07:01:21.246951+00	2024-05-13 07:01:21.246976+00	\N	-4202646818	4048	40
41	2024-05-13 07:18:53.787524+00	2024-05-13 07:18:53.787562+00	\N	-4202646818	4090	41
42	2024-05-13 07:55:09.408318+00	2024-05-13 07:55:09.408342+00	\N	-4202646818	4177	42
43	2024-05-13 08:02:47.869221+00	2024-05-13 08:02:47.869252+00	\N	-4202646818	4191	43
44	2024-05-13 13:18:18.411351+00	2024-05-13 13:18:18.41138+00	\N	-4202646818	4418	44
45	2024-05-13 13:30:18.30686+00	2024-05-13 13:30:18.306882+00	\N	-4202646818	4442	45
46	2024-05-13 15:21:23.005908+00	2024-05-13 15:21:23.00594+00	\N	-4202646818	4530	46
47	2024-05-13 16:28:23.561573+00	2024-05-13 16:28:23.561597+00	\N	-4202646818	4556	47
48	2024-05-13 19:35:34.389252+00	2024-05-13 19:35:34.38928+00	\N	-4202646818	4594	48
49	2024-05-13 20:00:15.444219+00	2024-05-13 20:00:15.444262+00	\N	-4202646818	4613	49
50	2024-05-14 06:51:25.540505+00	2024-05-14 06:51:25.540538+00	\N	-4202646818	4718	51
51	2024-05-14 08:05:49.204493+00	2024-05-14 08:05:49.204532+00	\N	-4202646818	4732	54
52	2024-05-14 11:43:16.063394+00	2024-05-14 11:43:16.063427+00	\N	-4202646818	4872	66
53	2024-05-14 11:44:54.330135+00	2024-05-14 11:44:54.330156+00	\N	-4202646818	4876	67
54	2024-05-14 11:56:12.383331+00	2024-05-14 11:56:12.383357+00	\N	-4202646818	4877	75
55	2024-05-14 12:01:02.832017+00	2024-05-14 12:01:02.832051+00	\N	-4202646818	4880	77
56	2024-05-14 12:11:43.535716+00	2024-05-14 12:11:43.535738+00	\N	-4202646818	4895	82
57	2024-05-14 12:14:45.91063+00	2024-05-14 12:14:45.910656+00	\N	-4202646818	4897	84
58	2024-05-14 14:10:53.730487+00	2024-05-14 14:10:53.730541+00	\N	-4202646818	4920	85
59	2024-05-14 14:38:51.102732+00	2024-05-14 14:38:51.102765+00	\N	-4202646818	4955	86
60	2024-05-14 16:51:37.493206+00	2024-05-14 16:51:37.49323+00	\N	-4202646818	4989	88
61	2024-05-15 05:44:58.521669+00	2024-05-15 05:44:58.521705+00	\N	-4202646818	5023	89
62	2024-05-15 07:35:51.972699+00	2024-05-15 07:35:51.972729+00	\N	-4202646818	5047	90
63	2024-05-15 07:55:45.857156+00	2024-05-15 07:55:45.857178+00	\N	-4202646818	5064	91
64	2024-05-15 09:59:32.71285+00	2024-05-15 09:59:32.712874+00	\N	-4202646818	5086	92
65	2024-05-15 13:03:00.663559+00	2024-05-15 13:03:00.66359+00	\N	-4202646818	5099	94
66	2024-05-15 15:11:00.961239+00	2024-05-15 15:11:00.961264+00	\N	-4202646818	5130	95
67	2024-05-15 18:58:16.777333+00	2024-05-15 18:58:16.777368+00	\N	-4202646818	5184	97
68	2024-05-16 06:41:36.173338+00	2024-05-16 06:41:36.173371+00	\N	-4202646818	5248	99
69	2024-05-16 07:33:00.190686+00	2024-05-16 07:33:00.19071+00	\N	-4202646818	5259	100
70	2024-05-16 07:45:18.946085+00	2024-05-16 07:45:18.946109+00	\N	-4202646818	5262	101
71	2024-05-17 06:52:24.436019+00	2024-05-17 06:52:24.43606+00	\N	-4202646818	7123	105
72	2024-05-17 08:25:34.923369+00	2024-05-17 08:25:34.923392+00	\N	-4202646818	7140	107
73	2024-05-17 08:30:12.487371+00	2024-05-17 08:30:12.487396+00	\N	-4202646818	7156	108
74	2024-05-17 09:11:51.092825+00	2024-05-17 09:11:51.092857+00	\N	-4202646818	7182	109
75	2024-05-17 13:57:15.43365+00	2024-05-17 13:57:15.433683+00	\N	-4202646818	7223	110
76	2024-05-17 14:33:49.986233+00	2024-05-17 14:33:49.986258+00	\N	-4202646818	7253	111
77	2024-05-17 14:40:05.633767+00	2024-05-17 14:40:05.633799+00	\N	-4202646818	7258	112
78	2024-05-17 16:43:46.739203+00	2024-05-17 16:43:46.739237+00	\N	-4202646818	7288	113
79	2024-05-17 16:55:48.822769+00	2024-05-17 16:55:48.822793+00	\N	-4202646818	7298	114
80	2024-05-17 18:00:31.675415+00	2024-05-17 18:00:31.675449+00	\N	-4202646818	7305	115
81	2024-05-18 05:36:38.306519+00	2024-05-18 05:36:38.306718+00	\N	-4202646818	7315	116
82	2024-05-18 06:21:19.516453+00	2024-05-18 06:21:19.516478+00	\N	-4202646818	7330	117
83	2024-05-18 07:38:34.11064+00	2024-05-18 07:38:34.110663+00	\N	-4202646818	7341	118
84	2024-05-18 07:59:53.481589+00	2024-05-18 07:59:53.481621+00	\N	-4202646818	7355	119
85	2024-05-18 08:50:16.769684+00	2024-05-18 08:50:16.769713+00	\N	-4202646818	7363	120
86	2024-05-18 10:38:30.607059+00	2024-05-18 10:38:30.607082+00	\N	-4202646818	7390	121
87	2024-05-18 11:40:13.346035+00	2024-05-18 11:40:13.346063+00	\N	-4202646818	7409	122
88	2024-05-18 12:36:20.880229+00	2024-05-18 12:36:20.880252+00	\N	-4202646818	7422	123
89	2024-05-18 12:59:37.132107+00	2024-05-18 12:59:37.132134+00	\N	-4202646818	7426	124
90	2024-05-18 13:42:06.100189+00	2024-05-18 13:42:06.100222+00	\N	-4202646818	7456	125
91	2024-05-19 10:41:14.270827+00	2024-05-19 10:41:14.270863+00	\N	-4202646818	7577	126
92	2024-05-19 12:11:55.345712+00	2024-05-19 12:11:55.345742+00	\N	-4202646818	7612	127
93	2024-05-19 12:12:42.378826+00	2024-05-19 12:12:42.378862+00	\N	-4202646818	7614	128
94	2024-05-19 14:13:46.069668+00	2024-05-19 14:13:46.069689+00	\N	-4202646818	7647	129
95	2024-05-19 15:24:37.107895+00	2024-05-19 15:24:37.107937+00	\N	-4202646818	7666	130
96	2024-05-19 20:50:24.475921+00	2024-05-19 20:50:24.475952+00	\N	-4202646818	7703	131
97	2024-05-20 06:40:50.942138+00	2024-05-20 06:40:50.942169+00	\N	-4202646818	7705	132
98	2024-05-20 10:29:51.451515+00	2024-05-20 10:29:51.451544+00	\N	-4202646818	7734	134
99	2024-05-20 14:47:00.986484+00	2024-05-20 14:47:00.986509+00	\N	-4202646818	7810	135
100	2024-05-20 15:32:50.903057+00	2024-05-20 15:32:50.903083+00	\N	-4202646818	7826	136
101	2024-05-21 04:11:12.737989+00	2024-05-21 04:11:12.73801+00	\N	-4202646818	7862	137
102	2024-05-21 07:22:23.390181+00	2024-05-21 07:22:23.39021+00	\N	-4202646818	7874	138
103	2024-05-21 13:55:50.004418+00	2024-05-21 13:55:50.004504+00	\N	-4202646818	7895	139
104	2024-05-21 13:58:10.941298+00	2024-05-21 13:58:10.941323+00	\N	-4202646818	7905	140
105	2024-05-21 18:44:49.018262+00	2024-05-21 18:44:49.018294+00	\N	-4202646818	7920	141
106	2024-05-22 08:32:04.72456+00	2024-05-22 08:32:04.724584+00	\N	-4202646818	7952	149
107	2024-05-22 08:33:33.856892+00	2024-05-22 08:33:33.856922+00	\N	-4202646818	7957	150
108	2024-05-22 10:56:12.520968+00	2024-05-22 10:56:12.521014+00	\N	-4202646818	7969	151
109	2024-05-22 11:40:17.475465+00	2024-05-22 11:40:17.475497+00	\N	-4202646818	7977	152
110	2024-05-22 15:48:00.39597+00	2024-05-22 15:48:00.396021+00	\N	-4202646818	7992	153
111	2024-05-22 16:23:32.359612+00	2024-05-22 16:23:32.359641+00	\N	-4202646818	8006	154
112	2024-05-22 17:24:34.629776+00	2024-05-22 17:24:34.62981+00	\N	-4202646818	8016	155
113	2024-05-22 18:00:39.523018+00	2024-05-22 18:00:39.523046+00	\N	-4202646818	8047	158
114	2024-05-22 18:01:42.134474+00	2024-05-22 18:01:42.134499+00	\N	-4202646818	8049	159
115	2024-05-23 07:16:03.061492+00	2024-05-23 07:16:03.06152+00	\N	-4202646818	8105	165
116	2024-05-23 07:44:19.313834+00	2024-05-23 07:44:19.313859+00	\N	-4202646818	8116	167
117	2024-05-23 12:25:03.162868+00	2024-05-23 12:25:03.162892+00	\N	-4202646818	8144	171
118	2024-05-23 14:52:06.344411+00	2024-05-23 14:52:06.344439+00	\N	-4202646818	8496	172
119	2024-05-23 15:16:29.637596+00	2024-05-23 15:16:29.637628+00	\N	-4202646818	8524	173
120	2024-05-23 15:17:48.296647+00	2024-05-23 15:17:48.296671+00	\N	-4202646818	8526	174
121	2024-05-23 16:37:02.281109+00	2024-05-23 16:37:02.281131+00	\N	-4202646818	8665	175
122	2024-05-23 18:49:21.410307+00	2024-05-23 18:49:21.410353+00	\N	-4202646818	8802	176
123	2024-05-24 04:39:10.812766+00	2024-05-24 04:39:10.812794+00	\N	-4202646818	8986	177
124	2024-05-24 05:58:30.154545+00	2024-05-24 05:58:30.154571+00	\N	-4202646818	9019	178
125	2024-05-24 06:27:24.231041+00	2024-05-24 06:27:24.231064+00	\N	-4202646818	9043	179
126	2024-05-24 06:30:01.890754+00	2024-05-24 06:30:01.890792+00	\N	-4202646818	9051	180
127	2024-05-24 09:14:22.846123+00	2024-05-24 09:14:22.846151+00	\N	-4202646818	9233	182
128	2024-05-27 03:32:30.864956+00	2024-05-27 03:32:30.865+00	\N	-4202646818	10078	206
129	2024-05-27 06:39:21.918399+00	2024-05-27 06:39:21.918458+00	\N	-4202646818	10187	207
130	2024-05-27 08:25:43.720608+00	2024-05-27 08:25:43.720651+00	\N	-4202646818	10798	209
131	2024-05-27 09:13:03.516574+00	2024-05-27 09:13:03.516624+00	\N	-4202646818	10816	211
132	2024-05-27 09:20:53.484848+00	2024-05-27 09:20:53.48489+00	\N	-4202646818	10823	213
133	2024-05-27 10:02:55.537227+00	2024-05-27 10:02:55.537273+00	\N	-4202646818	10828	214
134	2024-05-27 10:04:24.683885+00	2024-05-27 10:04:24.683929+00	\N	-4202646818	10829	215
135	2024-05-27 10:13:00.148829+00	2024-05-27 10:13:00.14889+00	\N	-4202646818	10834	216
136	2024-05-27 11:18:00.640696+00	2024-05-27 11:18:00.640738+00	\N	-4202646818	10852	217
137	2024-05-27 11:33:26.472204+00	2024-05-27 11:33:26.472264+00	\N	-4202646818	10856	218
138	2024-05-27 11:38:52.453757+00	2024-05-27 11:38:52.453788+00	\N	-4202646818	10857	219
139	2024-05-27 11:40:01.853562+00	2024-05-27 11:40:01.853617+00	\N	-4202646818	10858	220
140	2024-05-27 13:53:22.563548+00	2024-05-27 13:53:22.56361+00	\N	-4202646818	10915	222
141	2024-05-27 16:15:43.501404+00	2024-05-27 16:15:43.501459+00	\N	-4202646818	10945	225
\.


--
-- Data for Name: django_admin_log; Type: TABLE DATA; Schema: public; Owner: chogirmali
--

COPY public.django_admin_log (id, action_time, object_id, object_repr, action_flag, change_message, content_type_id, user_id) FROM stdin;
1	2024-05-09 11:29:03.716224+00	2	(+998947094575)	3		6	1
2	2024-05-09 12:22:52.566804+00	1	Ichimliklar	1	[{"added": {}}]	8	1
3	2024-05-09 12:23:01.074709+00	2	Taomlar	1	[{"added": {}}]	8	1
4	2024-05-09 12:23:45.303682+00	1	Osh	1	[{"added": {}}]	9	1
5	2024-05-09 12:24:21.507239+00	2	Pepsi razliv	1	[{"added": {}}]	9	1
6	2024-05-10 04:53:20.018436+00	3	САЛАТЫ	1	[{"added": {}}]	8	1
7	2024-05-10 04:54:07.933266+00	2	Taomlar	3		8	1
8	2024-05-10 04:54:07.953053+00	1	Ichimliklar	3		8	1
9	2024-05-10 04:54:33.885429+00	4	СУПЫ	1	[{"added": {}}]	8	1
10	2024-05-10 04:54:50.761211+00	5	ГОРЯЧИЙ БЛЮДА	1	[{"added": {}}]	8	1
11	2024-05-10 04:55:05.039874+00	6	ФАСТ ФУД	1	[{"added": {}}]	8	1
12	2024-05-10 04:55:20.343079+00	7	ПИЦЦА	1	[{"added": {}}]	8	1
13	2024-05-10 04:56:06.307969+00	8	ДЕСЕРТЫ	1	[{"added": {}}]	8	1
14	2024-05-10 04:56:34.120609+00	9	Хлеб	1	[{"added": {}}]	8	1
15	2024-05-10 04:56:54.986963+00	10	Гарниры	1	[{"added": {}}]	8	1
16	2024-05-10 04:57:15.928753+00	11	Соуса	1	[{"added": {}}]	8	1
17	2024-05-10 04:57:56.509766+00	12	Холодные напитки	1	[{"added": {}}]	8	1
18	2024-05-10 04:59:18.794401+00	3	Свежей салат	1	[{"added": {}}]	9	1
19	2024-05-10 05:01:14.949346+00	4	стейк салат	1	[{"added": {}}]	9	1
20	2024-05-10 05:01:54.961848+00	3	Свежей салат	2	[{"changed": {"fields": ["\\u041d\\u0430\\u0440\\u0445\\u0438"]}}]	9	1
21	2024-05-10 05:02:20.475066+00	5	хрустящий баклажан	1	[{"added": {}}]	9	1
22	2024-05-10 05:02:49.322908+00	6	Салат цезарь	1	[{"added": {}}]	9	1
23	2024-05-10 05:03:12.18819+00	7	Салат с языком	1	[{"added": {}}]	9	1
24	2024-05-10 05:03:55.506595+00	8	Том ям	1	[{"added": {}}]	9	1
25	2024-05-10 05:04:17.320651+00	9	Суп чечевичный	1	[{"added": {}}]	9	1
26	2024-05-10 05:04:54.275429+00	10	Тущенка	1	[{"added": {}}]	9	1
27	2024-05-10 05:05:22.831138+00	11	Бифстрогонов	1	[{"added": {}}]	9	1
28	2024-05-10 05:09:24.392042+00	12	Филе миньион	1	[{"added": {}}]	9	1
29	2024-05-10 05:15:01.257211+00	13	Стейк рыбай	1	[{"added": {}}]	9	1
30	2024-05-10 05:15:34.279575+00	14	Биф чиз	1	[{"added": {}}]	9	1
31	2024-05-10 05:34:49.748636+00	15	Паста Альфредо	1	[{"added": {}}]	9	1
32	2024-05-10 06:10:02.557848+00	16	Маргарита	1	[{"added": {}}]	9	1
33	2024-05-10 06:10:47.595878+00	17	Куриная пицца	1	[{"added": {}}]	9	1
34	2024-05-10 06:12:54.927102+00	18	Стейк пицца	1	[{"added": {}}]	9	1
35	2024-05-10 06:14:01.543028+00	19	Пицца 4 сыра	1	[{"added": {}}]	9	1
36	2024-05-10 06:14:26.693124+00	20	Пицца пепперони	1	[{"added": {}}]	9	1
37	2024-05-10 06:14:59.240224+00	21	Витчина грибы	1	[{"added": {}}]	9	1
38	2024-05-10 06:15:23.223564+00	22	Диябло пицца	1	[{"added": {}}]	9	1
39	2024-05-10 06:25:26.142178+00	23	Тандыр Лаваш	1	[{"added": {}}]	9	1
40	2024-05-10 06:25:53.197418+00	24	Лаваш	1	[{"added": {}}]	9	1
41	2024-05-10 06:26:30.473766+00	25	Чикен бургер	1	[{"added": {}}]	9	1
42	2024-05-10 06:26:57.934032+00	26	Бургер 2Х	1	[{"added": {}}]	9	1
43	2024-05-10 06:27:16.724197+00	27	Бургер	1	[{"added": {}}]	9	1
44	2024-05-10 06:28:15.928655+00	28	Бургер Премиум	1	[{"added": {}}]	9	1
45	2024-05-12 06:53:37.972786+00	29	Чизкейк шоколадны	1	[{"added": {}}]	9	1
46	2024-05-12 06:57:08.465044+00	30	Чизкейк классика	1	[{"added": {}}]	9	1
47	2024-05-12 06:59:34.321634+00	31	Сан Себастиан	1	[{"added": {}}]	9	1
48	2024-05-12 07:00:57.232985+00	32	Медовик	1	[{"added": {}}]	9	1
49	2024-05-12 07:04:08.248386+00	33	Шоколфдный фондом	1	[{"added": {}}]	9	1
50	2024-05-12 07:10:18.507145+00	34	Вафли банан	1	[{"added": {}}]	9	1
51	2024-05-12 07:12:04.4889+00	35	Вафли киви	1	[{"added": {}}]	9	1
52	2024-05-12 07:13:30.580874+00	36	Вафли клубника	1	[{"added": {}}]	9	1
53	2024-05-12 07:15:20.287274+00	37	Вафли микс	1	[{"added": {}}]	9	1
54	2024-05-12 07:16:41.62611+00	38	Вафли бершя	1	[{"added": {}}]	9	1
55	2024-05-12 07:19:41.602984+00	39	Гонконг микс	1	[{"added": {}}]	9	1
56	2024-05-12 07:21:40.909303+00	40	Монго Мускаймок	1	[{"added": {}}]	9	1
57	2024-05-12 07:23:36.863279+00	41	Банан Мускаймок	1	[{"added": {}}]	9	1
58	2024-05-12 07:25:18.424749+00	42	Фисташка Мускаймок	1	[{"added": {}}]	9	1
59	2024-05-14 11:21:20.632975+00	34	Вафли банан	2	[{"changed": {"fields": ["\\u041a\\u0430\\u0442\\u0435\\u0433\\u043e\\u0440\\u0438\\u044f"]}}]	9	1
60	2024-05-14 11:24:05.579374+00	18	Напитки	3		8	1
61	2024-05-14 11:24:05.591537+00	17	Салаты	3		8	1
62	2024-05-14 11:24:05.595848+00	16	Shashlik	3		8	1
63	2024-05-14 11:24:05.598811+00	15	Второе	3		8	1
64	2024-05-14 11:24:05.601675+00	14	Хол закус	3		8	1
65	2024-05-14 11:24:05.604486+00	13	Первое	3		8	1
66	2024-05-14 11:25:12.080275+00	42	Фисташка Музкаймок	2	[{"changed": {"fields": ["\\u041d\\u043e\\u043c\\u0438"]}}]	9	1
67	2024-05-14 11:25:22.154322+00	41	Банан Музкаймок	2	[{"changed": {"fields": ["\\u041d\\u043e\\u043c\\u0438"]}}]	9	1
68	2024-05-14 11:25:30.283688+00	40	Монго Музкаймок	2	[{"changed": {"fields": ["\\u041d\\u043e\\u043c\\u0438"]}}]	9	1
69	2024-05-26 16:22:40.401579+00	3	(+998947094575)	2	[{"changed": {"fields": ["\\u0411\\u043b\\u043e\\u043a\\u043b\\u0430\\u0448"]}}]	6	1
70	2024-05-26 16:44:08.866131+00	3	(+998947094575)	2	[{"changed": {"fields": ["\\u0411\\u043b\\u043e\\u043a\\u043b\\u0430\\u0448"]}}]	6	1
71	2024-05-27 05:31:49.468178+00	3	(+998947094575)	2	[{"changed": {"fields": ["\\u0411\\u043b\\u043e\\u043a\\u043b\\u0430\\u0448"]}}]	6	1
72	2024-05-27 05:31:57.372318+00	1	(qoshkopiravtosavdo)	2	[{"changed": {"fields": ["\\u0411\\u043b\\u043e\\u043a\\u043b\\u0430\\u0448"]}}]	6	1
\.


--
-- Data for Name: django_content_type; Type: TABLE DATA; Schema: public; Owner: chogirmali
--

COPY public.django_content_type (id, app_label, model) FROM stdin;
1	admin	logentry
2	auth	permission
3	auth	group
4	contenttypes	contenttype
5	sessions	session
6	users	user
7	users	address
8	shop	category
9	shop	product
10	shop	order
11	shop	orderproduct
12	shop	chatmessage
\.


--
-- Data for Name: django_migrations; Type: TABLE DATA; Schema: public; Owner: chogirmali
--

COPY public.django_migrations (id, app, name, applied) FROM stdin;
1	contenttypes	0001_initial	2024-05-09 10:59:51.936929+00
2	contenttypes	0002_remove_content_type_name	2024-05-09 10:59:51.94965+00
3	auth	0001_initial	2024-05-09 10:59:52.23472+00
4	auth	0002_alter_permission_name_max_length	2024-05-09 10:59:52.247064+00
5	auth	0003_alter_user_email_max_length	2024-05-09 10:59:52.255098+00
6	auth	0004_alter_user_username_opts	2024-05-09 10:59:52.264213+00
7	auth	0005_alter_user_last_login_null	2024-05-09 10:59:52.272103+00
8	auth	0006_require_contenttypes_0002	2024-05-09 10:59:52.276137+00
9	auth	0007_alter_validators_add_error_messages	2024-05-09 10:59:52.28773+00
10	auth	0008_alter_user_username_max_length	2024-05-09 10:59:52.296405+00
11	auth	0009_alter_user_last_name_max_length	2024-05-09 10:59:52.305508+00
12	auth	0010_alter_group_name_max_length	2024-05-09 10:59:52.314365+00
13	auth	0011_update_proxy_permissions	2024-05-09 10:59:52.321442+00
14	auth	0012_alter_user_first_name_max_length	2024-05-09 10:59:52.330602+00
15	users	0001_initial	2024-05-09 10:59:52.734944+00
16	admin	0001_initial	2024-05-09 10:59:52.851277+00
17	admin	0002_logentry_remove_auto_add	2024-05-09 10:59:52.868835+00
18	admin	0003_logentry_add_action_flag_choices	2024-05-09 10:59:52.878954+00
19	sessions	0001_initial	2024-05-09 10:59:52.993213+00
20	users	0002_address_remove_user_latitude_remove_user_longitude	2024-05-09 10:59:53.066119+00
21	users	0003_address_user	2024-05-09 10:59:53.092318+00
22	users	0004_remove_user_username	2024-05-09 10:59:53.109797+00
23	users	0005_user_username	2024-05-09 10:59:53.122611+00
24	users	0006_alter_user_username	2024-05-09 10:59:53.187102+00
25	users	0007_remove_user_is_active_user_is_blocked_and_more	2024-05-09 10:59:53.208543+00
26	users	0008_alter_address_latitude_alter_address_longitude_and_more	2024-05-09 10:59:53.251884+00
27	users	0009_alter_address_options_alter_user_options_and_more	2024-05-09 10:59:53.34682+00
28	shop	0001_initial	2024-05-09 10:59:53.533768+00
29	shop	0002_alter_productimage_product	2024-05-09 10:59:53.546887+00
30	shop	0003_alter_product_quantity_cartitem	2024-05-09 10:59:53.633652+00
31	shop	0004_alter_cartitem_count	2024-05-09 10:59:53.652698+00
32	shop	0005_order_orderproduct	2024-05-09 10:59:53.817763+00
33	shop	0006_alter_orderproduct_options_remove_orderproduct_price_and_more	2024-05-09 10:59:53.874523+00
34	shop	0007_remove_category_description_and_more	2024-05-09 10:59:53.884717+00
35	shop	0008_order_address_order_secondary_phone_number	2024-05-09 10:59:53.91848+00
36	shop	0009_alter_product_discount_percentage	2024-05-09 10:59:53.925798+00
37	shop	0010_alter_order_status	2024-05-09 10:59:53.937879+00
38	shop	0011_remove_category_image	2024-05-09 10:59:53.943831+00
39	shop	0012_remove_productimage_product_alter_category_options_and_more	2024-05-09 10:59:54.155383+00
40	shop	0013_alter_order_delivery_type	2024-05-09 10:59:54.170823+00
41	shop	0014_chatmessage	2024-05-09 10:59:54.212175+00
42	users	0010_user_full_name	2024-05-09 10:59:54.225538+00
43	shop	0015_category_external_id_product_external_id	2024-05-14 10:34:12.822869+00
\.


--
-- Data for Name: django_session; Type: TABLE DATA; Schema: public; Owner: chogirmali
--

COPY public.django_session (session_key, session_data, expire_date) FROM stdin;
82admwzkc3qak6ruzmk7h122ld2dtanu	.eJxVjMsOwiAQRf-FtSHDQx4u3fsNZIBBqgaS0q6M_26bdKHbe865bxZwXWpYB81hyuzCBDv9bhHTk9oO8gPbvfPU2zJPke8KP-jgt57pdT3cv4OKo261kRqBEmUnwSh1hlSK1gXISg1Re-uNtRayISVNIuWE31SEKIUDzMg-X8ppNzg:1s51o3:gIPV3BRjv8BLF1MHA34uRU98HZWAUqSOkwbiu01hAMU	2024-05-23 11:19:23.635809+00
ol50rvv4tlwteszzjv3udmoaokp2pwfx	.eJxVjMsOwiAQRf-FtSHDQx4u3fsNZIBBqgaS0q6M_26bdKHbe865bxZwXWpYB81hyuzCBDv9bhHTk9oO8gPbvfPU2zJPke8KP-jgt57pdT3cv4OKo261kRqBEmUnwSh1hlSK1gXISg1Re-uNtRayISVNIuWE31SEKIUDzMg-X8ppNzg:1s5IE0:7JZehWVRYRY0ePYUMnGZ7gUUI76n5L7vULmoqiJoCZo	2024-05-24 04:51:16.182509+00
ulx52p1anas15et5af9fcjcff63oc1fd	.eJxVjMsOwiAQRf-FtSHDQx4u3fsNZIBBqgaS0q6M_26bdKHbe865bxZwXWpYB81hyuzCBDv9bhHTk9oO8gPbvfPU2zJPke8KP-jgt57pdT3cv4OKo261kRqBEmUnwSh1hlSK1gXISg1Re-uNtRayISVNIuWE31SEKIUDzMg-X8ppNzg:1s5mSd:Q_08IC5bCgoMMFiZOqu93MAGYnpcgR2gV1q8LoOgcYY	2024-05-25 13:08:23.023684+00
m4ua5z0ev3ngla4ge63zc0fmuuo3s6bl	.eJxVjMsOwiAQRf-FtSHDQx4u3fsNZIBBqgaS0q6M_26bdKHbe865bxZwXWpYB81hyuzCBDv9bhHTk9oO8gPbvfPU2zJPke8KP-jgt57pdT3cv4OKo261kRqBEmUnwSh1hlSK1gXISg1Re-uNtRayISVNIuWE31SEKIUDzMg-X8ppNzg:1s6Nu8:J77yP6yZ0evJ4AOqqbs9U0mbmta0LyVvBIalQEdAKvI	2024-05-27 05:07:16.196284+00
oz38xl8uu7qljnm2n5xqcwwujnj828uw	.eJxVjMsOwiAQRf-FtSHDQx4u3fsNZIBBqgaS0q6M_26bdKHbe865bxZwXWpYB81hyuzCBDv9bhHTk9oO8gPbvfPU2zJPke8KP-jgt57pdT3cv4OKo261kRqBEmUnwSh1hlSK1gXISg1Re-uNtRayISVNIuWE31SEKIUDzMg-X8ppNzg:1s6QXf:x5YNrn_kWj6j3rhMh3ZNxzU_O3Svj2n50emqeIPM2J4	2024-05-27 07:56:15.723728+00
sspw7q7ya23n62qsbi5h7vf4mzr1ei27	.eJxVjMsOwiAQRf-FtSHDQx4u3fsNZIBBqgaS0q6M_26bdKHbe865bxZwXWpYB81hyuzCBDv9bhHTk9oO8gPbvfPU2zJPke8KP-jgt57pdT3cv4OKo261kRqBEmUnwSh1hlSK1gXISg1Re-uNtRayISVNIuWE31SEKIUDzMg-X8ppNzg:1sBGdY:L4xs-Paj1t_OV5Ix71slM4Qc3rMPt9cmd5Magam0Qm0	2024-06-09 16:22:20.433243+00
9o24c56t4t95dzbmij63d3n5k9twvrvf	.eJxVjMsOwiAQRf-FtSHDQx4u3fsNZIBBqgaS0q6M_26bdKHbe865bxZwXWpYB81hyuzCBDv9bhHTk9oO8gPbvfPU2zJPke8KP-jgt57pdT3cv4OKo261kRqBEmUnwSh1hlSK1gXISg1Re-uNtRayISVNIuWE31SEKIUDzMg-X8ppNzg:1sBSw1:ngb-yOjrC_sC04YIQrSSpb7WHevW7KM2YTsRPfj1zHI	2024-06-10 05:30:13.754268+00
qryaxgc9b248fburtpj506rxev8l13xb	.eJxVjMsOwiAQRf-FtSHDQx4u3fsNZIBBqgaS0q6M_26bdKHbe865bxZwXWpYB81hyuzCBDv9bhHTk9oO8gPbvfPU2zJPke8KP-jgt57pdT3cv4OKo261kRqBEmUnwSh1hlSK1gXISg1Re-uNtRayISVNIuWE31SEKIUDzMg-X8ppNzg:1sBaGq:G5Z1u5CIraPcCygRqAMiyhw7sk6nk4uMBDT90zXZ4vo	2024-06-10 13:20:12.679095+00
\.


--
-- Data for Name: order_products; Type: TABLE DATA; Schema: public; Owner: chogirmali
--

COPY public.order_products (id, created_at, updated_at, deleted_at, order_id, product_id, count) FROM stdin;
9	2024-05-10 08:32:01.083133+00	2024-05-10 08:32:01.083152+00	\N	7	16	1
10	2024-05-10 08:43:50.884684+00	2024-05-10 08:43:50.884703+00	\N	8	28	1
11	2024-05-10 08:46:47.628318+00	2024-05-10 08:46:47.628338+00	\N	9	3	1
12	2024-05-10 08:46:47.628392+00	2024-05-10 08:46:47.628398+00	\N	9	4	1
13	2024-05-10 09:11:29.4595+00	2024-05-10 09:11:29.45953+00	\N	10	17	1
14	2024-05-10 09:11:29.459583+00	2024-05-10 09:11:29.459589+00	\N	10	11	1
15	2024-05-10 09:11:29.459623+00	2024-05-10 09:11:29.459628+00	\N	10	4	1
16	2024-05-10 09:27:27.727824+00	2024-05-10 09:27:27.727849+00	\N	11	27	1
17	2024-05-10 09:27:27.727946+00	2024-05-10 09:27:27.727955+00	\N	11	24	2
18	2024-05-10 10:53:24.514478+00	2024-05-10 10:53:24.514499+00	\N	12	24	1
19	2024-05-10 11:21:08.927494+00	2024-05-10 11:21:08.927517+00	\N	13	18	1
20	2024-05-10 14:15:09.145781+00	2024-05-10 14:15:09.145808+00	\N	14	3	1
21	2024-05-10 14:15:09.145886+00	2024-05-10 14:15:09.145894+00	\N	14	17	1
22	2024-05-10 15:10:15.593422+00	2024-05-10 15:10:15.593442+00	\N	15	4	1
23	2024-05-10 15:10:15.593498+00	2024-05-10 15:10:15.593505+00	\N	15	3	1
24	2024-05-11 05:21:13.89739+00	2024-05-11 05:21:13.897415+00	\N	16	7	2
25	2024-05-11 05:21:13.897493+00	2024-05-11 05:21:13.8975+00	\N	16	24	3
26	2024-05-11 07:17:57.758357+00	2024-05-11 07:17:57.758379+00	\N	17	24	3
27	2024-05-11 07:17:57.758448+00	2024-05-11 07:17:57.758457+00	\N	17	27	1
28	2024-05-11 08:59:08.580152+00	2024-05-11 08:59:08.580173+00	\N	18	24	1
29	2024-05-11 13:07:40.745517+00	2024-05-11 13:07:40.745536+00	\N	19	7	1
30	2024-05-11 13:07:40.745591+00	2024-05-11 13:07:40.7456+00	\N	19	13	1
31	2024-05-11 13:07:40.745655+00	2024-05-11 13:07:40.745663+00	\N	19	24	1
32	2024-05-11 16:56:51.755261+00	2024-05-11 16:56:51.755278+00	\N	20	22	1
33	2024-05-11 17:48:55.566559+00	2024-05-11 17:48:55.566578+00	\N	21	21	1
34	2024-05-11 18:26:26.127866+00	2024-05-11 18:26:26.127886+00	\N	22	27	2
35	2024-05-11 19:37:40.317064+00	2024-05-11 19:37:40.317085+00	\N	23	25	1
36	2024-05-11 19:37:40.317139+00	2024-05-11 19:37:40.317145+00	\N	23	24	1
37	2024-05-12 06:24:24.802768+00	2024-05-12 06:24:24.802788+00	\N	24	23	1
38	2024-05-12 07:30:10.466197+00	2024-05-12 07:30:10.466214+00	\N	25	26	2
39	2024-05-12 08:14:27.362086+00	2024-05-12 08:14:27.362106+00	\N	26	23	2
40	2024-05-12 08:46:56.537768+00	2024-05-12 08:46:56.537791+00	\N	27	22	1
41	2024-05-12 08:46:56.537869+00	2024-05-12 08:46:56.537877+00	\N	27	24	1
42	2024-05-12 08:46:56.537922+00	2024-05-12 08:46:56.537932+00	\N	27	27	1
43	2024-05-12 09:14:15.377139+00	2024-05-12 09:14:15.377158+00	\N	28	16	1
44	2024-05-12 09:14:15.377213+00	2024-05-12 09:14:15.377219+00	\N	28	23	1
45	2024-05-12 09:14:15.377254+00	2024-05-12 09:14:15.377259+00	\N	28	26	1
46	2024-05-12 09:54:37.412632+00	2024-05-12 09:54:37.412662+00	\N	29	24	1
47	2024-05-12 10:01:20.041961+00	2024-05-12 10:01:20.04198+00	\N	30	24	1
48	2024-05-12 11:38:43.12979+00	2024-05-12 11:38:43.129809+00	\N	31	27	1
49	2024-05-12 12:13:34.034618+00	2024-05-12 12:13:34.034639+00	\N	32	24	1
50	2024-05-12 12:22:33.538724+00	2024-05-12 12:22:33.538744+00	\N	33	20	1
51	2024-05-12 14:58:33.681261+00	2024-05-12 14:58:33.681287+00	\N	34	23	4
52	2024-05-12 14:59:57.460762+00	2024-05-12 14:59:57.460785+00	\N	35	17	1
53	2024-05-12 17:00:59.305526+00	2024-05-12 17:00:59.305548+00	\N	36	17	1
54	2024-05-12 17:00:59.305603+00	2024-05-12 17:00:59.305609+00	\N	36	21	1
55	2024-05-12 18:10:37.310893+00	2024-05-12 18:10:37.310914+00	\N	37	19	1
56	2024-05-12 18:39:38.56371+00	2024-05-12 18:39:38.563742+00	\N	38	24	2
57	2024-05-12 18:39:38.563809+00	2024-05-12 18:39:38.563815+00	\N	38	25	1
58	2024-05-12 18:39:38.56385+00	2024-05-12 18:39:38.563855+00	\N	38	27	1
59	2024-05-13 06:38:28.251939+00	2024-05-13 06:38:28.251962+00	\N	39	23	2
60	2024-05-13 06:38:28.252069+00	2024-05-13 06:38:28.252076+00	\N	39	24	2
61	2024-05-13 07:01:21.019047+00	2024-05-13 07:01:21.019065+00	\N	40	26	1
62	2024-05-13 07:01:21.019121+00	2024-05-13 07:01:21.019127+00	\N	40	24	1
63	2024-05-13 07:18:53.530559+00	2024-05-13 07:18:53.530585+00	\N	41	24	2
64	2024-05-13 07:55:08.846545+00	2024-05-13 07:55:08.846567+00	\N	42	27	1
65	2024-05-13 07:55:08.846624+00	2024-05-13 07:55:08.84663+00	\N	42	24	1
66	2024-05-13 08:02:47.549601+00	2024-05-13 08:02:47.549629+00	\N	43	26	2
67	2024-05-13 13:18:18.177308+00	2024-05-13 13:18:18.177328+00	\N	44	24	2
68	2024-05-13 13:18:18.177396+00	2024-05-13 13:18:18.177403+00	\N	44	7	1
69	2024-05-13 13:30:18.071295+00	2024-05-13 13:30:18.071324+00	\N	45	31	1
70	2024-05-13 13:30:18.071381+00	2024-05-13 13:30:18.071388+00	\N	45	33	1
71	2024-05-13 15:21:22.77104+00	2024-05-13 15:21:22.771062+00	\N	46	17	1
72	2024-05-13 16:28:23.335571+00	2024-05-13 16:28:23.335593+00	\N	47	19	1
73	2024-05-13 19:35:33.954927+00	2024-05-13 19:35:33.954946+00	\N	48	24	2
74	2024-05-13 20:00:15.228819+00	2024-05-13 20:00:15.22884+00	\N	49	24	2
75	2024-05-14 06:49:41.590314+00	2024-05-14 06:49:41.590335+00	\N	50	18	1
76	2024-05-14 06:51:25.163617+00	2024-05-14 06:51:25.163641+00	\N	51	27	1
77	2024-05-14 06:51:25.16372+00	2024-05-14 06:51:25.163729+00	\N	51	18	1
78	2024-05-14 07:58:54.333832+00	2024-05-14 07:58:54.333853+00	\N	52	24	1
79	2024-05-14 07:58:54.333912+00	2024-05-14 07:58:54.333919+00	\N	52	25	1
80	2024-05-14 08:01:53.035283+00	2024-05-14 08:01:53.035309+00	\N	53	24	1
81	2024-05-14 08:01:53.035386+00	2024-05-14 08:01:53.035396+00	\N	53	25	1
82	2024-05-14 08:05:48.994802+00	2024-05-14 08:05:48.994823+00	\N	54	24	1
83	2024-05-14 08:05:48.994874+00	2024-05-14 08:05:48.99488+00	\N	54	25	1
84	2024-05-14 11:31:40.072446+00	2024-05-14 11:31:40.072468+00	\N	55	4	1
85	2024-05-14 11:32:11.008276+00	2024-05-14 11:32:11.008297+00	\N	56	4	1
86	2024-05-14 11:32:28.791843+00	2024-05-14 11:32:28.79187+00	\N	57	4	1
87	2024-05-14 11:34:03.108876+00	2024-05-14 11:34:03.108896+00	\N	58	4	1
88	2024-05-14 11:34:03.108961+00	2024-05-14 11:34:03.10897+00	\N	58	10	1
89	2024-05-14 11:37:43.407017+00	2024-05-14 11:37:43.407046+00	\N	59	3	1
90	2024-05-14 11:39:34.492367+00	2024-05-14 11:39:34.492393+00	\N	60	4	1
91	2024-05-14 11:39:46.327227+00	2024-05-14 11:39:46.327246+00	\N	61	23	1
92	2024-05-14 11:40:05.079202+00	2024-05-14 11:40:05.079221+00	\N	62	23	1
93	2024-05-14 11:41:13.014423+00	2024-05-14 11:41:13.014442+00	\N	63	42	1
94	2024-05-14 11:42:09.470645+00	2024-05-14 11:42:09.470672+00	\N	64	23	1
95	2024-05-14 11:43:06.364968+00	2024-05-14 11:43:06.36499+00	\N	65	23	1
96	2024-05-14 11:43:15.889018+00	2024-05-14 11:43:15.889034+00	\N	66	42	1
97	2024-05-14 11:44:54.098013+00	2024-05-14 11:44:54.09803+00	\N	67	23	1
98	2024-05-14 11:46:48.374251+00	2024-05-14 11:46:48.374267+00	\N	68	42	1
99	2024-05-14 11:46:57.321697+00	2024-05-14 11:46:57.321725+00	\N	69	42	1
100	2024-05-14 11:47:44.226287+00	2024-05-14 11:47:44.226305+00	\N	70	42	1
101	2024-05-14 11:48:16.479848+00	2024-05-14 11:48:16.479865+00	\N	71	4	1
102	2024-05-14 11:49:06.432067+00	2024-05-14 11:49:06.432087+00	\N	72	4	1
103	2024-05-14 11:50:44.471542+00	2024-05-14 11:50:44.471568+00	\N	73	42	1
104	2024-05-14 11:53:54.890447+00	2024-05-14 11:53:54.890467+00	\N	74	42	1
105	2024-05-14 11:56:12.186563+00	2024-05-14 11:56:12.186582+00	\N	75	42	1
106	2024-05-14 11:58:04.29851+00	2024-05-14 11:58:04.29853+00	\N	76	4	1
107	2024-05-14 12:01:02.570285+00	2024-05-14 12:01:02.570313+00	\N	77	4	1
108	2024-05-14 12:07:41.953687+00	2024-05-14 12:07:41.953711+00	\N	78	3	1
109	2024-05-14 12:08:13.831623+00	2024-05-14 12:08:13.831648+00	\N	79	3	1
110	2024-05-14 12:10:12.995532+00	2024-05-14 12:10:12.995553+00	\N	80	4	1
111	2024-05-14 12:10:35.047348+00	2024-05-14 12:10:35.047368+00	\N	81	42	1
112	2024-05-14 12:11:43.301292+00	2024-05-14 12:11:43.301316+00	\N	82	42	1
113	2024-05-14 12:14:45.661571+00	2024-05-14 12:14:45.661594+00	\N	84	4	1
114	2024-05-14 14:10:53.424448+00	2024-05-14 14:10:53.424469+00	\N	85	23	1
115	2024-05-14 14:38:50.80672+00	2024-05-14 14:38:50.80674+00	\N	86	21	1
116	2024-05-14 14:38:50.806803+00	2024-05-14 14:38:50.806812+00	\N	86	24	2
117	2024-05-14 15:23:07.546171+00	2024-05-14 15:23:07.546191+00	\N	87	24	1
118	2024-05-14 16:51:37.157773+00	2024-05-14 16:51:37.157795+00	\N	88	23	1
119	2024-05-15 05:44:58.332685+00	2024-05-15 05:44:58.332706+00	\N	89	23	1
120	2024-05-15 07:35:51.610223+00	2024-05-15 07:35:51.610242+00	\N	90	24	3
121	2024-05-15 07:55:45.647774+00	2024-05-15 07:55:45.647793+00	\N	91	24	3
122	2024-05-15 09:59:32.49408+00	2024-05-15 09:59:32.494105+00	\N	92	24	2
123	2024-05-15 13:02:39.298622+00	2024-05-15 13:02:39.298648+00	\N	93	23	1
124	2024-05-15 13:03:00.307852+00	2024-05-15 13:03:00.307873+00	\N	94	23	1
125	2024-05-15 15:11:00.648298+00	2024-05-15 15:11:00.648316+00	\N	95	31	1
126	2024-05-15 15:11:00.648375+00	2024-05-15 15:11:00.648381+00	\N	95	33	1
127	2024-05-15 17:07:08.823472+00	2024-05-15 17:07:08.823492+00	\N	96	20	1
128	2024-05-15 18:58:16.537792+00	2024-05-15 18:58:16.537813+00	\N	97	28	1
129	2024-05-16 06:39:51.369342+00	2024-05-16 06:39:51.369361+00	\N	98	27	1
130	2024-05-16 06:41:35.932858+00	2024-05-16 06:41:35.932892+00	\N	99	27	1
131	2024-05-16 07:32:59.936307+00	2024-05-16 07:32:59.936326+00	\N	100	24	1
132	2024-05-16 07:32:59.936383+00	2024-05-16 07:32:59.936389+00	\N	100	25	1
133	2024-05-16 07:32:59.936425+00	2024-05-16 07:32:59.936431+00	\N	100	34	1
134	2024-05-16 07:45:18.731151+00	2024-05-16 07:45:18.731171+00	\N	101	24	1
135	2024-05-16 08:34:22.999658+00	2024-05-16 08:34:22.999678+00	\N	102	23	1
136	2024-05-16 08:38:17.517473+00	2024-05-16 08:38:17.5175+00	\N	103	24	1
137	2024-05-16 13:08:36.572626+00	2024-05-16 13:08:36.572647+00	\N	104	27	1
138	2024-05-16 13:08:36.572707+00	2024-05-16 13:08:36.572713+00	\N	104	18	1
139	2024-05-17 06:52:24.165183+00	2024-05-17 06:52:24.165222+00	\N	105	24	3
140	2024-05-17 06:52:24.165367+00	2024-05-17 06:52:24.165382+00	\N	105	26	1
141	2024-05-17 06:52:24.165438+00	2024-05-17 06:52:24.165455+00	\N	105	27	1
142	2024-05-17 08:24:10.871107+00	2024-05-17 08:24:10.871126+00	\N	106	17	1
143	2024-05-17 08:25:34.685124+00	2024-05-17 08:25:34.685143+00	\N	107	17	1
144	2024-05-17 08:30:12.261589+00	2024-05-17 08:30:12.261607+00	\N	108	27	1
145	2024-05-17 09:11:50.74491+00	2024-05-17 09:11:50.744933+00	\N	109	24	2
146	2024-05-17 13:57:15.079573+00	2024-05-17 13:57:15.079592+00	\N	110	24	3
147	2024-05-17 14:33:49.631886+00	2024-05-17 14:33:49.631905+00	\N	111	24	1
148	2024-05-17 14:33:49.631964+00	2024-05-17 14:33:49.631971+00	\N	111	20	1
149	2024-05-17 14:40:05.377064+00	2024-05-17 14:40:05.377083+00	\N	112	24	1
150	2024-05-17 16:43:46.497857+00	2024-05-17 16:43:46.497878+00	\N	113	24	1
151	2024-05-17 16:55:48.603492+00	2024-05-17 16:55:48.603515+00	\N	114	18	1
152	2024-05-17 16:55:48.603585+00	2024-05-17 16:55:48.603591+00	\N	114	29	1
153	2024-05-17 18:00:31.373758+00	2024-05-17 18:00:31.373777+00	\N	115	24	2
154	2024-05-18 05:36:38.074209+00	2024-05-18 05:36:38.074228+00	\N	116	25	1
155	2024-05-18 05:36:38.074283+00	2024-05-18 05:36:38.07429+00	\N	116	23	1
156	2024-05-18 06:21:19.329151+00	2024-05-18 06:21:19.329168+00	\N	117	25	1
157	2024-05-18 07:38:33.877782+00	2024-05-18 07:38:33.877816+00	\N	118	24	3
158	2024-05-18 07:38:33.877872+00	2024-05-18 07:38:33.877881+00	\N	118	27	2
159	2024-05-18 07:59:53.253628+00	2024-05-18 07:59:53.253647+00	\N	119	24	2
160	2024-05-18 08:50:16.530162+00	2024-05-18 08:50:16.530182+00	\N	120	27	1
161	2024-05-18 10:38:30.401282+00	2024-05-18 10:38:30.401301+00	\N	121	11	1
162	2024-05-18 11:40:13.029733+00	2024-05-18 11:40:13.029753+00	\N	122	20	1
163	2024-05-18 12:36:20.573888+00	2024-05-18 12:36:20.573907+00	\N	123	27	4
164	2024-05-18 12:59:36.914664+00	2024-05-18 12:59:36.914682+00	\N	124	22	1
165	2024-05-18 13:42:05.797319+00	2024-05-18 13:42:05.797337+00	\N	125	24	1
166	2024-05-19 10:41:14.022454+00	2024-05-19 10:41:14.022473+00	\N	126	5	1
167	2024-05-19 12:11:55.096319+00	2024-05-19 12:11:55.096339+00	\N	127	20	1
168	2024-05-19 12:12:42.128102+00	2024-05-19 12:12:42.128129+00	\N	128	40	1
169	2024-05-19 14:13:45.812212+00	2024-05-19 14:13:45.812234+00	\N	129	24	1
170	2024-05-19 15:24:36.864702+00	2024-05-19 15:24:36.864721+00	\N	130	23	1
171	2024-05-19 15:24:36.864795+00	2024-05-19 15:24:36.864805+00	\N	130	26	1
172	2024-05-19 15:24:36.864867+00	2024-05-19 15:24:36.864876+00	\N	130	27	1
173	2024-05-19 20:50:24.222352+00	2024-05-19 20:50:24.222371+00	\N	131	24	1
174	2024-05-20 06:40:50.574041+00	2024-05-20 06:40:50.574061+00	\N	132	25	1
175	2024-05-20 10:29:26.580498+00	2024-05-20 10:29:26.580519+00	\N	133	12	1
176	2024-05-20 10:29:51.211879+00	2024-05-20 10:29:51.211898+00	\N	134	12	1
177	2024-05-20 14:47:00.751206+00	2024-05-20 14:47:00.751228+00	\N	135	6	1
178	2024-05-20 14:47:00.751286+00	2024-05-20 14:47:00.751292+00	\N	135	5	1
179	2024-05-20 14:47:00.751326+00	2024-05-20 14:47:00.751331+00	\N	135	25	1
180	2024-05-20 15:32:50.664905+00	2024-05-20 15:32:50.664927+00	\N	136	25	1
181	2024-05-20 15:32:50.664986+00	2024-05-20 15:32:50.664993+00	\N	136	27	1
182	2024-05-21 04:11:12.52902+00	2024-05-21 04:11:12.529042+00	\N	137	3	2
183	2024-05-21 04:11:12.529098+00	2024-05-21 04:11:12.529107+00	\N	137	7	2
184	2024-05-21 07:22:23.103948+00	2024-05-21 07:22:23.103968+00	\N	138	24	4
185	2024-05-21 13:55:49.599272+00	2024-05-21 13:55:49.5993+00	\N	139	24	1
186	2024-05-21 13:58:10.452675+00	2024-05-21 13:58:10.452696+00	\N	140	24	1
187	2024-05-21 18:44:48.701776+00	2024-05-21 18:44:48.701802+00	\N	141	18	1
188	2024-05-21 20:07:34.53693+00	2024-05-21 20:07:34.536951+00	\N	142	25	1
189	2024-05-21 20:07:34.53701+00	2024-05-21 20:07:34.537017+00	\N	142	27	1
190	2024-05-21 20:09:18.317381+00	2024-05-21 20:09:18.317401+00	\N	143	25	1
191	2024-05-21 20:09:18.31746+00	2024-05-21 20:09:18.317466+00	\N	143	27	1
192	2024-05-22 07:09:53.386498+00	2024-05-22 07:09:53.38652+00	\N	144	18	1
193	2024-05-22 07:09:53.386576+00	2024-05-22 07:09:53.386582+00	\N	144	20	1
194	2024-05-22 07:10:42.167821+00	2024-05-22 07:10:42.167842+00	\N	145	18	1
195	2024-05-22 07:10:42.167901+00	2024-05-22 07:10:42.16791+00	\N	145	20	1
196	2024-05-22 07:11:16.573736+00	2024-05-22 07:11:16.573756+00	\N	146	18	1
197	2024-05-22 07:11:16.573813+00	2024-05-22 07:11:16.573819+00	\N	146	20	1
198	2024-05-22 07:12:06.525817+00	2024-05-22 07:12:06.525837+00	\N	147	18	1
199	2024-05-22 07:12:06.525894+00	2024-05-22 07:12:06.5259+00	\N	147	20	1
200	2024-05-22 07:12:53.060628+00	2024-05-22 07:12:53.06065+00	\N	148	18	1
201	2024-05-22 07:12:53.06071+00	2024-05-22 07:12:53.060717+00	\N	148	20	1
202	2024-05-22 08:32:04.448912+00	2024-05-22 08:32:04.448932+00	\N	149	24	2
203	2024-05-22 08:33:33.582153+00	2024-05-22 08:33:33.58218+00	\N	150	4	1
204	2024-05-22 10:56:12.232295+00	2024-05-22 10:56:12.232316+00	\N	151	25	2
205	2024-05-22 11:40:17.130762+00	2024-05-22 11:40:17.130782+00	\N	152	3	1
206	2024-05-22 15:48:00.137335+00	2024-05-22 15:48:00.137371+00	\N	153	5	1
207	2024-05-22 16:23:31.975588+00	2024-05-22 16:23:31.975609+00	\N	154	23	2
208	2024-05-22 17:24:34.383179+00	2024-05-22 17:24:34.383197+00	\N	155	18	1
209	2024-05-22 17:58:25.562022+00	2024-05-22 17:58:25.562042+00	\N	156	24	4
210	2024-05-22 17:59:55.256438+00	2024-05-22 17:59:55.256457+00	\N	157	24	4
211	2024-05-22 18:00:39.292384+00	2024-05-22 18:00:39.292404+00	\N	158	24	4
212	2024-05-22 18:01:41.633953+00	2024-05-22 18:01:41.633972+00	\N	159	25	2
213	2024-05-22 18:53:56.144587+00	2024-05-22 18:53:56.144607+00	\N	160	23	1
214	2024-05-22 18:55:56.994206+00	2024-05-22 18:55:56.994243+00	\N	161	23	1
215	2024-05-22 18:55:56.994324+00	2024-05-22 18:55:56.994345+00	\N	161	25	1
216	2024-05-22 22:10:21.896266+00	2024-05-22 22:10:21.896288+00	\N	162	27	1
217	2024-05-22 22:10:21.896358+00	2024-05-22 22:10:21.896364+00	\N	162	28	1
218	2024-05-23 06:05:27.741235+00	2024-05-23 06:05:27.741256+00	\N	163	40	1
219	2024-05-23 06:07:05.804869+00	2024-05-23 06:07:05.804889+00	\N	164	29	1
220	2024-05-23 07:16:02.744059+00	2024-05-23 07:16:02.744082+00	\N	165	20	1
221	2024-05-23 07:42:51.501328+00	2024-05-23 07:42:51.501348+00	\N	166	27	1
222	2024-05-23 07:42:51.501404+00	2024-05-23 07:42:51.501411+00	\N	166	24	1
223	2024-05-23 07:44:19.087392+00	2024-05-23 07:44:19.087415+00	\N	167	24	1
224	2024-05-23 07:44:19.087474+00	2024-05-23 07:44:19.08748+00	\N	167	27	1
225	2024-05-23 08:28:05.032366+00	2024-05-23 08:28:05.032395+00	\N	168	24	1
226	2024-05-23 08:28:51.03712+00	2024-05-23 08:28:51.037146+00	\N	169	24	1
227	2024-05-23 08:30:00.339901+00	2024-05-23 08:30:00.339919+00	\N	170	24	1
228	2024-05-23 12:25:02.530167+00	2024-05-23 12:25:02.530188+00	\N	171	24	4
229	2024-05-23 14:52:05.987171+00	2024-05-23 14:52:05.987191+00	\N	172	27	2
230	2024-05-23 15:16:29.330837+00	2024-05-23 15:16:29.330859+00	\N	173	24	1
231	2024-05-23 15:16:29.330916+00	2024-05-23 15:16:29.330922+00	\N	173	27	1
232	2024-05-23 15:17:48.043028+00	2024-05-23 15:17:48.043049+00	\N	174	24	1
233	2024-05-23 16:37:01.982061+00	2024-05-23 16:37:01.982081+00	\N	175	24	3
234	2024-05-23 18:49:20.961596+00	2024-05-23 18:49:20.961625+00	\N	176	24	2
235	2024-05-24 04:39:10.59429+00	2024-05-24 04:39:10.594309+00	\N	177	24	1
236	2024-05-24 04:39:10.594367+00	2024-05-24 04:39:10.594374+00	\N	177	27	1
237	2024-05-24 05:58:29.899217+00	2024-05-24 05:58:29.899237+00	\N	178	19	1
238	2024-05-24 05:58:29.899292+00	2024-05-24 05:58:29.899299+00	\N	178	20	1
239	2024-05-24 06:27:23.778482+00	2024-05-24 06:27:23.778502+00	\N	179	24	2
240	2024-05-24 06:30:01.415347+00	2024-05-24 06:30:01.415368+00	\N	180	27	1
241	2024-05-24 06:30:01.415427+00	2024-05-24 06:30:01.415433+00	\N	180	6	1
242	2024-05-24 06:30:01.415468+00	2024-05-24 06:30:01.415473+00	\N	180	25	1
243	2024-05-24 08:10:27.221439+00	2024-05-24 08:10:27.221459+00	\N	181	24	2
244	2024-05-24 09:14:22.509411+00	2024-05-24 09:14:22.509434+00	\N	182	24	1
245	2024-05-24 09:14:22.509495+00	2024-05-24 09:14:22.509504+00	\N	182	26	1
246	2024-05-24 12:19:21.373553+00	2024-05-24 12:19:21.373574+00	\N	183	24	1
247	2024-05-24 12:27:29.202516+00	2024-05-24 12:27:29.202537+00	\N	184	24	1
248	2024-05-24 16:59:16.021683+00	2024-05-24 16:59:16.02171+00	\N	185	24	1
249	2024-05-24 16:59:16.021791+00	2024-05-24 16:59:16.021799+00	\N	185	23	1
250	2024-05-25 07:03:35.209658+00	2024-05-25 07:03:35.209677+00	\N	186	24	3
251	2024-05-25 07:05:02.125045+00	2024-05-25 07:05:02.125066+00	\N	187	24	3
252	2024-05-25 07:11:02.735146+00	2024-05-25 07:11:02.735166+00	\N	188	24	1
253	2024-05-25 07:11:02.735225+00	2024-05-25 07:11:02.735231+00	\N	188	25	1
254	2024-05-25 07:11:02.735266+00	2024-05-25 07:11:02.735271+00	\N	188	23	1
255	2024-05-25 07:12:13.137234+00	2024-05-25 07:12:13.137259+00	\N	189	24	1
256	2024-05-25 07:12:13.137326+00	2024-05-25 07:12:13.137332+00	\N	189	23	1
257	2024-05-25 07:12:13.137369+00	2024-05-25 07:12:13.137374+00	\N	189	25	1
258	2024-05-25 07:13:50.878451+00	2024-05-25 07:13:50.878471+00	\N	190	23	1
259	2024-05-25 07:13:50.878524+00	2024-05-25 07:13:50.87853+00	\N	190	24	1
260	2024-05-25 07:13:50.878565+00	2024-05-25 07:13:50.87857+00	\N	190	25	1
261	2024-05-25 07:13:50.878603+00	2024-05-25 07:13:50.878609+00	\N	190	27	1
262	2024-05-25 08:27:29.745016+00	2024-05-25 08:27:29.745043+00	\N	191	38	1
263	2024-05-25 08:27:29.745104+00	2024-05-25 08:27:29.74511+00	\N	191	24	1
264	2024-05-25 10:16:42.516639+00	2024-05-25 10:16:42.516657+00	\N	192	18	1
265	2024-05-25 13:18:55.772541+00	2024-05-25 13:18:55.772561+00	\N	193	27	2
266	2024-05-25 13:18:55.772621+00	2024-05-25 13:18:55.772628+00	\N	193	25	1
267	2024-05-26 05:08:17.190073+00	2024-05-26 05:08:17.190093+00	\N	194	25	1
268	2024-05-26 05:09:16.750565+00	2024-05-26 05:09:16.750584+00	\N	195	25	1
269	2024-05-26 13:52:47.884758+00	2024-05-26 13:52:47.88478+00	\N	196	16	1
270	2024-05-26 13:53:47.764678+00	2024-05-26 13:53:47.764707+00	\N	197	16	1
271	2024-05-26 14:47:46.537731+00	2024-05-26 14:47:46.537752+00	\N	198	5	1
272	2024-05-26 14:47:46.537813+00	2024-05-26 14:47:46.53782+00	\N	198	18	1
273	2024-05-26 16:45:59.639973+00	2024-05-26 16:45:59.640017+00	\N	201	3	1
274	2024-05-26 17:52:21.56136+00	2024-05-26 17:52:21.561387+00	\N	202	6	1
275	2024-05-26 17:52:21.561477+00	2024-05-26 17:52:21.561487+00	\N	202	5	1
276	2024-05-26 18:11:55.373862+00	2024-05-26 18:11:55.373882+00	\N	203	7	1
277	2024-05-26 18:22:25.725283+00	2024-05-26 18:22:25.725304+00	\N	204	8	1
278	2024-05-27 03:24:39.134653+00	2024-05-27 03:24:39.134678+00	\N	205	6	2
279	2024-05-27 03:31:30.680439+00	2024-05-27 03:31:30.680461+00	\N	206	40	1
280	2024-05-27 06:38:21.730953+00	2024-05-27 06:38:21.731+00	\N	207	22	1
281	2024-05-27 06:38:21.731118+00	2024-05-27 06:38:21.731129+00	\N	207	20	1
282	2024-05-27 08:23:56.669573+00	2024-05-27 08:23:56.669593+00	\N	208	4	1
283	2024-05-27 08:23:56.669667+00	2024-05-27 08:23:56.669673+00	\N	208	6	1
284	2024-05-27 08:23:56.669711+00	2024-05-27 08:23:56.669716+00	\N	208	10	2
285	2024-05-27 08:24:43.555264+00	2024-05-27 08:24:43.555283+00	\N	209	4	1
286	2024-05-27 08:24:43.555361+00	2024-05-27 08:24:43.555367+00	\N	209	3	1
287	2024-05-27 08:24:43.555402+00	2024-05-27 08:24:43.555407+00	\N	209	5	1
288	2024-05-27 08:24:43.55544+00	2024-05-27 08:24:43.555445+00	\N	209	30	1
289	2024-05-27 08:24:43.555477+00	2024-05-27 08:24:43.555482+00	\N	209	31	1
290	2024-05-27 08:25:40.825043+00	2024-05-27 08:25:40.825064+00	\N	210	30	1
291	2024-05-27 09:12:03.403933+00	2024-05-27 09:12:03.403955+00	\N	211	18	1
292	2024-05-27 09:18:36.657091+00	2024-05-27 09:18:36.657114+00	\N	212	20	1
293	2024-05-27 09:18:36.657175+00	2024-05-27 09:18:36.657182+00	\N	212	33	1
294	2024-05-27 09:19:53.253922+00	2024-05-27 09:19:53.253945+00	\N	213	4	1
295	2024-05-27 10:01:55.185368+00	2024-05-27 10:01:55.18539+00	\N	214	24	1
296	2024-05-27 10:03:24.4593+00	2024-05-27 10:03:24.459323+00	\N	215	24	1
297	2024-05-27 10:11:59.946889+00	2024-05-27 10:11:59.946908+00	\N	216	24	1
298	2024-05-27 11:17:00.477442+00	2024-05-27 11:17:00.477458+00	\N	217	8	1
299	2024-05-27 11:32:26.263491+00	2024-05-27 11:32:26.26351+00	\N	218	4	1
300	2024-05-27 11:37:52.192124+00	2024-05-27 11:37:52.192144+00	\N	219	4	1
301	2024-05-27 11:39:01.645799+00	2024-05-27 11:39:01.645816+00	\N	220	5	1
303	2024-05-27 13:52:22.357394+00	2024-05-27 13:52:22.357407+00	\N	222	5	1
306	2024-05-27 16:14:43.302455+00	2024-05-27 16:14:43.302474+00	\N	225	24	3
\.


--
-- Data for Name: orders; Type: TABLE DATA; Schema: public; Owner: chogirmali
--

COPY public.orders (id, created_at, updated_at, deleted_at, total_price, status, paid, user_id, delivery_type, address_id, secondary_phone_number) FROM stdin;
40	2024-05-13 07:01:21.01188+00	2024-05-13 14:35:58.059752+00	\N	71000.00	success	t	345	delivery	167	\N
15	2024-05-10 15:10:15.582502+00	2024-05-10 15:10:28.472552+00	\N	65000.00	canceled	t	5	delivery	3	+998
1	2024-05-09 12:40:32.160263+00	2024-05-09 12:41:03.563222+00	\N	41500.00	success	t	5	delivery	3	+998
41	2024-05-13 07:18:53.51227+00	2024-05-13 14:36:01.394669+00	\N	62000.00	success	t	351	delivery	172	\N
16	2024-05-11 05:21:13.885272+00	2024-05-11 06:00:25.650146+00	\N	149000.00	canceled	t	34	delivery	24	+998
3	2024-05-09 12:45:11.469809+00	2024-05-09 12:45:28.871449+00	\N	30000.00	performing	t	5	delivery	3	+998
2	2024-05-09 12:43:27.963395+00	2024-05-09 13:10:42.346012+00	\N	41500.00	success	t	6	delivery	4	+998
25	2024-05-12 07:30:10.461752+00	2024-05-12 08:35:14.234086+00	\N	80000.00	success	t	182	delivery	93	\N
26	2024-05-12 08:14:27.343344+00	2024-05-12 08:35:15.933187+00	\N	96000.00	success	t	189	delivery	101	\N
4	2024-05-09 18:27:41.235607+00	2024-05-09 18:28:19.047451+00	\N	20000.00	success	t	7	delivery	5	+998
17	2024-05-11 07:17:57.746188+00	2024-05-11 08:35:16.606775+00	\N	123000.00	success	t	16	delivery	13	\N
31	2024-05-12 11:38:43.118973+00	2024-05-12 15:30:55.491749+00	\N	30000.00	success	f	231	delivery	124	\N
5	2024-05-09 18:41:10.941841+00	2024-05-09 18:41:53.031174+00	\N	10000.00	success	t	3	delivery	2	+998
36	2024-05-12 17:00:59.287778+00	2024-05-13 14:36:14.090043+00	\N	120000.00	success	t	282	delivery	150	\N
39	2024-05-13 06:38:28.239024+00	2024-05-13 07:37:15.938707+00	\N	158000.00	success	t	346	delivery	168	\N
27	2024-05-12 08:46:56.526206+00	2024-05-12 09:07:03.156134+00	\N	131000.00	success	t	172	delivery	88	\N
18	2024-05-11 08:59:08.568824+00	2024-05-11 09:19:48.348727+00	\N	31000.00	success	t	41	delivery	31	\N
6	2024-05-09 20:14:46.955897+00	2024-05-09 20:15:06.757486+00	\N	20000.00	success	t	5	delivery	3	+998
34	2024-05-12 14:58:33.669908+00	2024-05-12 15:42:05.244702+00	\N	192000.00	success	t	244	delivery	133	+998
7	2024-05-10 08:32:01.071648+00	2024-05-10 08:37:09.874476+00	\N	50000.00	success	t	13	delivery	10	+998
8	2024-05-10 08:43:50.874006+00	2024-05-10 08:45:53.020679+00	\N	60000.00	canceled	t	14	delivery	11	+998
35	2024-05-12 14:59:57.449945+00	2024-05-12 16:03:57.847671+00	\N	60000.00	success	t	258	delivery	139	\N
9	2024-05-10 08:46:47.616669+00	2024-05-10 08:48:13.750877+00	\N	65000.00	canceled	t	11	delivery	9	\N
33	2024-05-12 12:22:33.527854+00	2024-05-12 16:04:00.382303+00	\N	60000.00	success	t	239	delivery	131	\N
28	2024-05-12 09:14:15.36441+00	2024-05-12 09:43:36.621516+00	\N	138000.00	success	t	209	delivery	113	\N
10	2024-05-10 09:11:29.446934+00	2024-05-10 09:37:11.650535+00	\N	155000.00	success	t	15	delivery	12	+998
19	2024-05-11 13:07:40.733429+00	2024-05-11 19:09:03.726124+00	\N	139000.00	success	t	48	delivery	37	\N
11	2024-05-10 09:27:27.71593+00	2024-05-10 09:51:07.77102+00	\N	92000.00	success	t	16	delivery	13	\N
20	2024-05-11 16:56:51.745812+00	2024-05-11 19:09:08.302276+00	\N	70000.00	success	t	66	delivery	49	\N
12	2024-05-10 10:53:24.490697+00	2024-05-10 11:13:43.366932+00	\N	31000.00	success	t	17	delivery	14	\N
21	2024-05-11 17:48:55.562097+00	2024-05-11 19:09:13.131248+00	\N	60000.00	success	t	102	delivery	60	\N
22	2024-05-11 18:26:26.117634+00	2024-05-11 19:09:18.17835+00	\N	60000.00	success	t	108	delivery	65	\N
13	2024-05-10 11:21:08.916036+00	2024-05-10 11:42:25.325056+00	\N	65000.00	success	t	18	delivery	15	\N
14	2024-05-10 14:15:09.125702+00	2024-05-10 14:15:22.492848+00	\N	80000.00	canceled	f	13	delivery	10	+998
60	2024-05-14 11:39:34.475139+00	2024-05-14 11:39:34.475166+00	\N	45000.00	in_processing	f	3	delivery	2	+998
61	2024-05-14 11:39:46.316464+00	2024-05-14 11:39:46.31649+00	\N	48000.00	in_processing	f	13	delivery	10	\N
24	2024-05-12 06:24:24.784653+00	2024-05-12 06:58:17.188576+00	\N	48000.00	success	t	56	delivery	89	\N
30	2024-05-12 10:01:20.031097+00	2024-05-12 10:32:09.745154+00	\N	31000.00	success	t	217	delivery	116	+998
23	2024-05-11 19:37:40.304973+00	2024-05-12 06:59:08.457112+00	\N	57000.00	canceled	t	134	delivery	75	\N
29	2024-05-12 09:54:37.394579+00	2024-05-12 10:32:10.702194+00	\N	31000.00	success	t	214	delivery	115	\N
62	2024-05-14 11:40:05.069842+00	2024-05-14 11:40:05.069864+00	\N	48000.00	in_processing	f	13	delivery	10	\N
63	2024-05-14 11:41:13.009725+00	2024-05-14 11:41:13.009746+00	\N	15000.00	in_processing	f	1	delivery	217	\N
32	2024-05-12 12:13:34.023429+00	2024-05-12 12:19:27.733438+00	\N	31000.00	canceled	f	234	delivery	125	+998
46	2024-05-13 15:21:22.598628+00	2024-05-13 16:10:27.78779+00	\N	60000.00	success	t	124	delivery	71	\N
43	2024-05-13 08:02:47.537471+00	2024-05-13 10:52:33.429995+00	\N	80000.00	success	t	364	delivery	179	\N
42	2024-05-13 07:55:08.834414+00	2024-05-13 10:52:35.320953+00	\N	61000.00	success	t	16	delivery	13	\N
54	2024-05-14 08:05:48.981402+00	2024-05-14 08:53:36.901104+00	\N	57000.00	success	t	363	delivery	178	\N
55	2024-05-14 11:31:40.055125+00	2024-05-14 11:31:40.055149+00	\N	45000.00	in_processing	f	13	delivery	10	+998
38	2024-05-12 18:39:38.549557+00	2024-05-13 06:42:44.008572+00	\N	118000.00	success	t	106	delivery	64	+998
37	2024-05-12 18:10:37.300096+00	2024-05-13 06:42:47.843149+00	\N	55000.00	success	t	80	delivery	54	\N
56	2024-05-14 11:32:10.997787+00	2024-05-14 11:32:10.997816+00	\N	45000.00	in_processing	f	13	delivery	10	+998
57	2024-05-14 11:32:28.759376+00	2024-05-14 11:32:28.759408+00	\N	45000.00	in_processing	f	13	delivery	10	+998
47	2024-05-13 16:28:23.324513+00	2024-05-13 17:43:25.629599+00	\N	55000.00	success	t	401	delivery	197	+998
45	2024-05-13 13:30:18.024946+00	2024-05-13 14:25:26.840418+00	\N	60000.00	canceled	t	282	delivery	150	\N
44	2024-05-13 13:18:18.167743+00	2024-05-13 14:25:29.382028+00	\N	90000.00	canceled	t	388	delivery	191	\N
48	2024-05-13 19:35:33.940799+00	2024-05-13 19:58:24.015455+00	\N	62000.00	canceled	f	179	delivery	92	\N
49	2024-05-13 20:00:15.217669+00	2024-05-13 20:03:56.70255+00	\N	62000.00	canceled	f	179	delivery	92	\N
50	2024-05-14 06:49:41.573674+00	2024-05-14 06:49:41.57371+00	\N	65000.00	in_processing	f	231	delivery	124	+998
58	2024-05-14 11:34:03.094333+00	2024-05-14 11:34:03.094364+00	\N	120000.00	in_processing	f	9	delivery	8	\N
51	2024-05-14 06:51:25.150878+00	2024-05-14 07:21:05.5985+00	\N	95000.00	success	t	231	delivery	124	\N
52	2024-05-14 07:58:54.314019+00	2024-05-14 07:58:54.314052+00	\N	57000.00	in_processing	f	363	delivery	178	\N
53	2024-05-14 08:01:53.024798+00	2024-05-14 08:01:53.024835+00	\N	57000.00	in_processing	f	363	delivery	178	\N
59	2024-05-14 11:37:43.397102+00	2024-05-14 11:37:43.397141+00	\N	20000.00	in_processing	f	13	delivery	10	+998
64	2024-05-14 11:42:09.459449+00	2024-05-14 11:42:09.459484+00	\N	48000.00	in_processing	f	421	delivery	218	+998
65	2024-05-14 11:43:06.34122+00	2024-05-14 11:43:06.341254+00	\N	48000.00	in_processing	f	421	delivery	218	+998
66	2024-05-14 11:43:15.884176+00	2024-05-14 11:43:24.368316+00	\N	15000.00	canceled	f	1	delivery	217	\N
68	2024-05-14 11:46:48.364598+00	2024-05-14 11:46:48.364629+00	\N	15000.00	in_processing	f	1	delivery	217	\N
67	2024-05-14 11:44:54.088239+00	2024-05-14 11:46:25.717151+00	\N	48000.00	canceled	f	421	delivery	218	+998
69	2024-05-14 11:46:57.313202+00	2024-05-14 11:46:57.313224+00	\N	15000.00	in_processing	f	1	delivery	217	\N
70	2024-05-14 11:47:44.22106+00	2024-05-14 11:47:44.221086+00	\N	15000.00	in_processing	f	1	delivery	217	\N
71	2024-05-14 11:48:16.475109+00	2024-05-14 11:48:16.475138+00	\N	45000.00	in_processing	f	3	delivery	2	+998
72	2024-05-14 11:49:06.412517+00	2024-05-14 11:49:06.412542+00	\N	45000.00	in_processing	f	3	delivery	2	+998
73	2024-05-14 11:50:44.460073+00	2024-05-14 11:50:44.4601+00	\N	15000.00	in_processing	f	1	delivery	217	\N
74	2024-05-14 11:53:54.805528+00	2024-05-14 11:53:54.805553+00	\N	15000.00	in_processing	f	1	delivery	217	\N
75	2024-05-14 11:56:12.175389+00	2024-05-14 11:56:34.343152+00	\N	15000.00	canceled	f	1	delivery	217	\N
76	2024-05-14 11:58:04.292257+00	2024-05-14 11:58:04.292304+00	\N	45000.00	in_processing	f	3	delivery	2	+998
77	2024-05-14 12:01:02.559188+00	2024-05-14 12:01:11.089972+00	\N	45000.00	canceled	f	3	delivery	2	+998
78	2024-05-14 12:07:41.941598+00	2024-05-14 12:07:41.941646+00	\N	20000.00	in_processing	f	3	delivery	2	+998
79	2024-05-14 12:08:13.812449+00	2024-05-14 12:08:13.812476+00	\N	20000.00	in_processing	f	3	delivery	2	+998
80	2024-05-14 12:10:12.990568+00	2024-05-14 12:10:12.990598+00	\N	45000.00	in_processing	f	3	delivery	2	+998
81	2024-05-14 12:10:35.042915+00	2024-05-14 12:10:35.042937+00	\N	15000.00	in_processing	f	1	delivery	217	\N
82	2024-05-14 12:11:43.290089+00	2024-05-14 12:12:41.272556+00	\N	15000.00	canceled	f	1	delivery	217	\N
106	2024-05-17 08:24:10.859941+00	2024-05-17 08:24:10.859975+00	\N	60000.00	in_processing	f	477	delivery	255	\N
96	2024-05-15 17:07:08.812291+00	2024-05-15 17:07:08.812315+00	\N	60000.00	in_processing	f	33	delivery	28	\N
87	2024-05-14 15:23:07.534918+00	2024-05-14 15:23:07.534973+00	\N	31000.00	in_processing	f	426	delivery	222	\N
95	2024-05-15 15:11:00.637752+00	2024-05-16 04:57:09.90479+00	\N	60000.00	canceled	t	122	delivery	70	+998
85	2024-05-14 14:10:53.41383+00	2024-05-14 15:26:56.409993+00	\N	48000.00	success	t	402	delivery	198	+998
86	2024-05-14 14:38:50.794825+00	2024-05-14 15:32:49.628875+00	\N	122000.00	success	t	426	delivery	222	\N
98	2024-05-16 06:39:51.358055+00	2024-05-16 06:39:51.358085+00	\N	30000.00	in_processing	f	457	delivery	246	\N
88	2024-05-14 16:51:37.140991+00	2024-05-15 06:07:15.228133+00	\N	48000.00	success	t	171	delivery	87	\N
89	2024-05-15 05:44:58.321707+00	2024-05-15 06:07:18.025893+00	\N	48000.00	canceled	f	231	delivery	124	\N
97	2024-05-15 18:58:16.519229+00	2024-05-16 07:01:38.038772+00	\N	60000.00	canceled	f	106	delivery	64	\N
122	2024-05-18 11:40:13.011138+00	2024-05-18 13:36:45.111116+00	\N	60000.00	success	t	488	delivery	273	+998
117	2024-05-18 06:21:19.324556+00	2024-05-18 06:47:17.066819+00	\N	26000.00	success	t	485	delivery	267	\N
90	2024-05-15 07:35:51.598945+00	2024-05-15 08:08:02.135142+00	\N	93000.00	success	t	435	delivery	231	\N
112	2024-05-17 14:40:05.366045+00	2024-05-17 16:45:09.961606+00	\N	31000.00	success	t	171	delivery	87	\N
111	2024-05-17 14:33:49.619717+00	2024-05-17 16:45:11.759694+00	\N	91000.00	success	t	53	delivery	45	\N
107	2024-05-17 08:25:34.674191+00	2024-05-17 08:55:23.897717+00	\N	60000.00	success	t	477	delivery	255	\N
116	2024-05-18 05:36:38.063363+00	2024-05-18 06:47:17.473258+00	\N	74000.00	success	f	484	delivery	266	+998
109	2024-05-17 09:11:50.731296+00	2024-05-17 09:32:10.591151+00	\N	62000.00	success	t	480	delivery	258	\N
92	2024-05-15 09:59:32.482614+00	2024-05-15 10:26:52.96251+00	\N	62000.00	success	t	171	delivery	87	\N
91	2024-05-15 07:55:45.636796+00	2024-05-15 10:27:50.236946+00	\N	93000.00	success	t	436	delivery	232	+998
83	2024-05-14 12:13:28.576821+00	2024-05-14 12:13:48.574819+00	\N	15000.00	in_processing	f	1	delivery	217	\N
84	2024-05-14 12:14:45.656598+00	2024-05-14 12:14:53.548674+00	\N	45000.00	canceled	f	3	delivery	2	+998
93	2024-05-15 13:02:39.287304+00	2024-05-15 13:02:39.287334+00	\N	48000.00	in_processing	f	202	delivery	105	+998
108	2024-05-17 08:30:12.250579+00	2024-05-17 12:14:09.082222+00	\N	30000.00	success	t	478	delivery	256	\N
105	2024-05-17 06:52:24.151487+00	2024-05-17 12:14:15.854585+00	\N	163000.00	canceled	f	346	delivery	168	\N
121	2024-05-18 10:38:30.391784+00	2024-05-18 13:36:47.72442+00	\N	50000.00	success	t	264	delivery	259	+998
100	2024-05-16 07:32:59.915934+00	2024-05-16 08:17:34.406961+00	\N	102000.00	success	t	16	delivery	13	+998
101	2024-05-16 07:45:18.726072+00	2024-05-16 08:17:38.8676+00	\N	31000.00	success	t	231	delivery	124	+998
102	2024-05-16 08:34:22.98862+00	2024-05-16 08:34:22.988651+00	\N	48000.00	in_processing	f	144	delivery	240	\N
94	2024-05-15 13:03:00.298213+00	2024-05-15 13:27:50.558033+00	\N	48000.00	success	t	202	delivery	105	+998
103	2024-05-16 08:38:17.493655+00	2024-05-16 08:38:17.493679+00	\N	31000.00	in_processing	f	144	delivery	240	\N
99	2024-05-16 06:41:35.894834+00	2024-05-16 08:39:32.174188+00	\N	30000.00	canceled	t	457	delivery	246	\N
104	2024-05-16 13:08:36.544194+00	2024-05-16 13:08:36.544222+00	\N	95000.00	in_processing	f	422	delivery	220	\N
114	2024-05-17 16:55:48.59557+00	2024-05-17 17:19:00.068226+00	\N	93000.00	success	f	264	delivery	259	+998
120	2024-05-18 08:50:16.521232+00	2024-05-18 09:23:47.611155+00	\N	30000.00	success	t	231	delivery	124	\N
113	2024-05-17 16:43:46.486514+00	2024-05-17 17:22:33.094047+00	\N	31000.00	success	t	483	delivery	264	\N
110	2024-05-17 13:57:15.069717+00	2024-05-17 14:35:23.24237+00	\N	93000.00	success	t	218	delivery	117	\N
115	2024-05-17 18:00:31.362664+00	2024-05-18 06:16:28.595189+00	\N	62000.00	canceled	f	143	delivery	81	\N
118	2024-05-18 07:38:33.839845+00	2024-05-18 08:01:34.468184+00	\N	153000.00	success	t	16	delivery	13	\N
119	2024-05-18 07:59:53.242801+00	2024-05-18 08:42:18.316204+00	\N	62000.00	success	t	486	delivery	269	\N
128	2024-05-19 12:12:42.116493+00	2024-05-19 12:14:07.802961+00	\N	15000.00	canceled	f	353	delivery	282	\N
126	2024-05-19 10:41:14.013059+00	2024-05-19 11:10:11.17533+00	\N	25000.00	success	f	238	delivery	130	\N
125	2024-05-18 13:42:05.786301+00	2024-05-18 16:45:10.580901+00	\N	31000.00	success	f	489	delivery	275	\N
124	2024-05-18 12:59:36.903395+00	2024-05-18 13:36:41.566076+00	\N	70000.00	success	t	457	delivery	246	\N
123	2024-05-18 12:36:20.565269+00	2024-05-18 13:36:42.835425+00	\N	120000.00	success	t	435	delivery	231	+998
130	2024-05-19 15:24:36.854111+00	2024-05-20 15:56:34.288173+00	\N	118000.00	success	t	25	delivery	19	\N
129	2024-05-19 14:13:45.793192+00	2024-05-19 14:27:52.210261+00	\N	31000.00	success	t	231	delivery	124	\N
127	2024-05-19 12:11:55.086592+00	2024-05-19 14:18:15.180596+00	\N	60000.00	performing	t	110	delivery	283	\N
131	2024-05-19 20:50:24.212963+00	2024-05-20 06:52:28.273698+00	\N	31000.00	canceled	f	505	delivery	291	\N
132	2024-05-20 06:40:50.561835+00	2024-05-20 06:52:03.960525+00	\N	26000.00	canceled	f	500	delivery	288	\N
133	2024-05-20 10:29:26.571415+00	2024-05-20 10:29:26.571454+00	\N	80000.00	in_processing	f	507	delivery	294	\N
134	2024-05-20 10:29:51.2013+00	2024-05-20 12:42:53.687613+00	\N	80000.00	success	f	507	delivery	294	\N
136	2024-05-20 15:32:50.653566+00	2024-05-20 15:46:20.666596+00	\N	56000.00	performing	f	106	delivery	64	\N
137	2024-05-21 04:11:12.51713+00	2024-05-21 05:28:26.58426+00	\N	96000.00	success	t	516	delivery	301	\N
135	2024-05-20 14:47:00.739696+00	2024-05-22 11:12:27.553257+00	\N	81000.00	success	t	507	delivery	294	\N
196	2024-05-26 13:52:47.862101+00	2024-05-26 13:52:47.862134+00	\N	50000.00	in_processing	f	360	delivery	177	\N
160	2024-05-22 18:53:56.135154+00	2024-05-22 18:53:56.135187+00	\N	48000.00	in_processing	f	273	delivery	310	\N
138	2024-05-21 07:22:23.099116+00	2024-05-21 08:24:30.528595+00	\N	124000.00	success	t	402	delivery	198	\N
161	2024-05-22 18:55:56.986556+00	2024-05-22 18:55:56.986621+00	\N	74000.00	in_processing	f	273	delivery	310	\N
139	2024-05-21 13:55:49.585897+00	2024-05-21 14:04:44.035846+00	\N	31000.00	performing	f	485	delivery	267	\N
140	2024-05-21 13:58:10.441432+00	2024-05-21 14:05:39.985936+00	\N	31000.00	canceled	f	485	delivery	267	\N
141	2024-05-21 18:44:48.690412+00	2024-05-21 18:50:10.476335+00	\N	65000.00	canceled	f	351	delivery	172	\N
142	2024-05-21 20:07:34.516872+00	2024-05-21 20:07:34.516904+00	\N	56000.00	in_processing	f	507	delivery	294	\N
143	2024-05-21 20:09:18.304928+00	2024-05-21 20:09:18.304963+00	\N	56000.00	in_processing	f	507	delivery	294	\N
144	2024-05-22 07:09:53.372441+00	2024-05-22 07:09:53.372471+00	\N	125000.00	in_processing	f	346	delivery	168	\N
145	2024-05-22 07:10:42.155156+00	2024-05-22 07:10:42.155195+00	\N	125000.00	in_processing	f	346	delivery	168	\N
146	2024-05-22 07:11:16.56243+00	2024-05-22 07:11:16.562463+00	\N	125000.00	in_processing	f	346	delivery	168	\N
147	2024-05-22 07:12:06.513369+00	2024-05-22 07:12:06.513402+00	\N	125000.00	in_processing	f	346	delivery	168	+998
148	2024-05-22 07:12:53.047487+00	2024-05-22 07:12:53.047523+00	\N	125000.00	in_processing	f	346	delivery	168	+998
150	2024-05-22 08:33:33.570458+00	2024-05-22 08:33:41.833405+00	\N	45000.00	canceled	f	3	delivery	2	+998
149	2024-05-22 08:32:04.437851+00	2024-05-22 08:38:19.985034+00	\N	62000.00	confirmed	f	345	delivery	167	\N
197	2024-05-26 13:53:47.751622+00	2024-05-26 13:53:47.751655+00	\N	50000.00	in_processing	f	360	delivery	177	\N
198	2024-05-26 14:47:46.520013+00	2024-05-26 14:47:46.520049+00	\N	90000.00	in_processing	f	402	delivery	198	+998
179	2024-05-24 06:27:23.765345+00	2024-05-24 07:38:04.635459+00	\N	62000.00	success	t	182	delivery	93	\N
159	2024-05-22 18:01:41.62934+00	2024-05-22 19:00:22.983355+00	\N	52000.00	success	f	527	delivery	308	\N
158	2024-05-22 18:00:39.281531+00	2024-05-22 19:00:54.177102+00	\N	124000.00	success	f	143	delivery	81	\N
162	2024-05-22 22:10:21.867772+00	2024-05-22 22:10:21.867802+00	\N	90000.00	in_processing	f	507	delivery	294	\N
163	2024-05-23 06:05:27.729977+00	2024-05-23 06:05:27.730011+00	\N	15000.00	in_processing	f	353	delivery	282	\N
164	2024-05-23 06:07:05.793844+00	2024-05-23 06:07:05.793883+00	\N	28000.00	in_processing	f	353	delivery	282	\N
174	2024-05-23 15:17:48.032142+00	2024-05-23 17:10:20.34172+00	\N	31000.00	success	t	43	delivery	34	\N
175	2024-05-23 16:37:01.972278+00	2024-05-23 17:10:23.015866+00	\N	93000.00	success	t	134	delivery	75	\N
166	2024-05-23 07:42:51.48952+00	2024-05-23 07:42:51.489554+00	\N	61000.00	in_processing	f	18	delivery	15	\N
181	2024-05-24 08:10:27.201819+00	2024-05-24 08:10:27.201854+00	\N	62000.00	in_processing	f	343	delivery	173	\N
167	2024-05-23 07:44:19.073556+00	2024-05-23 08:12:23.646738+00	\N	61000.00	success	t	18	delivery	15	\N
168	2024-05-23 08:28:05.015686+00	2024-05-23 08:28:05.015721+00	\N	31000.00	in_processing	f	534	delivery	313	+998
169	2024-05-23 08:28:51.017665+00	2024-05-23 08:28:51.017691+00	\N	31000.00	in_processing	f	534	delivery	313	+998
170	2024-05-23 08:30:00.32884+00	2024-05-23 08:30:00.328872+00	\N	31000.00	in_processing	f	534	delivery	313	+998
165	2024-05-23 07:16:02.732443+00	2024-05-23 08:50:08.934339+00	\N	60000.00	success	t	17	delivery	14	\N
154	2024-05-22 16:23:31.964653+00	2024-05-22 16:50:25.407281+00	\N	96000.00	success	t	526	delivery	307	\N
153	2024-05-22 15:48:00.124045+00	2024-05-22 16:50:28.229762+00	\N	25000.00	success	t	238	delivery	130	\N
155	2024-05-22 17:24:34.371902+00	2024-05-22 17:32:11.072335+00	\N	65000.00	performing	f	351	delivery	172	\N
151	2024-05-22 10:56:12.21821+00	2024-05-22 17:33:54.863002+00	\N	52000.00	success	t	507	delivery	294	\N
152	2024-05-22 11:40:17.121926+00	2024-05-22 17:33:55.307179+00	\N	20000.00	canceled	t	13	delivery	10	+998
156	2024-05-22 17:58:25.557111+00	2024-05-22 17:58:25.557142+00	\N	124000.00	in_processing	f	143	delivery	81	\N
157	2024-05-22 17:59:55.24522+00	2024-05-22 17:59:55.245255+00	\N	124000.00	in_processing	f	143	delivery	81	\N
171	2024-05-23 12:25:02.518248+00	2024-05-23 12:28:03.450106+00	\N	124000.00	performing	f	402	delivery	198	\N
182	2024-05-24 09:14:22.496404+00	2024-05-24 09:42:26.834984+00	\N	71000.00	performing	f	507	delivery	294	\N
183	2024-05-24 12:19:21.359186+00	2024-05-24 12:19:21.359216+00	\N	31000.00	in_processing	f	68	delivery	50	\N
184	2024-05-24 12:27:29.192289+00	2024-05-24 12:27:29.192331+00	\N	31000.00	in_processing	f	68	delivery	50	\N
185	2024-05-24 16:59:15.997974+00	2024-05-24 16:59:15.998001+00	\N	79000.00	in_processing	f	526	delivery	307	\N
172	2024-05-23 14:52:05.974247+00	2024-05-23 15:24:49.007376+00	\N	60000.00	success	t	417	delivery	208	+998
186	2024-05-25 07:03:35.204516+00	2024-05-25 07:03:35.204545+00	\N	93000.00	in_processing	f	480	delivery	258	+998
187	2024-05-25 07:05:02.112103+00	2024-05-25 07:05:02.112151+00	\N	93000.00	in_processing	f	480	delivery	258	\N
177	2024-05-24 04:39:10.583785+00	2024-05-24 06:33:28.248927+00	\N	61000.00	success	t	612	delivery	336	\N
173	2024-05-23 15:16:29.318081+00	2024-05-23 16:08:36.481368+00	\N	61000.00	success	t	43	delivery	34	\N
188	2024-05-25 07:11:02.721487+00	2024-05-25 07:11:02.721516+00	\N	105000.00	in_processing	f	231	delivery	124	\N
178	2024-05-24 05:58:29.887437+00	2024-05-24 06:36:40.433978+00	\N	115000.00	success	t	614	delivery	337	\N
176	2024-05-23 18:49:20.950732+00	2024-05-24 06:38:14.2365+00	\N	62000.00	success	t	593	delivery	332	\N
189	2024-05-25 07:12:13.124849+00	2024-05-25 07:12:13.124878+00	\N	105000.00	in_processing	f	231	delivery	124	\N
199	2024-05-26 16:14:38.932835+00	2024-05-26 16:14:38.941746+00	\N	45000.00	in_processing	f	3	delivery	2	+998
180	2024-05-24 06:30:01.401406+00	2024-05-24 06:41:30.08641+00	\N	86000.00	canceled	f	210	delivery	276	\N
190	2024-05-25 07:13:50.866259+00	2024-05-25 07:13:50.866287+00	\N	135000.00	in_processing	f	231	delivery	124	+998
191	2024-05-25 08:27:29.732436+00	2024-05-25 08:27:29.732462+00	\N	71000.00	in_processing	f	16	delivery	13	\N
192	2024-05-25 10:16:42.511737+00	2024-05-25 10:16:42.511767+00	\N	65000.00	in_processing	f	24	delivery	30	\N
193	2024-05-25 13:18:55.760095+00	2024-05-25 13:18:55.760125+00	\N	86000.00	in_processing	f	507	delivery	294	\N
194	2024-05-26 05:08:17.173129+00	2024-05-26 05:08:17.173159+00	\N	26000.00	in_processing	f	485	delivery	267	\N
195	2024-05-26 05:09:16.739371+00	2024-05-26 05:09:16.739401+00	\N	26000.00	in_processing	f	485	delivery	267	\N
200	2024-05-26 16:23:00.764139+00	2024-05-26 16:23:00.775122+00	\N	45000.00	in_processing	f	3	delivery	2	+998
201	2024-05-26 16:45:59.625382+00	2024-05-26 16:45:59.625477+00	\N	20000.00	in_processing	f	3	delivery	2	+998
202	2024-05-26 17:52:21.547611+00	2024-05-26 17:52:21.547647+00	\N	55000.00	in_processing	f	644	delivery	353	+998
203	2024-05-26 18:11:55.361127+00	2024-05-26 18:11:55.361167+00	\N	28000.00	in_processing	f	644	delivery	353	+998
204	2024-05-26 18:22:25.712528+00	2024-05-26 18:22:25.712575+00	\N	40000.00	in_processing	f	644	delivery	353	+998
205	2024-05-27 03:24:39.124233+00	2024-05-27 03:24:39.124259+00	\N	60000.00	in_processing	f	644	delivery	353	+998
206	2024-05-27 03:31:30.670206+00	2024-05-27 03:31:30.670241+00	\N	15000.00	in_processing	f	644	delivery	353	+998
207	2024-05-27 06:38:21.718369+00	2024-05-27 06:38:21.718403+00	\N	130000.00	in_processing	f	346	delivery	168	+998
208	2024-05-27 08:23:56.659088+00	2024-05-27 08:23:56.659115+00	\N	225000.00	in_processing	f	4	delivery	16	\N
209	2024-05-27 08:24:43.545399+00	2024-05-27 08:24:43.545424+00	\N	153000.00	in_processing	f	4	delivery	16	\N
210	2024-05-27 08:25:40.814455+00	2024-05-27 08:25:40.814486+00	\N	28000.00	in_processing	f	4	delivery	16	\N
211	2024-05-27 09:12:03.399677+00	2024-05-27 09:12:03.399708+00	\N	65000.00	in_processing	f	4	delivery	16	+998e
212	2024-05-27 09:18:36.516739+00	2024-05-27 09:18:36.51676+00	\N	85000.00	in_processing	f	652	delivery	356	\N
213	2024-05-27 09:19:53.229988+00	2024-05-27 09:19:53.230015+00	\N	45000.00	in_processing	f	4	delivery	16	+998
214	2024-05-27 10:01:55.174982+00	2024-05-27 10:01:55.175008+00	\N	31000.00	in_processing	f	161	delivery	85	\N
215	2024-05-27 10:03:24.441324+00	2024-05-27 10:03:24.44136+00	\N	31000.00	in_processing	f	161	delivery	85	\N
216	2024-05-27 10:11:59.936711+00	2024-05-27 10:11:59.936746+00	\N	31000.00	in_processing	f	161	delivery	85	\N
217	2024-05-27 11:17:00.473636+00	2024-05-27 11:17:00.473656+00	\N	40000.00	in_processing	f	3	delivery	2	+998
218	2024-05-27 11:32:26.254673+00	2024-05-27 11:32:26.254705+00	\N	45000.00	in_processing	f	644	delivery	353	+998
219	2024-05-27 11:37:52.180126+00	2024-05-27 11:37:52.180161+00	\N	45000.00	in_processing	f	4	delivery	16	+998
220	2024-05-27 11:39:01.642071+00	2024-05-27 11:39:01.642099+00	\N	25000.00	in_processing	f	4	delivery	16	+998
222	2024-05-27 13:52:22.356083+00	2024-05-27 13:52:22.356116+00	\N	25000.00	in_processing	f	653	delivery	358	\N
225	2024-05-27 16:14:43.301085+00	2024-05-27 16:14:43.301113+00	\N	93000.00	in_processing	f	655	delivery	362	\N
\.


--
-- Data for Name: products; Type: TABLE DATA; Schema: public; Owner: chogirmali
--

COPY public.products (id, created_at, updated_at, deleted_at, title, price, discount_percentage, category_id, image, external_id) FROM stdin;
40	2024-05-12 07:21:40.907147+00	2024-05-14 11:25:30.282252+00	\N	Монго Музкаймок	15000.00	0	8	products/maxresdefault_1.jpg	\N
4	2024-05-10 05:01:14.946995+00	2024-05-10 05:01:14.947019+00	\N	стейк салат	45000.00	0	3	products/crop-8ef8b18b-eb93-4f96-8b91-3bb53c256195.jpg	\N
3	2024-05-10 04:59:18.790665+00	2024-05-10 05:01:54.960506+00	\N	Свежей салат	20000.00	0	3	products/crop-0ae2bbc4-f97c-4f7b-845c-97d61caee2b9.jpg	\N
5	2024-05-10 05:02:20.472961+00	2024-05-10 05:02:20.472984+00	\N	хрустящий баклажан	25000.00	0	3	products/crop-62feb213-da54-4de7-96d9-2216aa3915a9.jpg	\N
6	2024-05-10 05:02:49.320817+00	2024-05-10 05:02:49.32084+00	\N	Салат цезарь	30000.00	0	3	products/crop-dadd1dab-3f6c-478e-8186-36743704fb5d.jpg	\N
7	2024-05-10 05:03:12.185633+00	2024-05-10 05:03:12.185657+00	\N	Салат с языком	28000.00	0	3	products/crop-3adddfaf-91c5-436c-98c6-e40e77c77914.jpg	\N
8	2024-05-10 05:03:55.504498+00	2024-05-10 05:03:55.504521+00	\N	Том ям	40000.00	0	4	products/crop-3d23b9af-a7df-4970-bdb1-9c75e1c3c3c7.jpg	\N
9	2024-05-10 05:04:17.318606+00	2024-05-10 05:04:17.318631+00	\N	Суп чечевичный	25000.00	0	4	products/crop-4ef6ffd2-a8a3-4725-b6dc-85f3cdcef9fa.jpg	\N
10	2024-05-10 05:04:54.273398+00	2024-05-10 05:04:54.273429+00	\N	Тущенка	75000.00	0	5	products/crop-3158d9e1-f34f-48e1-bef5-877c76cb4623.jpg	\N
11	2024-05-10 05:05:22.829304+00	2024-05-10 05:05:22.829325+00	\N	Бифстрогонов	50000.00	0	5	products/crop-137e961c-85ef-4506-b987-a4105c441bde.jpg	\N
12	2024-05-10 05:09:24.389746+00	2024-05-10 05:09:24.389766+00	\N	Филе миньион	80000.00	0	5	products/crop-693ac8df-82dc-4427-aeb8-09607c65d65d.jpg	\N
13	2024-05-10 05:15:01.255218+00	2024-05-10 05:15:01.255239+00	\N	Стейк рыбай	80000.00	0	5	products/crop-6d9d498a-8829-4684-aac3-eb0e155a648b.jpg	\N
14	2024-05-10 05:15:34.277761+00	2024-05-10 05:15:34.277781+00	\N	Биф чиз	70000.00	0	5	products/crop-6c8e136e-6f21-49f9-942d-0e02f388725a.jpg	\N
15	2024-05-10 05:34:49.746523+00	2024-05-10 05:34:49.746546+00	\N	Паста Альфредо	45000.00	0	5	products/crop-065985f3-8109-4e0e-a29c-8ac3020c6c90.jpg	\N
16	2024-05-10 06:10:02.55566+00	2024-05-10 06:10:02.555681+00	\N	Маргарита	50000.00	0	7	products/crop-71e0ea94-8f0f-4d19-9cf8-27658d1ce2f4.jpg	\N
17	2024-05-10 06:10:47.593746+00	2024-05-10 06:10:47.593766+00	\N	Куриная пицца	60000.00	0	7	products/crop-727442a9-debc-4cfc-a1ae-fed93e950509.jpg	\N
18	2024-05-10 06:12:54.925129+00	2024-05-10 06:12:54.925149+00	\N	Стейк пицца	65000.00	0	7	products/crop-33bc91ba-2c6b-412d-a9b6-608aef88dfd0.jpg	\N
19	2024-05-10 06:14:01.541045+00	2024-05-10 06:14:01.541068+00	\N	Пицца 4 сыра	55000.00	0	7	products/crop-9a24dc81-a413-4b06-a75f-c39de19dd97e.jpg	\N
20	2024-05-10 06:14:26.69107+00	2024-05-10 06:14:26.691093+00	\N	Пицца пепперони	60000.00	0	7	products/crop-52df594a-9a4f-4fe8-bdb4-2f7d41c1e5c8.jpg	\N
21	2024-05-10 06:14:59.237733+00	2024-05-10 06:14:59.237759+00	\N	Витчина грибы	60000.00	0	7	products/crop-1342b9bd-40c6-4dd6-9293-ef56df950785.jpg	\N
22	2024-05-10 06:15:23.22163+00	2024-05-10 06:15:23.221651+00	\N	Диябло пицца	70000.00	0	7	products/crop-3258bd16-89f3-4d48-add9-b3a1889d0d54.jpg	\N
23	2024-05-10 06:25:26.139971+00	2024-05-10 06:25:26.140034+00	\N	Тандыр Лаваш	48000.00	0	6	products/crop-61f758a1-b89b-4c8d-bdd0-0f7078d2fd33.jpg	\N
24	2024-05-10 06:25:53.195598+00	2024-05-10 06:25:53.195619+00	\N	Лаваш	31000.00	0	6	products/crop-ff9d9740-c2e7-4aa3-9c3b-bea0d5b603a6.jpg	\N
25	2024-05-10 06:26:30.47192+00	2024-05-10 06:26:30.47195+00	\N	Чикен бургер	26000.00	0	6	products/crop-c8e7cb6d-9d39-4511-a90a-43410db3f0df.jpg	\N
26	2024-05-10 06:26:57.932267+00	2024-05-10 06:26:57.932289+00	\N	Бургер 2Х	40000.00	0	6	products/crop-a1cd21b0-852d-4f99-85a5-10e36b1fdec9.jpg	\N
27	2024-05-10 06:27:16.722398+00	2024-05-10 06:27:16.722423+00	\N	Бургер	30000.00	0	6	products/crop-1075576a-6113-4e4c-9c53-083cd849b0b1.jpg	\N
28	2024-05-10 06:28:15.92655+00	2024-05-10 06:28:15.926578+00	\N	Бургер Премиум	60000.00	0	6	products/crop-b216152a-b4b2-42eb-bc6e-f79c2a325e59.jpg	\N
29	2024-05-12 06:53:37.970326+00	2024-05-12 06:53:37.970357+00	\N	Чизкейк шоколадны	28000.00	0	8	products/9c96a357-1a95-4c1d-b588-65fc5a07afcb.jpg	\N
30	2024-05-12 06:57:08.463166+00	2024-05-12 06:57:08.463191+00	\N	Чизкейк классика	28000.00	0	8	products/cda777f68d48c79fd40df99a9842f5c2.jpeg	\N
31	2024-05-12 06:59:34.31961+00	2024-05-12 06:59:34.319633+00	\N	Сан Себастиан	35000.00	0	8	products/maxresdefault.jpg	\N
32	2024-05-12 07:00:57.230575+00	2024-05-12 07:00:57.230599+00	\N	Медовик	24000.00	0	8	products/1670538345_18-podacha-blud-com-p-medovik-razrez-torta-foto-19.jpg	\N
33	2024-05-12 07:04:08.24479+00	2024-05-12 07:04:08.244816+00	\N	Шоколфдный фондом	25000.00	0	8	products/1632344985_1-mykaleidoscope-ru-p-shokoladnii-fondan-s-zhidkim-tsentrom-kras-1.jpg	\N
35	2024-05-12 07:12:04.486232+00	2024-05-12 07:12:04.486257+00	\N	Вафли киви	45000.00	0	8	products/food_puzzle_073.jpg	\N
36	2024-05-12 07:13:30.57866+00	2024-05-12 07:13:30.57868+00	\N	Вафли клубника	50000.00	0	8	products/1666479662_7-mykaleidoscope-ru-p-vafli-kruglie-oboi-9.jpg	\N
37	2024-05-12 07:15:20.285438+00	2024-05-12 07:15:20.285458+00	\N	Вафли микс	60000.00	0	8	products/unnamed.jpg	\N
38	2024-05-12 07:16:41.62423+00	2024-05-12 07:16:41.624251+00	\N	Вафли бершя	40000.00	0	8	products/50cbfc9e34544a028fed7263b611b431.jpg	\N
39	2024-05-12 07:19:41.60114+00	2024-05-12 07:19:41.601163+00	\N	Гонконг микс	80000.00	0	8	products/ufyn2dceoecyxxmexxq2adem3ny58cfh.jpg	\N
42	2024-05-12 07:25:18.422654+00	2024-05-14 11:25:12.078717+00	\N	Фисташка Музкаймок	15000.00	0	8	products/ede114f73524112c6308d5823231--raboty-dlya-detej-mulyazh-sharikov-morozhenogo-v-kremanke.jpg	\N
41	2024-05-12 07:23:36.859745+00	2024-05-14 11:25:22.152845+00	\N	Банан Музкаймок	15000.00	0	8	products/1517380263.png	\N
34	2024-05-12 07:10:18.505181+00	2024-05-14 11:21:20.631295+00	\N	Вафли банан	45000.00	0	8	products/790b16bb8a6d3dc76b0ff0ac36ba434e.jpeg	\N
\.


--
-- Data for Name: users; Type: TABLE DATA; Schema: public; Owner: chogirmali
--

COPY public.users (id, password, last_login, is_superuser, created_at, updated_at, deleted_at, phone_number, telegram_id, is_staff, is_blocked, full_name) FROM stdin;
20	pbkdf2_sha256$720000$cZlsjEIcBUH7g7E37MLuDX$sdyYYfzLbRK1UtKQ2bI9ZId//56WU3v0Rk6LXqczMhI=	\N	f	2024-05-10 11:40:31.889613+00	2024-05-10 11:40:31.939012+00	\N	+998994539184	691272190	f	f	\N
21	pbkdf2_sha256$720000$xoD5cozzUL3vuXEA7Nxsyr$omGnQkmi45WZpf7ufjxnv/yK4IOCK3l11webCTTyDQM=	\N	f	2024-05-10 12:16:13.479622+00	2024-05-10 12:16:13.479672+00	\N	+998999123213	\N	f	f	\N
3	pbkdf2_sha256$720000$Kk6d8fkcnJrGQ14o6y4hez$AkOfK3qjaOO4m83vdC2BqJlQ62aZHcHJe1eNU8hOr38=	\N	f	2024-05-09 11:29:11.552896+00	2024-05-27 11:17:00.468073+00	\N	+998947094575	5509036572	f	t	\N
6	pbkdf2_sha256$720000$F96UHzo6ubIK4infkdoqRe$dm+zATv+GPcEPCc3djnRRYhC7i0nl6u11CMQKkBfjsw=	\N	f	2024-05-09 12:42:36.551351+00	2024-05-09 12:42:36.562294+00	\N	+998904379242	5604170659	f	f	\N
16	pbkdf2_sha256$720000$xNjEGmXCKPqq9lsnVXBq4p$0tLyow8fzCZ7kwXUVUjrOe6h0qsElqIm94V8G5MsO5w=	\N	f	2024-05-10 09:25:32.453714+00	2024-05-27 07:31:28.574702+00	\N	+998907139777	6326345428	f	f	\N
4	pbkdf2_sha256$720000$otaak6OUz9GLcLtAwJ8Wfm$HEBcpG1Y/y1I6Ng/yxhsQkqz9wTjztj1BrqwUTFL3uE=	\N	f	2024-05-09 12:22:12.265019+00	2024-05-09 18:32:43.420594+00	\N	+998919192020	920166635	f	f	\N
24	pbkdf2_sha256$720000$9soyX5cCiHncNVkfZuvqDj$WZcfM4VjbST8dXXZb3G1r4QQ+ZLRkKxSAUVTeU3QjQ0=	\N	f	2024-05-10 13:59:28.712245+00	2024-05-11 14:16:31.259696+00	\N	+998901234567	1371038453	f	f	\N
8	pbkdf2_sha256$720000$D4xc3E7epbTv5LWUEhvsjr$Nz3I7LXT6DXmDaIevblgpumDRpIgr5uOm7UC4f2yjbQ=	\N	f	2024-05-10 06:17:32.876214+00	2024-05-10 06:17:32.90812+00	\N	+998882640000	5090164417	f	f	\N
13	pbkdf2_sha256$720000$hBgQduoJtXnuewSE5pidtb$IkJKRPBUkpk0M2yNsQvx8enOxT3rKHWb0D3NYT1pxvM=	\N	f	2024-05-10 08:18:49.492008+00	2024-05-27 13:38:26.19926+00	\N	+998991982723	5714991270	f	f	\N
10	pbkdf2_sha256$720000$BMyf8dlaTMlYVVmfoLKYMX$FqSK1wB2zSFe4/KElmmfhpiU6A7OsEMc1S5zveOVw9E=	\N	f	2024-05-10 06:57:40.841421+00	2024-05-10 06:57:40.851587+00	\N	+998975257475	1127371643	f	f	\N
11	pbkdf2_sha256$720000$oQJpJlzk9x1x7xpUWM0BLi$0bfg4+z7HgkHN+jYQ1oHKe8t9FGh81F12PJas9cal8g=	\N	f	2024-05-10 07:20:39.450623+00	2024-05-10 07:20:39.460557+00	\N	+998914289858	1566917041	f	f	\N
12	pbkdf2_sha256$720000$ANqjRA0nHyuNTwRj3jvbHP$ddRs3CE7zIZsYzQwYqJIkQ8FnFoDD4WsClNhi2atfj0=	\N	f	2024-05-10 07:51:11.305423+00	2024-05-10 07:51:11.316816+00	\N	+998978586670	949171783	f	f	\N
9	pbkdf2_sha256$720000$NI43uhRTaUHeUEqZI71Rkm$gNXY9Fq4BNha5lypg/KuRC5tbb1woOX/WVq3zx/U138=	\N	f	2024-05-10 06:47:19.171051+00	2024-05-17 09:48:34.632803+00	\N	+998907139798	5298452101	f	f	\N
14	pbkdf2_sha256$720000$BkxeQk4CxND4PxvChwGali$w+P97trJqlGZiCBlWhUZjIhAdWsiQzFoN+MK/xSmSlc=	\N	f	2024-05-10 08:42:55.890025+00	2024-05-10 08:42:55.922941+00	\N	+998999647252	798219924	f	f	\N
15	pbkdf2_sha256$720000$aXEQ5lyVpRn23qQZ3LiwLF$KAh9uBqjLEnTTd2lZkNMUXi0cfN2FnzPJr3/lD0pdj0=	\N	f	2024-05-10 09:10:02.35714+00	2024-05-10 09:10:02.367805+00	\N	+998974485888	6343884730	f	f	\N
1	pbkdf2_sha256$720000$YKq1Am82TmtZV5lwRUnyC9$7k672rRj1VX8JRxXVgG5s+0Bfl4qt3fcvuWZVPoTvqM=	2024-05-27 13:20:12.673944+00	t	2024-05-09 11:01:01.427548+00	2024-05-27 05:31:57.370735+00	\N	qoshkopiravtosavdo	\N	t	f	\N
17	pbkdf2_sha256$720000$qJtc1wmMEAiuu7k09gAD5H$npM/oSK+V03reaMaKJeaDJmnsSDhE7aPUFfxzYko4Jw=	\N	f	2024-05-10 10:52:15.804396+00	2024-05-10 10:52:15.816143+00	\N	+998339030073	1773342331	f	f	\N
18	pbkdf2_sha256$720000$A20L7OJWLwKvnhyZzTTDOm$ig3o/WAVKm/m7capnTl431yz+iESgmUu/A/cU3R0Hww=	\N	f	2024-05-10 11:14:23.969135+00	2024-05-10 11:14:23.986182+00	\N	+998959377377	838630127	f	f	\N
19	pbkdf2_sha256$720000$sLIs26RoQVLp0FVuCYoA46$j/9w4aovL8chpmEpER5W6YJ0TIAO5VJOrwBQ2iW1hdQ=	\N	f	2024-05-10 11:14:24.719085+00	2024-05-10 11:14:24.724025+00	\N	+998934672922	6561909275	f	f	\N
22	pbkdf2_sha256$720000$PXEAnXRdbsLtP8NRLfSthA$fExTPDQGfs7hiYUp0ZHPkEOERVjpbguZN9svpAChajQ=	\N	f	2024-05-10 13:02:29.975299+00	2024-05-10 13:02:29.993609+00	\N	+998990647775	929943809	f	f	\N
23	pbkdf2_sha256$720000$M66wE6IGnBgSdlprs33abO$eSWV+is0NvzFU3ST+LwRpIh39/wxNiyX2H7YXugV8xc=	\N	f	2024-05-10 13:04:48.62119+00	2024-05-10 13:04:48.633295+00	\N	+998904329960	1641913128	f	f	\N
7	pbkdf2_sha256$720000$kvETKHZcunonJll7KiMMyR$uCeRweesg8mbeX6/oHlhLZqR0ae1yH5fUwRRpnZIVSg=	\N	f	2024-05-09 18:26:38.221373+00	2024-05-11 19:33:27.588051+00	\N	+998995631200	1609410037	f	f	\N
5	pbkdf2_sha256$720000$Oz0LBhxNaUVIM9MXAVb0QS$gMaCgBDXEmhYfjFheQs82tUAlpE0C+twHNu0gsYh8pU=	\N	f	2024-05-09 12:39:55.201676+00	2024-05-27 04:09:39.786368+00	\N	+998915725444	234496289	f	f	\N
26	pbkdf2_sha256$720000$3P8hNWZ88RzNAhlkrKvD0S$mG3BCgU2Y3wPk+wFS23oCcJfD0JySnHgy8djFfKvKFM=	\N	f	2024-05-10 15:46:19.142706+00	2024-05-10 15:46:19.151935+00	\N	+998932870702	574665224	f	f	\N
27	pbkdf2_sha256$720000$xNWeEzI4rAT4293wIWMy96$2Fhd5pL8f1zB3Labe4F0mD/Ew0iFkKOfvbZBqIX5jYU=	\N	f	2024-05-10 15:48:33.761207+00	2024-05-10 15:48:33.781104+00	\N	+998999699747	684269539	f	f	\N
35	pbkdf2_sha256$720000$2sPSfbliPpsz3KXbROs2rz$2OPuehj4YDTSRX3ThzDt9Pg2DZEwSPBUeh7PWhO4qow=	\N	f	2024-05-11 05:30:42.533727+00	2024-05-11 05:30:42.538122+00	\N	+998946745115	910935600	f	f	\N
29	pbkdf2_sha256$720000$QTdf3iY6UOSh3BWWcPiWEf$KUqFh2Oh1YlwlqTWuSyfXQs/m4N6plONV1DYdKD25l8=	\N	f	2024-05-10 16:58:24.118649+00	2024-05-10 16:58:24.118678+00	\N	+998111111111	\N	f	f	\N
30	pbkdf2_sha256$720000$eqE15p1VVUzbohATPiKvGm$s5A7UgxWhuPtQ+dbYP6PK7jCUzN6xJiEgFfCjoHX+2A=	\N	f	2024-05-10 17:56:08.867084+00	2024-05-10 17:56:08.878577+00	\N	+998888596202	5985964049	f	f	\N
31	pbkdf2_sha256$720000$3MvXllkjq1Gv8JBD9hIbf0$FfvIW++zUmDJSEJ0Kn4npkeVxZSoQPY6Nmr+zFieHMQ=	\N	f	2024-05-10 19:20:57.362334+00	2024-05-10 19:20:57.372344+00	\N	+998959100904	6004854226	f	f	\N
32	pbkdf2_sha256$720000$moZp6tzOoSt2OOM5SHX2VL$uvqZlqQ9rDArgPXDeTPFKO8eeZtK/o2tXgByIowZrbI=	\N	f	2024-05-10 19:57:41.782582+00	2024-05-10 19:57:41.793851+00	\N	+998995003439	1099380534	f	f	\N
33	pbkdf2_sha256$720000$CbJXbcKZeCFnnSBqv2yUXv$riysuVBdJKqiRxcafO31huDb49A6+9q5fkzYnGsJAZk=	\N	f	2024-05-11 05:19:00.796898+00	2024-05-11 05:19:00.812747+00	\N	+998995266626	6225187429	f	f	\N
34	pbkdf2_sha256$720000$lLL95lnsVk9XFhSIMdsWm1$mJrYX0ad/kBd6c1sTjaDpFA9/M2TBo6oOTV6XZaCFQU=	\N	f	2024-05-11 05:19:22.878403+00	2024-05-11 05:19:22.888439+00	\N	+998880929565	5271310094	f	f	\N
28	pbkdf2_sha256$720000$wiKyUjfowGHr7pds9CdJNQ$kGu96msF8VKWilgaGTcSXqRmoGHshaXGGskBaMwLXd0=	\N	f	2024-05-10 15:51:30.070582+00	2024-05-11 05:30:29.380332+00	\N	+998977488852	910935600	f	f	\N
36	pbkdf2_sha256$720000$16211ZjsvfNWQTJvWWk1CN$1Waawe2PwKfekhZ2+fu4A58g6ZXk4CjEjklsi0b7jZ8=	\N	f	2024-05-11 07:43:44.002176+00	2024-05-11 07:43:44.012129+00	\N	+998977914445	2026952514	f	f	\N
37	pbkdf2_sha256$720000$5jiAYYVKpAakWy3ty7lQ9r$XJMABpASgZQQKDlHjpNYZHjSHrwDkcxB3D8zu3EZyAQ=	\N	f	2024-05-11 07:51:02.725842+00	2024-05-11 07:51:02.737108+00	\N	+998999638314	1183059982	f	f	\N
38	pbkdf2_sha256$720000$WOGaxJq53glSyxk3lSNd03$IYvSGG7V+yh5TlNO/MacTVsbwzGX6AEgqVotsvjIrt4=	\N	f	2024-05-11 07:52:04.11993+00	2024-05-11 07:52:04.12541+00	\N	+998991890808	2005385895	f	f	\N
39	pbkdf2_sha256$720000$lriDhQuWBKDxgp701XEDFl$CKUV3e5+UD/uGaWQ5WpFvON9qrkjXTub1P4OWVR/4rA=	\N	f	2024-05-11 08:25:39.0632+00	2024-05-11 08:25:39.068766+00	\N	+998972995026	5131916204	f	f	\N
40	pbkdf2_sha256$720000$KOQXWlXX2sWk1qwaLWAnGw$FCY8O2mHKqvImCcssvIfX4gOZArkqAQN9R77fab5ZYs=	\N	f	2024-05-11 08:56:38.021219+00	2024-05-11 08:56:38.032687+00	\N	+998990253732	1351454276	f	f	\N
41	pbkdf2_sha256$720000$kK0IH3dnxc7rJfSL6itPoU$kmAMRqv6+YgWqWe3bsyL3SNTsMHCn3bJG4RdhJgxMso=	\N	f	2024-05-11 08:57:54.222477+00	2024-05-11 08:57:54.227483+00	\N	+998886000823	5243039842	f	f	\N
42	pbkdf2_sha256$720000$9NfSaOIEYvQ2dVNgHfgkkW$TslGcRLBMpbod8IqAGNKFJzlfiPNVSPZXRLsaUAnYrk=	\N	f	2024-05-11 09:21:01.155962+00	2024-05-11 09:21:01.166909+00	\N	+998973631050	1650755316	f	f	\N
25	pbkdf2_sha256$720000$IIOt250XWY8NoIXRhgqogu$5sY5VrzibkG0g3ishsyLnOy4Xm9w+rQFxSDx2PaQjK8=	\N	f	2024-05-10 15:44:49.767369+00	2024-05-19 15:22:43.671728+00	\N	+998914321555	450915124	f	f	\N
43	pbkdf2_sha256$720000$tt6WWftIPBrj1Dz0egQzMi$OatgPuMRHeUpOtU8IJEE3qGyYRaOHA9jQgIircl8kzI=	\N	f	2024-05-11 09:25:15.102544+00	2024-05-11 09:25:15.11863+00	\N	+998914226109	5059809826	f	f	\N
44	pbkdf2_sha256$720000$ZQPfLE42CCaL57ZQUpFEG5$EY+1VZQzuuRABNYvoXE1hKRC+dlMYG5S72Xx8y895EE=	\N	f	2024-05-11 10:18:20.900712+00	2024-05-11 10:18:20.912357+00	\N	+998942329389	628915391	f	f	\N
45	pbkdf2_sha256$720000$VsMomQfUIWi7YQ4RuJjSKU$JtK3/3ywXoTo8hg3Kgc9GlkowrVEl/QKNS7M9CvspGc=	\N	f	2024-05-11 10:54:40.530515+00	2024-05-11 10:54:40.550372+00	\N	+998995650708	938708145	f	f	\N
46	pbkdf2_sha256$720000$IwdmquThkZNtI3eK7iw53U$Z61KPIP1txPQHcCiUWuTxeb+nnfk043dC7C/+OULwQk=	\N	f	2024-05-11 11:21:09.072424+00	2024-05-11 11:21:09.087393+00	\N	+998995013119	5871086669	f	f	\N
47	pbkdf2_sha256$720000$sBsmoAH4v8SxRI4dQCoFpQ$GeDxEX2jRWwHD2U4KvywU0euh3EJy4IoSYiojmImz8Y=	\N	f	2024-05-11 11:39:45.742156+00	2024-05-11 11:39:45.754956+00	\N	+998909499801	6958256649	f	f	\N
48	pbkdf2_sha256$720000$ZK0LPwyr6pXSPEtfKJAPB5$xoBKNoBc52jku3rgRL8RirGI5tiIRUlBDaZgrB0tt74=	\N	f	2024-05-11 13:00:13.496446+00	2024-05-11 13:09:03.920974+00	\N	+998993335505	878606961	f	f	\N
49	pbkdf2_sha256$720000$71xfGYj1dRr8QsqDZqjrsH$JPYRxjFolTPr2zikZRgdIbvj2I1THl8J/bwAc9MN8Dc=	\N	f	2024-05-11 13:13:32.237164+00	2024-05-11 13:13:32.242872+00	\N	+998975258382	956810507	f	f	\N
50	pbkdf2_sha256$720000$GuOp7qdW7G7ITCFDO3VMdK$8mFs3vbAgUTk47XL60VimfECU6UBhWLi4z340HVoYD4=	\N	f	2024-05-11 14:16:49.40401+00	2024-05-11 14:16:49.409128+00	\N	+998999584978	1371038453	f	f	\N
51	pbkdf2_sha256$720000$CeXHIE4hSVXs1kSuDvZiu8$WUO1L3TIISIps3fkH+AklApklbNlttBUFd+IChnWzpM=	\N	f	2024-05-11 15:01:52.783423+00	2024-05-11 15:01:52.794692+00	\N	+998991619175	5724205863	f	f	\N
52	pbkdf2_sha256$720000$gZdJpkwLmhc78VDA5ASMtL$V04JweV6CAVwIbHWMEoP9O3ZJzBD0eOnuAaR71S8QZQ=	\N	f	2024-05-11 16:27:33.18069+00	2024-05-11 16:27:33.192646+00	\N	+998975156699	944427258	f	f	\N
53	pbkdf2_sha256$720000$XsaMdZ12mBFf9XpxN1ZfB8$PJdWwK3aQWpuMbSXHaYmSeN+xFCypHZ8WCAPJlFEwk8=	\N	f	2024-05-11 16:45:36.030951+00	2024-05-11 16:45:36.041128+00	\N	+998997037484	5514039934	f	f	\N
54	pbkdf2_sha256$720000$ctzhGE7E9S9wWoqETIY2vU$sKlTbHwMpsT9Tt4+1Vnolykp58G2XuoNG4obf9ZZiyo=	\N	f	2024-05-11 16:46:15.215624+00	2024-05-11 16:46:15.21949+00	\N	+998977690881	6131043903	f	f	\N
55	pbkdf2_sha256$720000$rUypLpylc7Pf2uZloBxn3L$RmXtw7IquIVQfPFF49YDhbx6083+m8JUezGuo4MWt0Q=	\N	f	2024-05-11 16:46:34.002412+00	2024-05-11 16:46:34.012184+00	\N	+998950231888	6546010672	f	f	\N
56	pbkdf2_sha256$720000$ScJz4uQYCPMpKZe6i6xQIV$/i9j/+fn/oQ5ybaFxsCzj2ws7JkhLK3HV/3IC/kCmUY=	\N	f	2024-05-11 16:46:35.651645+00	2024-05-11 16:46:35.659234+00	\N	+998945721910	5910809286	f	f	\N
57	pbkdf2_sha256$720000$VL6Mtf0EiYTHNjaWcDoe2f$m18B30rmUAmCo0F6kRAX3h95vLgcksO3QprvmA4ULs8=	\N	f	2024-05-11 16:47:19.321305+00	2024-05-11 16:47:19.331648+00	\N	+998978567078	1066417930	f	f	\N
58	pbkdf2_sha256$720000$I9YNwLXcyvVgCJdp5M4b4L$ny14SdeCdB+pGK6s8jCFEBNgxPiyRh2UDARIyjEG0Lk=	\N	f	2024-05-11 16:47:31.645485+00	2024-05-11 16:47:31.657043+00	\N	+998882993363	5414211989	f	f	\N
59	pbkdf2_sha256$720000$FCMJrPc384fJQJQuA9zcY5$W5nYIwvYXbgn+Z0p7jAp5BkW9XOa1w8B9hhQhwge6oo=	\N	f	2024-05-11 16:47:44.349325+00	2024-05-11 16:47:44.354263+00	\N	+998992443609	6974238925	f	f	\N
60	pbkdf2_sha256$720000$l3tHeRn91WKy9UbUcLNmhs$PuvTQnDq94oaCaT29LnjtKPF34UEYNUjaaAM+s4k/jU=	\N	f	2024-05-11 16:49:13.207764+00	2024-05-11 16:49:13.219021+00	\N	+998918698131	6755316079	f	f	\N
61	pbkdf2_sha256$720000$xQFKXsZasQ3NzfobSYIspk$xJyy8FYUF8a9UBy1ZF4syTq7I0myuc94LXCTsyUWRGc=	\N	f	2024-05-11 16:49:48.521733+00	2024-05-11 16:49:48.53269+00	\N	+998978586444	5463183184	f	f	\N
62	pbkdf2_sha256$720000$p0ZwkBCA0vS2ZFnyS1cUi4$dQbKEZ7dKKzn3lCsDbExeEXO3gbbKBxTNjVXj6ACURQ=	\N	f	2024-05-11 16:50:46.926557+00	2024-05-11 16:50:46.938308+00	\N	+998915714185	1153487744	f	f	\N
63	pbkdf2_sha256$720000$T86A5Dhv5j3BxLpYgDNkCE$l0W8iqIuiaGIC4dFxtE5PPhW0YSBl7aYg4bcyuPPODU=	\N	f	2024-05-11 16:51:37.761257+00	2024-05-11 16:51:37.77202+00	\N	+998905590502	6011938716	f	f	\N
64	pbkdf2_sha256$720000$adAHCeXkA6a5F1Oyoltqdd$+1ZqQXPOKA9Tt2Wh/06fAOUaUOPE3e2V8HL8lkGtaUg=	\N	f	2024-05-11 16:52:08.397024+00	2024-05-11 16:52:08.411293+00	\N	+998995648585	2127190437	f	f	\N
65	pbkdf2_sha256$720000$fdk5b1IzbvGZNCyclkvILo$xGEtix4peK8IaNtw49j2qVyaxpoZprOZ4VxXrsvx6sQ=	\N	f	2024-05-11 16:52:33.094328+00	2024-05-11 16:52:33.099278+00	\N	+998976030529	902224785	f	f	\N
66	pbkdf2_sha256$720000$vvBZUcs6myLiWtUp1Qrbxm$QCeBSzESwYlT0ASkXavCUW5kHTDSXdB0mw4GRFDWGCM=	\N	f	2024-05-11 16:53:04.021459+00	2024-05-19 16:31:53.941132+00	\N	+998994239557	1070792697	f	f	\N
67	pbkdf2_sha256$720000$UQN4RFlhQGDfaYeUnDuFLs$qIj2zsHNLugXYj+zXdk9u2SiEkRa03LBK3AcLX5zhV0=	\N	f	2024-05-11 16:53:10.286567+00	2024-05-11 16:53:10.291737+00	\N	+998993091832	6013666530	f	f	\N
68	pbkdf2_sha256$720000$2r72ZlTK1fzTYJoNvhERBg$I57M6YWMqvHz4bRf5uVouvKFh+IgD00oc+Gi2JFMVZM=	\N	f	2024-05-11 16:53:18.854172+00	2024-05-11 16:53:18.859353+00	\N	+998973645848	6580588513	f	f	\N
69	pbkdf2_sha256$720000$CCHfEQLdcXvVCAIHTG6gBe$FU5RDfv0SM2NW4yll2CQYE8f7S6/m0tMUwFy5pD6Fzg=	\N	f	2024-05-11 16:57:12.705052+00	2024-05-11 16:57:12.807962+00	\N	+998931310917	5343330844	f	f	\N
70	pbkdf2_sha256$720000$07SlsukP8OGoUnFCsqzQ7A$cBI8RpQWNeXBIoI+CuoWeMUy/uD2e4v0G5LQdhwHIqs=	\N	f	2024-05-11 16:57:20.10776+00	2024-05-11 16:57:20.112753+00	\N	+998941136906	799943312	f	f	\N
71	pbkdf2_sha256$720000$iElKtoHECCQhuDfnmA8Z4l$GxVLEVuxRFiz/DeP8AgfmaPNQDczYq7yGCodj9ejFUw=	\N	f	2024-05-11 16:57:34.476386+00	2024-05-11 16:57:34.481014+00	\N	+998881982211	6012719047	f	f	\N
72	pbkdf2_sha256$720000$it5KfguW2TAwEf0Wb4M4Pe$+2CwxuCewSD99ovYZLNYYBYoPYQhLN6pZbI4lirfz6A=	\N	f	2024-05-11 16:58:40.017067+00	2024-05-11 16:58:40.021463+00	\N	+998997181015	1077353714	f	f	\N
73	pbkdf2_sha256$720000$AM61WqL4B2X0bA1Bg15hsn$9TSMViMs2Qd68UI+qmC8jxeephtncb1dHBjViiKT1sE=	\N	f	2024-05-11 16:59:17.649548+00	2024-05-11 16:59:17.659066+00	\N	+998930927476	5461019785	f	f	\N
74	pbkdf2_sha256$720000$bBrfvfLszl4IAtWE2dK3F2$peq3MC5+u6iOz9YVy4hqUSMwlTd72KLEU+K/+V7DJzA=	\N	f	2024-05-11 17:00:19.408828+00	2024-05-11 17:00:19.432608+00	\N	+998919898582	1073919127	f	f	\N
75	pbkdf2_sha256$720000$NlvBwcv8uQzEguSKUqaBem$aKictF5U9kLYKj9xaw9Pi71e4FwovxUPirdUdjjXERA=	\N	f	2024-05-11 17:02:53.914839+00	2024-05-11 17:02:53.924515+00	\N	+998919163131	996102464	f	f	\N
76	pbkdf2_sha256$720000$d6NjM2Lo9BvLuLPl5ziDjJ$xt6FcAqpwAj8kdSJb2UHp4ZSzVl16+6RhY9xbVtr18E=	\N	f	2024-05-11 17:05:19.857521+00	2024-05-11 17:06:01.656362+00	\N	+998975257170	5837368270	f	f	\N
77	pbkdf2_sha256$720000$EeZ7kF1ZM0T7ifuLVE5OMF$kKx4u1iol2pXPOd3cTXN2MWTBYCkoVYzESLjA4Bh55Q=	\N	f	2024-05-11 17:07:41.896796+00	2024-05-11 17:07:41.911286+00	\N	+998977575004	2145692338	f	f	\N
78	pbkdf2_sha256$720000$IN9JYv8S9leWjPsTEEHFpO$KzrD1Oe1HZYgKKgRfWcCFE31h8PErJ/NZqnUV+yGGRY=	\N	f	2024-05-11 17:09:51.260867+00	2024-05-11 17:09:51.266383+00	\N	+998975112974	1127806806	f	f	\N
80	pbkdf2_sha256$720000$ZmNx4QrxGI4M8hI3Yy3q0z$wSeak3U/srh/e0EGQYOkrAC30O5xGhk0r0FVvuCZwJo=	\N	f	2024-05-11 17:10:10.529694+00	2024-05-11 17:10:10.538173+00	\N	+998992717881	6952982989	f	f	\N
81	pbkdf2_sha256$720000$MwlSs0Su9dc6GxGo4v52Gk$jHXxVDSy8p8of7lc7ILBOWzdI8jQNNvVENm9Ixl9J+o=	\N	f	2024-05-11 17:11:42.420074+00	2024-05-11 17:11:42.435438+00	\N	+998997714376	6335625820	f	f	\N
82	pbkdf2_sha256$720000$A4PwusVytzd1XIC38zjuAq$bLzpRgsoKGZCp8WMRA5juNQMEsk6++9SWeOm9MbGUs8=	\N	f	2024-05-11 17:12:13.8428+00	2024-05-11 17:12:13.848188+00	\N	+998996010161	5476298170	f	f	\N
83	pbkdf2_sha256$720000$zqoiYgWaUWXsttKVi6ulJC$nbdrxW+czKAac1nAlbdEe1UblNL0vvHR0eBcNYX8PX0=	\N	f	2024-05-11 17:12:19.454539+00	2024-05-11 17:12:19.470532+00	\N	+998993519227	472975184	f	f	\N
79	pbkdf2_sha256$720000$lhd12G4LDEiXWijzy42ox6$IcgskeYBAOXyQkqRBwYBqI6AFbH66yuV1W206K5JKX8=	\N	f	2024-05-11 17:10:09.317641+00	2024-05-27 08:20:28.554248+00	\N	+998997314961	901392441	f	f	\N
84	pbkdf2_sha256$720000$5XiPLa49INf49kZl1O8h2S$52kjbhNJexvACeX9PeOkEXMF++rj67UzRxPYFeWrr/A=	\N	f	2024-05-11 17:14:47.336777+00	2024-05-11 17:14:47.355092+00	\N	+998974569898	362972903	f	f	\N
85	pbkdf2_sha256$720000$cej6MXriONwJOaK22TmsyB$+ErgU8XF30XzsfwIcuryABtHBuHXD49g8u6RgHIpbC0=	\N	f	2024-05-11 17:17:15.472141+00	2024-05-11 17:17:15.483569+00	\N	+998995646028	934064227	f	f	\N
86	pbkdf2_sha256$720000$ozyXSob2OoaEd4iSXE7jCh$sOZgpoe3trN+AGmSOJ8K8wuG5CqbXf5nH2YHC6okX/4=	\N	f	2024-05-11 17:24:03.95172+00	2024-05-11 17:24:03.966015+00	\N	+998975286669	5578963756	f	f	\N
87	pbkdf2_sha256$720000$A95vJ9b9cKnVGgeeXOEedC$eospEc436IVtpWuMWxOQ2rh5XpBZ7x1Ar/QTHwNBeOk=	\N	f	2024-05-11 17:24:42.098638+00	2024-05-11 17:24:42.111196+00	\N	+998995287676	75367539	f	f	\N
88	pbkdf2_sha256$720000$uVVCWhowvV0XmtHacaseE7$LBcavmQQL2NC/A3gZapM/iVgmmUjf2KR70khPtEm5OE=	\N	f	2024-05-11 17:26:44.652989+00	2024-05-11 17:26:44.670312+00	\N	+998991578999	5002678331	f	f	\N
89	pbkdf2_sha256$720000$GagyzsW1xWsVQsVFwXEaeo$F7fqOw6+3xKvoCA0Q6lGWBBAtFe7HLsd91PlrOhjYpg=	\N	f	2024-05-11 17:27:22.893691+00	2024-05-11 17:27:22.906084+00	\N	+998880541602	6756051467	f	f	\N
90	pbkdf2_sha256$720000$Mdkkn8JkpAlbEXqHXElC0v$NCDcSPvUFNRzKxAJBVokdYdeUPZmJ3ozS6sQ7yvekTo=	\N	f	2024-05-11 17:29:27.211517+00	2024-05-11 17:29:27.2227+00	\N	+998973645474	630777369	f	f	\N
91	pbkdf2_sha256$720000$TToaLCj14pOslxidXOoZYI$xebdIlnEZvvVa0MV/98ujWejHE6EHJ2b1qzfDwx1bYE=	\N	f	2024-05-11 17:30:56.863238+00	2024-05-11 17:30:56.873129+00	\N	+998970033633	249319324	f	f	\N
92	pbkdf2_sha256$720000$s6cxF6zsZVbw0km23MHq5V$JIXpXQY8e/C4Et3cSQnozb+FAOIXmlhsP4XszU+0I9E=	\N	f	2024-05-11 17:33:09.361652+00	2024-05-11 17:33:09.372163+00	\N	+998950807909	6908322787	f	f	\N
93	pbkdf2_sha256$720000$B9LwNpYM7zrvbHGV0vs25l$WoFy8cO5+r7jr1HpPaQLwBGOvAmVrBE5bv7mKAN6HD8=	\N	f	2024-05-11 17:35:13.687822+00	2024-05-11 17:35:13.706731+00	\N	+998992872307	5653286829	f	f	\N
94	pbkdf2_sha256$720000$zjbNNdZ5kgrtklUvuifWWb$IUpzltId4SjM4d/xFfRI3uItQobjokSWOwkXDNsw2Xc=	\N	f	2024-05-11 17:35:39.712483+00	2024-05-11 17:35:39.722708+00	\N	+998914288622	6513510134	f	f	\N
95	pbkdf2_sha256$720000$PANQ1Ys5kxKXH3BRXbsNU1$C6tcuXBpsaIA974nZNNfCS0rO2Z17D7Et5znUhkWSHg=	\N	f	2024-05-11 17:35:50.540148+00	2024-05-11 17:35:50.544778+00	\N	+998900459442	1767432724	f	f	\N
96	pbkdf2_sha256$720000$kw2LjGzrCmQyPpzDldAQQ2$vRKnMQyRaZWWBZ+35z/5SW/10LU1VCYcWb/r9RcBKHo=	\N	f	2024-05-11 17:36:39.075172+00	2024-05-11 17:36:39.084649+00	\N	+998993471727	855841874	f	f	\N
97	pbkdf2_sha256$720000$vCzDftayWidP1fSyk4VmNq$zQA6NqDrqAIypdmNMTnk+WtCRh2RG8nmlhdBiihjrYk=	\N	f	2024-05-11 17:36:45.95621+00	2024-05-11 17:36:45.961225+00	\N	+998940025055	6286032153	f	f	\N
98	pbkdf2_sha256$720000$IxoldNnI16sro65nev6oLa$TC9ZI8rBL/ws3noTnGHUv/1Otre4A9uUW8udLPjex4U=	\N	f	2024-05-11 17:36:47.771582+00	2024-05-11 17:36:47.776334+00	\N	+998995790950	6177700936	f	f	\N
99	pbkdf2_sha256$720000$LFwVi6Y4cXbOJNDLWMCkBY$8cBiUWlMEpkHvRBQrNU9A2eRfSlnNoOqVHD9MjWQVic=	\N	f	2024-05-11 17:39:44.980994+00	2024-05-11 17:39:44.991477+00	\N	+998337199296	427407726	f	f	\N
100	pbkdf2_sha256$720000$uOfWcvG1XCHc1X9HB4E4th$iyk5nVBlV6rhDnxrPw3Mr/zT9hcDcoT5Io3y/HGaLtI=	\N	f	2024-05-11 17:40:47.969147+00	2024-05-11 17:40:47.980467+00	\N	+998901301328	5207820812	f	f	\N
101	pbkdf2_sha256$720000$ZD3oF1yHZKYENMglRWVJzX$xpcsCCv54kwBA6B6R2Co9FzChcy0S3XSG/5MM6S/M5U=	\N	f	2024-05-11 17:43:17.63668+00	2024-05-11 17:43:17.654492+00	\N	+998943188979	5006834543	f	f	\N
102	pbkdf2_sha256$720000$53g8pKksdPYpxY3tiXgzBT$VwKI6Qdba/EjFoC60ri0hL9QaunNzx0zq8DCAe3uv+4=	\N	f	2024-05-11 17:44:26.676069+00	2024-05-11 17:44:26.694546+00	\N	+998904316252	720047665	f	f	\N
103	pbkdf2_sha256$720000$USAY3Wiwk865TwqXXUKoMy$g4U9qq89qu/Rn51qy9CVv4BFqZN4dq0r4RnLKA4EuVM=	\N	f	2024-05-11 17:48:47.435437+00	2024-05-11 17:48:47.456147+00	\N	+998937620879	2058082066	f	f	\N
104	pbkdf2_sha256$720000$sEtStEMfLbewaGBSSZF0Sv$x/+NdyQk3NQjU3EXeBxbEin6Blzf9knqQ/3riDDvxJY=	\N	f	2024-05-11 17:53:39.391335+00	2024-05-11 17:53:39.404722+00	\N	+998995449590	1967017971	f	f	\N
105	pbkdf2_sha256$720000$X71QpqF7xCzp78i2ZILvm6$wmKen8G+/oRY7oSftRHsJdHubL3bPPpTNDCF7l1L+VI=	\N	f	2024-05-11 18:00:32.432238+00	2024-05-11 18:00:32.444842+00	\N	+998909117724	202925936	f	f	\N
106	pbkdf2_sha256$720000$oFnF2ceJmisPpojsxVT6Si$Igmfxi0OTt+/HBPMIYqGFBtvVBPqotKM2KD7B8mv6xc=	\N	f	2024-05-11 18:06:48.7075+00	2024-05-11 18:06:48.719598+00	\N	+998990416695	280355019	f	f	\N
112	pbkdf2_sha256$720000$EDDKeolJvZO7sGS79iYlSx$tk6LHZkGRFfhJxq2/XiRxMoJ6uMM2SCaknK0LuxHhK0=	\N	f	2024-05-11 18:20:11.499814+00	2024-05-11 18:20:11.516597+00	\N	+998334794647	285151723	f	f	\N
108	pbkdf2_sha256$720000$baYp6Lqi2KTXJpnCbKV2a3$tIGkX88QGi1GfRuHk+kt8dd9PWakMDk5heKNTUgVUhY=	\N	f	2024-05-11 18:09:18.29862+00	2024-05-11 18:09:18.309497+00	\N	+998200089161	5454856480	f	f	\N
107	pbkdf2_sha256$720000$NzeUc0Zy6S49EwyuXl68N8$Md2bvD2bGm3SuL/jCg3bjw4ZoYrx7JqjPNKRmunn6Gw=	\N	f	2024-05-11 18:08:15.514603+00	2024-05-11 18:12:14.83431+00	\N	+998977916040	806282118	f	f	\N
109	pbkdf2_sha256$720000$uw5hTZA7ycNqE2ZL0Inv8f$7kMGkrn/iF1ku4BV2qS488CyQeFc02lhBI1uoXOL1jQ=	\N	f	2024-05-11 18:13:41.981801+00	2024-05-11 18:13:41.991417+00	\N	+998952583874	7054080054	f	f	\N
111	pbkdf2_sha256$720000$JIOLtkiuTfCHh2Iidn4029$rgHKJscv915IDto2DpAWbZIJ7a8DYE2qfC/WNE3Vu/M=	\N	f	2024-05-11 18:18:14.466949+00	2024-05-11 18:18:14.476934+00	\N	+998973637667	960447419	f	f	\N
113	pbkdf2_sha256$720000$53S7EPMgIykmXICdIMhAAK$jvgp9B7NUo/sahzR60fYBra3UShiyfOu5mbgRncNdzg=	\N	f	2024-05-11 18:21:05.164936+00	2024-05-11 18:21:05.174272+00	\N	+998998996733	842522083	f	f	\N
114	pbkdf2_sha256$720000$Yco8i2aiofuWAMIgCYLbWe$rxNvyeK6H+vBIn08iHiscvhpvlj6hBpWb4xVvXVazNQ=	\N	f	2024-05-11 18:21:56.871593+00	2024-05-11 18:21:56.879959+00	\N	+998934221799	5495814041	f	f	\N
115	pbkdf2_sha256$720000$rNXwSlH4t69LsHr5yRwCj5$R8NdeMb1shnPH8l48CQ/GySs5DrlwiyPh1Do/Pg/9zc=	\N	f	2024-05-11 18:22:06.231781+00	2024-05-11 18:22:06.231823+00	\N	+998938674647	\N	f	f	\N
116	pbkdf2_sha256$720000$GXtSDv80Jvb3tPPIhvD2yj$eQwySB8Q9Z3sFlCGyhpsSVgVHEVI7tJLTK4+jhW30LU=	\N	f	2024-05-11 18:22:52.020587+00	2024-05-11 18:22:52.031716+00	\N	+998948406414	1592208994	f	f	\N
117	pbkdf2_sha256$720000$bbIiuBaXLptffcmq6iCJhr$zjxKQ9GpIviTAxb9TLxZAELoN7Pg99g8c5xRPEWyis0=	\N	f	2024-05-11 18:26:42.011812+00	2024-05-11 18:26:42.017211+00	\N	+998919140689	6235714399	f	f	\N
118	pbkdf2_sha256$720000$evBsqUOykEcLu9dGGSawvy$roLo5v+zeQRFogPy4awoEoU8OTqZFK/A0GmolUEEbKE=	\N	f	2024-05-11 18:26:53.271262+00	2024-05-11 18:26:53.276099+00	\N	+998882213377	5150849294	f	f	\N
119	pbkdf2_sha256$720000$lMQRMYjYH5durIxkPRDPWT$Uqp0q7u8//IpY8JO6qOThgEEciyXjBdE3jEfW62LN7A=	\N	f	2024-05-11 18:26:54.985491+00	2024-05-11 18:26:54.998957+00	\N	+998972652211	916095407	f	f	\N
120	pbkdf2_sha256$720000$DgtiGyV2POpEZ3MkX7XJtl$E3ufHtlMHynCt+AkopvWoCId0fR88QS1hbuL26NdkGo=	\N	f	2024-05-11 18:33:17.987575+00	2024-05-11 18:33:18.012553+00	\N	+998941142701	5939207423	f	f	\N
121	pbkdf2_sha256$720000$jyExd4ebHENCTKZYxVMSlU$Yub7U1ZB5DUFXwZeFNxb9rwoUiOUtVjz7StbUZF72TI=	\N	f	2024-05-11 18:43:59.001992+00	2024-05-11 18:43:59.018464+00	\N	+998919132828	2137146470	f	f	\N
124	pbkdf2_sha256$720000$zjhpSwEiXWp0WOzAlWMNB3$2BwaK8BO1+d02IrhJXIc9cwZu0d/3/1OSKbv0CPJ1Ho=	\N	f	2024-05-11 18:59:00.576462+00	2024-05-13 15:18:41.305621+00	\N	+998994203080	1061972663	f	f	\N
123	pbkdf2_sha256$720000$FQ3M3V27kCiZm2tuYYTasc$z30hVGSkzYLlzJDEHqqa2kMvQmOBYM01pfNJNyJrm7I=	\N	f	2024-05-11 18:57:56.122989+00	2024-05-11 18:57:56.134621+00	\N	+998947640207	5850430075	f	f	\N
110	pbkdf2_sha256$720000$TelthXryEDWIU9bDLm3DqI$d9fNf6+WvjF099msOnVVxSxWGeVCZ2ceESm4AoAZ24I=	\N	f	2024-05-11 18:14:14.283586+00	2024-05-19 12:09:39.937389+00	\N	+998934465868	6146163158	f	f	\N
122	pbkdf2_sha256$720000$5VZbfdl7Uixx1aGIgr0kiq$fNzZoy0dOtnOX7MW3pU6LEaQzQa18/PyjMZmWcUD0OQ=	\N	f	2024-05-11 18:46:47.141068+00	2024-05-13 12:57:29.432257+00	\N	+998943173614	2228916	f	f	\N
125	pbkdf2_sha256$720000$jsnitYn4fGGk5q0WLuny1A$QsLksHdYPsZNujnVs9hk2omUJensW5m95gUjbT6h1nA=	\N	f	2024-05-11 18:59:50.985129+00	2024-05-11 18:59:50.99244+00	\N	+998886003838	1658713119	f	f	\N
126	pbkdf2_sha256$720000$dCL9fih9rCyQO2JCqdu4tH$2boTgxIOWQAWlRqsCEglpAFd0K/lcbTicgM84qIleeA=	\N	f	2024-05-11 19:03:37.916703+00	2024-05-11 19:03:37.920619+00	\N	+998991694966	1590059470	f	f	\N
127	pbkdf2_sha256$720000$un9uFkP81r9uXt5oI0vrko$nPLgVbDCeXLd0dXyFpKUHeuke9qPOCaBPzdj3OwJOzo=	\N	f	2024-05-11 19:05:43.007166+00	2024-05-11 19:05:43.018281+00	\N	+998957016545	6364657959	f	f	\N
128	pbkdf2_sha256$720000$bgG8R5M6kfM0t6LLXqgzUh$zIcvIPB09t2KYbu+amLFn07VcLDXCQv4V447dAW3yQs=	\N	f	2024-05-11 19:06:18.766917+00	2024-05-11 19:06:18.7725+00	\N	+998976590405	6214016125	f	f	\N
129	pbkdf2_sha256$720000$Rf49ZJxdxu1cJtPu9tBXcb$2uj+LVQI54n0zPMr6g7EQfr47Cgvdd/K4n4vXDxYbmk=	\N	f	2024-05-11 19:13:37.311351+00	2024-05-11 19:13:37.32374+00	\N	+998993481212	5829959419	f	f	\N
130	pbkdf2_sha256$720000$wOEReczGOBUqeFgorjmZgP$Tdtezz1ZSvWpMxZ31EJmdWLwEv1ITq79MstrkhNw+z8=	\N	f	2024-05-11 19:16:09.052763+00	2024-05-11 19:16:09.062964+00	\N	+998337240090	49365772	f	f	\N
131	pbkdf2_sha256$720000$BpB05mj0h3iEFFZtvb3QEX$HQWH6VbPM7xbizurJ9Lc5bXUawSmt8whHjcna+3iml0=	\N	f	2024-05-11 19:21:20.942161+00	2024-05-11 19:21:20.959239+00	\N	+998333036808	5103773725	f	f	\N
132	pbkdf2_sha256$720000$1e7A9Q0ZBeGpp93mD7EkBi$LofBkhJmvvao1jY0kz8eGccMwEOaaqBuMaJoAbIHb3A=	\N	f	2024-05-11 19:26:15.63044+00	2024-05-11 19:26:15.641214+00	\N	+998770687871	5901375174	f	f	\N
133	pbkdf2_sha256$720000$9Scb8MUso8epDn8qslhnX7$T4Lr3rkbofl2VSGVc2XuRcoOTb8upJIP3FCfExKeiQY=	\N	f	2024-05-11 19:28:57.821896+00	2024-05-11 19:28:57.833231+00	\N	+998993340816	1210845369	f	f	\N
143	pbkdf2_sha256$720000$wgUWxZtkaS6iJRfRloThYK$ufDY0v5YC0tzslihVHq+c+Ow30Ok+UYRpeFuGuCNN5w=	\N	f	2024-05-11 20:41:56.312999+00	2024-05-11 20:41:56.33979+00	\N	+998919135565	837829623	f	f	\N
134	pbkdf2_sha256$720000$tC0wNvE75lv2FDc0r4lI03$oJQmjYvqn0l1LI5o26hP4h9a+j5NXRWPz3R/ZA7NKmA=	\N	f	2024-05-11 19:30:23.836941+00	2024-05-11 19:32:50.562483+00	\N	+998974242126	5920519644	f	f	\N
135	pbkdf2_sha256$720000$NmSX4KCWsPumbaDTreJjGi$zDNoANO0YXAJsObVMcTRwsnGxkyB8/EWLb1nkxpPkes=	\N	f	2024-05-11 19:32:32.662693+00	2024-05-11 19:41:21.614199+00	\N	+998974569877	596040924	f	f	\N
136	pbkdf2_sha256$720000$iZ8aJ8WGgGPQgO0VGyRDh7$oh7jKR6NtpDNAyi78VvT1lkWP3osAVlYR+rZe8SvWt8=	\N	f	2024-05-11 19:49:46.365152+00	2024-05-11 19:49:46.378014+00	\N	+998997195575	6181581163	f	f	\N
137	pbkdf2_sha256$720000$psEl7S1AKM1SGMp39z7Rz5$BXeKvCvPdCz5gJTmawtu1/PiOMSM9uKsTjyllz2K0DE=	\N	f	2024-05-11 19:50:00.881827+00	2024-05-11 19:50:00.893068+00	\N	+998974527977	5558470782	f	f	\N
161	pbkdf2_sha256$720000$Cuu19gzKySRfnDJ8OBXf4o$Y2wWJ7DaIX8Toh2Iiwfga327ot+j59Qjrcp46PA+0To=	\N	f	2024-05-12 05:09:23.830095+00	2024-05-27 10:11:39.382707+00	\N	+998994206005	5458852021	f	f	\N
139	pbkdf2_sha256$720000$VJVagUFotXGDJOhZupfcfa$U3hEpT2NkMPIFr/r+XKosDrZYhU5xIP3mikYV2phzNk=	\N	f	2024-05-11 19:51:27.119547+00	2024-05-11 19:51:27.129456+00	\N	+998914372216	895625873	f	f	\N
140	pbkdf2_sha256$720000$mBQJG0d8iUUDBSoP9F7ZhL$oKZZqEUqjRtE+zpuZbicGGctY4cd9/ojiD0J7qxY6+c=	\N	f	2024-05-11 19:51:37.666743+00	2024-05-11 19:51:37.671151+00	\N	+998976018660	5816651172	f	f	\N
138	pbkdf2_sha256$720000$LesoA6oDH9ouNVvqHOBnWl$Q1/zBWxJ5vFl9PAJzrbWYH6EsBFpJ9mNJNzkK5j44MQ=	\N	f	2024-05-11 19:51:05.530775+00	2024-05-11 19:52:08.773694+00	\N	+998919993444	1892208063	f	f	\N
141	pbkdf2_sha256$720000$qkClffHbcnxzyCKSrMmjYA$mVpryz37RPW2z6YTJzjxRHOOJ1Zbf/hZWUIheEvbkH4=	\N	f	2024-05-11 19:52:28.022682+00	2024-05-11 19:52:28.032639+00	\N	+998912778820	5991282136	f	f	\N
142	pbkdf2_sha256$720000$ih5HqBdNGKavHSMDJS73tA$VuJBqz5L0vK6NEJHMON11CrDjoMopmJhKaYKwAuD9sc=	\N	f	2024-05-11 20:20:19.116183+00	2024-05-11 20:22:00.763579+00	\N	+998971403900	6525113640	f	f	\N
145	pbkdf2_sha256$720000$pGRtCChCivjh8YwuBdadBw$djHZ46gFZLhWvHATx/lfPav4kSMOXeqso/+7bdIA8cw=	\N	f	2024-05-11 22:10:59.618303+00	2024-05-11 22:12:13.522992+00	\N	+998994187201	1117942186	f	f	\N
146	pbkdf2_sha256$720000$SBoF2om7hmoYKvJGD0xoPV$AJcGGzQUy0ObewZWROrttGG5qlofYgJc7/ONX+brabQ=	\N	f	2024-05-11 22:13:17.486391+00	2024-05-11 22:13:17.498182+00	\N	+998 99 418 72 01	1117942186	f	f	\N
147	pbkdf2_sha256$720000$aJMpQndCBmfroI7a73kaUT$vAxznev0ODZL4WOCFREaZVWRUbxv476obvu6uCnEN8g=	\N	f	2024-05-11 22:52:00.403101+00	2024-05-11 22:52:00.414675+00	\N	+998995621200	1149238877	f	f	\N
148	pbkdf2_sha256$720000$QpeJITXfUjzp19EKi1usxZ$YfgW3oJAZN2JSaH58UZM9QGqpzT4zku+yQoZfilAK80=	\N	f	2024-05-11 23:00:02.561357+00	2024-05-11 23:00:02.57961+00	\N	+998990920121	1985574174	f	f	\N
149	pbkdf2_sha256$720000$EwQwk1V2CjROUZXQoa9HF2$IcIMj/I24/hAS2ubn8iXOiBM43tCN/2JfG6X2/2dWE0=	\N	f	2024-05-12 01:25:00.585435+00	2024-05-12 01:25:00.603075+00	\N	+998972111600	775432367	f	f	\N
150	pbkdf2_sha256$720000$WLahfPQISf2UA7YX86RYju$sP6HqN8cPI8+dlSMEpJlPkPPhKQbbgPxSQlK80JGxV0=	\N	f	2024-05-12 02:11:06.031412+00	2024-05-12 02:11:06.043654+00	\N	+998977917310	5695226564	f	f	\N
151	pbkdf2_sha256$720000$32wChosF95lu5fcR1ScXA3$wexT1vNCiA/cpggv3QVwW3IRps3RuZsojGQ1MuF3WYE=	\N	f	2024-05-12 02:51:04.884135+00	2024-05-12 02:51:04.896677+00	\N	+998999690855	1092502470	f	f	\N
152	pbkdf2_sha256$720000$N4aZzkFefeu68wpmXPXoe4$Luvm4yNhqj9V79L5Q7oIyJhAXSWbMkDXELWVYkbEY2E=	\N	f	2024-05-12 03:41:42.606305+00	2024-05-12 03:41:42.616913+00	\N	+998919840488	5197288414	f	f	\N
153	pbkdf2_sha256$720000$39nLcfl2meAfGzYLrfx1io$DeD2yz1fuKg3zBXgFyzNEYMk3ElWKHE49A+QmQcgM3s=	\N	f	2024-05-12 03:44:10.237623+00	2024-05-12 03:44:10.241403+00	\N	+998995653666	5587242615	f	f	\N
154	pbkdf2_sha256$720000$joz6jUXRWmo6NnrakiedsN$A+AD25d8bv+FAAmM/4G5HDjaam4myrfUP/Z2zXToY2I=	\N	f	2024-05-12 04:06:31.457262+00	2024-05-12 04:06:31.474554+00	\N	+998934690114	737728307	f	f	\N
155	pbkdf2_sha256$720000$UIhhstyf0BaTiLMeCW9m0s$li1Z/WcoIuHZHnPX36hyeTsaiTUQE8Nv/T0vUOv0RbY=	\N	f	2024-05-12 04:10:52.103636+00	2024-05-12 04:10:52.122702+00	\N	+998932863634	425557606	f	f	\N
156	pbkdf2_sha256$720000$nTMo6msZbMe1gTNl6eKIt2$7kXpIgcK+lmRcdwRkb8GGyY3Y+i9V42uuq6l0EvrABI=	\N	f	2024-05-12 04:31:25.266085+00	2024-05-12 04:31:25.296899+00	\N	+998904347222	565665369	f	f	\N
157	pbkdf2_sha256$720000$EMDPsY22fWbguuyBEe1pUQ$E/gNWynJNHDwLCoBBYw5EjDp3kE0twqPfiA/5imLBwE=	\N	f	2024-05-12 04:32:16.060943+00	2024-05-12 04:32:16.072588+00	\N	+998972671990	1002396259	f	f	\N
158	pbkdf2_sha256$720000$uTsL7OYFba0ak7a9XyqJlF$1t7aRDbtvbP72IPJCVfe43oevjMJkFU+V5ckpqnBaC4=	\N	f	2024-05-12 04:37:55.887161+00	2024-05-12 04:37:55.898143+00	\N	+998959392907	6448600861	f	f	\N
159	pbkdf2_sha256$720000$czfnoHwZ5SvqQn44wqMWrP$OvxQ1E7Oy5gn4nDoD0vEBtHvlg2slXJjwPVTAaCsv98=	\N	f	2024-05-12 04:45:36.608556+00	2024-05-12 04:45:36.619844+00	\N	+998977913377	1161391003	f	f	\N
160	pbkdf2_sha256$720000$k1jtSGkSHsV6viVH4bW2Hd$ihWYl+KvGflkoyU4nBqRwXXJPrvgCgBB+iKDqE7LkAE=	\N	f	2024-05-12 05:08:39.277118+00	2024-05-12 05:08:39.288849+00	\N	+998976035005	6064817224	f	f	\N
162	pbkdf2_sha256$720000$xxzbFLdsPpMvjfK3S7eUUL$kaIZbg8Br9X9yntRWo7ZUGnh60aDJv/478HMUAeKq/Q=	\N	f	2024-05-12 05:15:24.801048+00	2024-05-12 05:15:24.811969+00	\N	+998995043007	1322054059	f	f	\N
163	pbkdf2_sha256$720000$LpPzEerz1RmaBkP2Mix1xL$kv8mCRHTNAhgDNa5odFsOpfLqsJ9QF0a1nAaLUlXTnw=	\N	f	2024-05-12 05:20:19.521269+00	2024-05-12 05:20:19.54023+00	\N	+998907380823	6395643659	f	f	\N
164	pbkdf2_sha256$720000$S1k4ovIzixVNAR6j0bscLU$UZL5AqahgguhS9HpKcBAF5M3TvIvwCWu0e700EBpxZc=	\N	f	2024-05-12 05:23:31.045546+00	2024-05-12 05:23:31.054711+00	\N	+998995298286	668354406	f	f	\N
165	pbkdf2_sha256$720000$NGSfdTxcYZQ5C0B4HXrQ8j$12l2E50PlZBg3Z6+xl70LzLBQ9LtRNMRuAy3RfR6DaI=	\N	f	2024-05-12 05:33:10.510564+00	2024-05-12 05:33:10.516205+00	\N	+998882121414	1767115386	f	f	\N
144	pbkdf2_sha256$720000$ySTyrz9iPkym7IbxEDFq7N$jo3iFnZH1GuBiKoktbe8TpEdzLwaNznbknQ1udR6PEA=	\N	f	2024-05-11 21:02:06.101532+00	2024-05-15 15:55:02.741778+00	\N	+998973617699	1547311811	f	f	\N
166	pbkdf2_sha256$720000$RGpGbbxAbYFywnWiQ8xqLE$rNiE5MBWqRhFGtOl41r9urrIESsaThJdlkn1oi/EjfQ=	\N	f	2024-05-12 05:37:21.684707+00	2024-05-12 05:37:21.690906+00	\N	+998974592905	894833630	f	f	\N
167	pbkdf2_sha256$720000$okWOVZdMvGUeSFyC6BgHOp$P6dmg7IlMViZbqOKdTHx9k6hizIedCD9MljHDVW07hE=	\N	f	2024-05-12 05:38:05.159256+00	2024-05-12 05:38:05.164465+00	\N	+998886056500	6440994529	f	f	\N
168	pbkdf2_sha256$720000$TAxcQkn2A5113pSbGy26qc$FBQ9fiYys8UzVTPTijT4FafucEW1o+WLXrfknAFNEZo=	\N	f	2024-05-12 06:01:48.230042+00	2024-05-12 06:01:48.241824+00	\N	+998932877696	837550794	f	f	\N
169	pbkdf2_sha256$720000$pVq9dDlOFi8LPkg985tWgM$EM8l42zsI5IDhqUH7t72k7TTpZ9hoAM9NuAmkMeJCyg=	\N	f	2024-05-12 06:03:09.187916+00	2024-05-12 06:03:09.198039+00	\N	+998914237749	1622450515	f	f	\N
170	pbkdf2_sha256$720000$A8bp5L7dsuYYgWgbNBw52O$39Zp/BAkWYVPTwG7hMatFv3I+qLWFwussP9WfmnyKx4=	\N	f	2024-05-12 06:11:00.684149+00	2024-05-12 06:11:00.694294+00	\N	+998992824381	1994972727	f	f	\N
171	pbkdf2_sha256$720000$H3dgQbe1vQW16Ec3OL3dL0$QQrZ27EKlZdyVUVuceZDi7F4DVbU5U71EsrXNWxAQWY=	\N	f	2024-05-12 06:12:40.757025+00	2024-05-12 06:12:40.76571+00	\N	+998977919697	1321911961	f	f	\N
172	pbkdf2_sha256$720000$sPb2HcwnSvQMzoru2Jupsh$Uuh1dHOhfilRnaDeVj/faSm2a4Hpy/n3w1t997+PDic=	\N	f	2024-05-12 06:20:19.966928+00	2024-05-12 06:20:19.984013+00	\N	+998991588053	5334868128	f	f	\N
173	pbkdf2_sha256$720000$nKDNlob2Ahc7VYfZCcXeKi$mmc36/OEqfB4sOHiAp+lDIQ4eimhvJIphFQQsdlgOVw=	\N	f	2024-05-12 06:29:08.123757+00	2024-05-12 06:29:08.136225+00	\N	+998919844020	7150160179	f	f	\N
174	pbkdf2_sha256$720000$vB3Nlwfa3eE8FytnAAep52$82WbB6Rw1xSwMpupWX15mL/IYPe/LIMhqOJvelFUMSc=	\N	f	2024-05-12 06:44:34.87254+00	2024-05-12 06:44:34.882603+00	\N	+998939750611	6414922650	f	f	\N
175	pbkdf2_sha256$720000$BgEKOvkCVUMABG5U7Sh32G$xdH79OW/9bPvC2nfGLLLd7YBKu2DdgdYTZEJtAIEcyc=	\N	f	2024-05-12 06:50:27.129103+00	2024-05-23 12:54:14.745318+00	\N	+998972216533	7077281926	f	f	\N
177	pbkdf2_sha256$720000$8EtZa1UcWHs1onVlaB1Sj2$3QLgPuOgLe+RkvytLJGFXDOdyUKFkel9KQFwEZPH0E4=	\N	f	2024-05-12 07:00:52.358594+00	2024-05-12 07:00:52.369635+00	\N	+998889236633	6788064716	f	f	\N
178	pbkdf2_sha256$720000$ghCkUQCxXAwMaZY7ZpO9or$MEBSZguw5jWe3z7KMz5iwUvD/30fag4DcFDfNXu5/yQ=	\N	f	2024-05-12 07:04:25.020235+00	2024-05-12 07:04:25.032435+00	\N	+998932257020	5487994893	f	f	\N
179	pbkdf2_sha256$720000$3ZpjEYPYVOMFuOJUnGxk9E$HMvxiQrIzdBamj20O5VZV7lOBapky7yn6SsmEA0eQv8=	\N	f	2024-05-12 07:14:58.156292+00	2024-05-12 07:14:58.167917+00	\N	+998331325353	1454479576	f	f	\N
180	pbkdf2_sha256$720000$cIsotlCeYbQLw5VOyutnwz$Siu86VYTiFp9Y4PwMK2eYMcl7vOMg4EHpcbm6jW23Xk=	\N	f	2024-05-12 07:20:19.65387+00	2024-05-12 07:20:19.666182+00	\N	+998993422909	2034503638	f	f	\N
181	pbkdf2_sha256$720000$TSB180CZT4cQ3KINmkojJA$4MDGWFaDUyKNNQKgkYmfaLL3qZrjk/0C7/dsInGkYPg=	\N	f	2024-05-12 07:22:04.881508+00	2024-05-12 07:22:04.887281+00	\N	+998885253515	2034503638	f	f	\N
182	pbkdf2_sha256$720000$XvlurdiKTui5kzY7aEdAxg$QgnBw7HI/Rqm2Pg2tIncNmrOufdvJBISpC+BZei7XOo=	\N	f	2024-05-12 07:26:09.65756+00	2024-05-12 07:26:09.669502+00	\N	+998975258088	1357704334	f	f	\N
183	pbkdf2_sha256$720000$cqLTXIX8ybxFWPlVONiigK$FtUh66lsfSvB20JmryenW4ZN59xZig6y5jlm7Pzpcdg=	\N	f	2024-05-12 07:29:42.915327+00	2024-05-12 07:29:42.926471+00	\N	+998919196553	6282944338	f	f	\N
184	pbkdf2_sha256$720000$UnnmPSuTwDrNqNd2Y1sui8$IB8h/6U708bteebaqWPkzxZwiVI05u1fUR4ek1IyNaQ=	\N	f	2024-05-12 07:31:38.100813+00	2024-05-12 07:31:38.112668+00	\N	+998910912233	5711324668	f	f	\N
185	pbkdf2_sha256$720000$sSO8cVaIzu5QRjaHq6IFrz$McWGdn/Yq0lEUqVNFmDgWRk7+iOEw5A4gZSVX5Gv9BI=	\N	f	2024-05-12 07:36:04.016369+00	2024-05-12 07:36:04.038052+00	\N	+998930033034	5034440257	f	f	\N
186	pbkdf2_sha256$720000$i2Opj9wHRPx4f22tA5EPXT$p/c6daOolWJ9XpZCRKTDceebolu/6hGge5bwVbeavnA=	\N	f	2024-05-12 07:36:41.954726+00	2024-05-12 07:36:41.973206+00	\N	+998932845150	994262984	f	f	\N
187	pbkdf2_sha256$720000$F7PHnMFDDz7VIYfHF7VNPR$GKSfKOLAmtFHbcaoAl4VqzZLI+/xF1RhsQkJtiDxW1o=	\N	f	2024-05-12 07:37:06.12827+00	2024-05-12 07:37:06.139257+00	\N	+998931164477	5044141012	f	f	\N
188	pbkdf2_sha256$720000$ATN3FUXOwC6jGYT101OhJK$mlnw2qUqvg3g67//PlX/Kq1Eoy4RBcmo78i6jgv3LKo=	\N	f	2024-05-12 07:37:46.302029+00	2024-05-12 07:37:46.312947+00	\N	+998942352487	680246176	f	f	\N
189	pbkdf2_sha256$720000$7BDz656pGjxPC14FDkm3o8$GwvJqSuSXMVeBof3ppnh3zVthFjHDcPKxniFbVZA4D8=	\N	f	2024-05-12 07:39:50.021449+00	2024-05-12 07:39:50.028215+00	\N	+998505076080	6161875089	f	f	\N
190	pbkdf2_sha256$720000$Ayj0InOk38FX2sa65Vm44n$Yc0FwTfhkq6f9vJOk8yw2qmH5MGfu80Qv406womYt9w=	\N	f	2024-05-12 07:40:36.496964+00	2024-05-12 07:40:36.514919+00	\N	+998999443443	975752790	f	f	\N
191	pbkdf2_sha256$720000$QZJe5nvISV0y4h9kflHdAw$r21HA7yiitLfVbZNaQs1SePHS/VFEdc402Df3qIQFkE=	\N	f	2024-05-12 07:45:29.604594+00	2024-05-12 07:45:29.615572+00	\N	+998978582282	5265920922	f	f	\N
192	pbkdf2_sha256$720000$NwVZHKXi7XYiXkY94duQuM$v8Fp2J0i1hO5lm39kJ1pA1GOcJIaM/ftwqJjQRhzPaE=	\N	f	2024-05-12 07:45:42.289568+00	2024-05-12 07:45:42.314405+00	\N	+998937470305	308788627	f	f	\N
193	pbkdf2_sha256$720000$u2Gt0GYVvXXY5SMgGD2rmv$4plMQI+ODe0eWfhzgem7XFIqnpEO3jEUpLaUJ44Zprk=	\N	f	2024-05-12 07:49:27.491938+00	2024-05-12 07:49:27.503516+00	\N	+998990042281	5373954890	f	f	\N
194	pbkdf2_sha256$720000$R5pgh8CVISFBTlc4NM9Uxv$BDbzKDkNd6VHd3uqpvPQIu3yfu7gZ+LMTOOP/qHE6Gw=	\N	f	2024-05-12 07:49:52.812253+00	2024-05-12 07:49:52.834021+00	\N	+998990270069	1330377799	f	f	\N
195	pbkdf2_sha256$720000$iZJO0eRbog1diJWQoxnrAC$/T6bDhJzDXWDOC+FmZ/987RDxfN/KFNv6x0dRkoBybI=	\N	f	2024-05-12 08:03:32.72682+00	2024-05-12 08:03:32.736402+00	\N	+998900901817	1254747456	f	f	\N
196	pbkdf2_sha256$720000$satQyU4XRPyBF1puvZx7vZ$RHUe5Zj0RrqZeqRgHeIkpGOyi4kCPOz89Y99N5e8C0w=	\N	f	2024-05-12 08:04:06.0011+00	2024-05-12 08:04:06.011392+00	\N	+998952227834	6544289156	f	f	\N
197	pbkdf2_sha256$720000$P4vDcIGeYgGb4tt1qLjGQO$vREU83545dZ5O6PRpvsPX0la2bBpHxWhskTLIBcoCU4=	\N	f	2024-05-12 08:11:53.890851+00	2024-05-12 08:11:53.90171+00	\N	+998997040312	5272207588	f	f	\N
198	pbkdf2_sha256$720000$wR0TAfCOEoWmIA39IOk5fB$7/5s6QGd7XOEjRmA7OI5EmU0tvCcWJSfQN1OTT2Qnlo=	\N	f	2024-05-12 08:19:44.075682+00	2024-05-12 08:19:44.087006+00	\N	+998943135717	310228481	f	f	\N
199	pbkdf2_sha256$720000$r4wjFbIPEylrTxL3nH3Bv6$lQ/lz+TWK29N5vMeosjyQdKXxOJQBRb7gYmyr07cSA0=	\N	f	2024-05-12 08:22:05.177959+00	2024-05-12 08:22:05.198598+00	\N	+998885134888	1269911949	f	f	\N
200	pbkdf2_sha256$720000$sT1dMW3LB3rvs8LftYtBDH$9v1qEhqXka4fDH27gpxJeS+80MVFevuGWAEBdjcI9t0=	\N	f	2024-05-12 08:22:26.047175+00	2024-05-12 08:22:26.052117+00	\N	+998885134898	1269911949	f	f	\N
201	pbkdf2_sha256$720000$0UHmPTIgh7v1lJxcXfwclv$RZm2HpfMTnR7hCyQ+nCZ8lp13vfFh1pWR3BXZjpzh6g=	\N	f	2024-05-12 08:27:11.17525+00	2024-05-12 08:27:11.186331+00	\N	+998943151414	678992585	f	f	\N
202	pbkdf2_sha256$720000$yKkO03emVilIMxg0a69IYk$iwXSsLDNMRQQYbTP7t8mRuyzR/LXjbx0Qr1Z2iip3sQ=	\N	f	2024-05-12 08:34:07.081241+00	2024-05-12 08:34:07.092128+00	\N	+998900792030	5537178137	f	f	\N
203	pbkdf2_sha256$720000$QeLWnG3380BiA0UkUafSHV$PcdrUgtMZlAPbb8Hmg/Pmmjq14QuasxQJPJ9Swf+zBY=	\N	f	2024-05-12 08:34:23.831727+00	2024-05-12 08:34:23.842536+00	\N	+998914203576	1627675399	f	f	\N
204	pbkdf2_sha256$720000$QKKfcjZoYpvyBfwBO8qoqF$YS122d6TNdyNy7JOgY4O7CdA7gr96FF7OzCOGGif/bc=	\N	f	2024-05-12 08:43:38.95011+00	2024-05-12 08:43:38.975393+00	\N	+998990534710	6209927768	f	f	\N
205	pbkdf2_sha256$720000$HcSCvcw1FeNGPhht5lqIqn$6Qrp4ucnkm/S3IU3MdpLvTUfjt7aIilK6TVQEVid+qE=	\N	f	2024-05-12 08:50:22.07217+00	2024-05-12 08:50:22.083412+00	\N	+998910900111	6263530770	f	f	\N
206	pbkdf2_sha256$720000$6NTQstszK1TVJXefWifj2e$gpmfIa4YZj8HetXmSgqcNEUijghsrMOD7qVxcA1kpcI=	\N	f	2024-05-12 08:56:01.278687+00	2024-05-12 08:56:01.28996+00	\N	+998997500704	6131131678	f	f	\N
176	pbkdf2_sha256$720000$axP4feBDydSZjvJWOVwt8H$6eM3kFptKeP2AlpKRwYEfRLou46lSbfzjXd/BnXaU/c=	\N	f	2024-05-12 06:56:43.268491+00	2024-05-14 12:10:17.842931+00	\N	+998976007889	6494449572	f	f	\N
207	pbkdf2_sha256$720000$W92w1m3NMQPL1a2yMQHxuf$x7bCtiExu2Oxa9YFaQ9n9eYzb8PAAw2wNHHjcvLMHkE=	\N	f	2024-05-12 08:57:37.098666+00	2024-05-12 08:57:37.113076+00	\N	+998939510327	1994767920	f	f	\N
208	pbkdf2_sha256$720000$cbElyHtU5yzwmHr0H2PmKU$LQb5aHAtm30p4e6srizEtabB9biwftywRQf1YTb4FsA=	\N	f	2024-05-12 09:00:02.804485+00	2024-05-12 09:00:02.818213+00	\N	+998991249113	6006741351	f	f	\N
209	pbkdf2_sha256$720000$euwCqb8XuYd0b8b55lfB5C$0ofTBE/CLNavLCGmBvWFd3wxEgLmaX2wsHwiZ8QBf8U=	\N	f	2024-05-12 09:05:26.508974+00	2024-05-12 09:05:26.525238+00	\N	+998884534454	5683038211	f	f	\N
210	pbkdf2_sha256$720000$k4zItyJSO3pMJgLokUnvYn$0c+PC4LTKVkxm9L+gykakHjJ1k3xVm2IAzbWbenQSf8=	\N	f	2024-05-12 09:05:43.50862+00	2024-05-12 09:05:43.520776+00	\N	+998771130252	6377833802	f	f	\N
212	pbkdf2_sha256$720000$XQ9ciXCL5PjNTMov0n2RZd$2/OrFTGM9n7dEQhGRcgfYxAu7UnV1er54y8uZPMrVrI=	\N	f	2024-05-12 09:22:32.008972+00	2024-05-12 09:22:32.029553+00	\N	+998919199106	6052663021	f	f	\N
213	pbkdf2_sha256$720000$WKVTaTmyA0zK4TL8rGzfJK$4oGcAnf0Dm0px1yX57MBEpcNXxp9cmj3XcN9deYB8mg=	\N	f	2024-05-12 09:30:52.622672+00	2024-05-12 09:30:52.632009+00	\N	+998991229199	5472003049	f	f	\N
214	pbkdf2_sha256$720000$72Wdez0M9LOwdNGnCzYYDP$9i7cb3PJoeGSmQnSqV/fsTBxYvVQuJzHn3BXrYc1U+0=	\N	f	2024-05-12 09:51:42.139461+00	2024-05-12 09:51:42.151824+00	\N	+998991598626	943692664	f	f	\N
215	pbkdf2_sha256$720000$iGlYzbYlxlITDxgSmqmVFw$+7odcZizEj09GQ38vawfAc/q2WMG6xoiBnjt2fr2BVU=	\N	f	2024-05-12 09:54:21.531711+00	2024-05-12 09:54:21.548006+00	\N	+998945466435	690382295	f	f	\N
216	pbkdf2_sha256$720000$DeMRGkElu2BEPYeEy1Q4Hv$mjs4lA2nbSsQmr4+QmAJ67SPUXTiMRP3v96vYZiPseY=	\N	f	2024-05-12 09:57:41.013124+00	2024-05-12 09:57:41.023699+00	\N	+998948205777	1971566326	f	f	\N
217	pbkdf2_sha256$720000$k1gbr1yTasM0PrRtu4X0Tj$678Dpw7tB/vKxgRr+3TLJ5AySVkZdq0z7YehbdU/+vk=	\N	f	2024-05-12 09:59:24.415952+00	2024-05-12 09:59:24.42738+00	\N	+998932811919	5248783390	f	f	\N
218	pbkdf2_sha256$720000$vc0GSmkdkDJuqG2buGKfYG$4wNxZkfEHOISw7EO0aUsxXKXjfh2i+p0iE7tG9/76Ko=	\N	f	2024-05-12 10:00:35.26073+00	2024-05-12 10:00:35.27606+00	\N	+998976038590	5516807174	f	f	\N
219	pbkdf2_sha256$720000$YueSZm96TEwcmq8SS3FjB9$gHTYoyTyfgp+H6OeDPzjEvZIxdVz7g3yLLejY4tJOjg=	\N	f	2024-05-12 10:08:08.184951+00	2024-05-12 10:08:08.195892+00	\N	+998973604241	6637703523	f	f	\N
220	pbkdf2_sha256$720000$UwmTzsvovBmgbpLdvbvati$rEUMa6n6jGswhEbl+Fx6cBB6BzAPqbwL5nkAyuHikN0=	\N	f	2024-05-12 10:09:55.825151+00	2024-05-12 10:09:55.842862+00	\N	+998952616484	1135678226	f	f	\N
221	pbkdf2_sha256$720000$2TNbx6jJHZszQJXncJnqOV$xk/OnUL88CXD33c5Pbjq3BEHnH6XGVpqTYCnp3V24Js=	\N	f	2024-05-12 10:10:36.984869+00	2024-05-12 10:10:36.99415+00	\N	+998977924146	873170680	f	f	\N
222	pbkdf2_sha256$720000$JxLg00Ov0rT7T4rlM1B28V$twOMeUjHguRz9MyZInPaNYGvTwys5vM+ionrBWtBLrM=	\N	f	2024-05-12 10:16:43.530594+00	2024-05-12 10:16:43.70831+00	\N	+998976072690	6512417291	f	f	\N
223	pbkdf2_sha256$720000$Gn7KeIqeErReMHmFvmADu3$CKD2QVn6uMRLXiCIqi1gPk9BeHZD09Tghew7ebeHqNc=	\N	f	2024-05-12 10:18:59.929329+00	2024-05-12 10:18:59.945066+00	\N	+998940889848	5618920892	f	f	\N
211	pbkdf2_sha256$720000$sylbUObBr4bYP1ym9mq202$KzIxxQOPVBHVKa2odGj2XYKowmetmndn4ttEGFmz2DM=	\N	f	2024-05-12 09:15:25.239439+00	2024-05-27 10:24:19.501186+00	\N	+998883647009	6920409662	f	f	\N
225	pbkdf2_sha256$720000$pZRbAGkD3QbxB7h9kgWj33$6fvYK3fAt+JA3W0EtVuOORQfmk5BCmg32f+Hze3b7pE=	\N	f	2024-05-12 10:25:01.31567+00	2024-05-12 10:25:01.324667+00	\N	+998991842625	6947200326	f	f	\N
226	pbkdf2_sha256$720000$RbsL2OT1fcljyOLK29GYS9$pJY8XSJV0QBty4UzHAu2d0jSDI1Tcxq7KZUc9rjcfFU=	\N	f	2024-05-12 10:27:27.963116+00	2024-05-12 10:27:27.973361+00	\N	+998973617534	5928765310	f	f	\N
227	pbkdf2_sha256$720000$9shMqEqchztAGnJ0oPYNCi$TPeBKfGJE2BcV4pYi+tVbqOixUtJc6R69DfZlFad1IQ=	\N	f	2024-05-12 10:59:09.211577+00	2024-05-12 10:59:09.222851+00	\N	+998995007909	1171925595	f	f	\N
228	pbkdf2_sha256$720000$IuQ6irDZqqUAxugcRfwMti$cGe2a+NMfik3v8+hVYDSr4mNmmaYcdmJv04fS3RLo5k=	\N	f	2024-05-12 11:11:25.597755+00	2024-05-12 11:11:25.60943+00	\N	+998919157776	1791215985	f	f	\N
229	pbkdf2_sha256$720000$WjR1JamFFBo2XQAXgiQx1W$b7qwfIIVTiSHvTi4iutYhByItXwK31r0iAb2VlgnAhI=	\N	f	2024-05-12 11:24:22.661993+00	2024-05-12 11:24:22.672376+00	\N	+998900789717	7108102251	f	f	\N
230	pbkdf2_sha256$720000$0wUrFeQvHHsQyomaJAI3qs$KmdI2GfyOurrIOMEDaQmSDbsj0JNQV6tJGmS6pyBIzA=	\N	f	2024-05-12 11:30:04.876282+00	2024-05-12 11:30:04.887533+00	\N	+998941178661	585272879	f	f	\N
231	pbkdf2_sha256$720000$9luuln7DGmyrl4yYVKNyg6$lQsP4uYXnKsxqXzejmgCUULC35uXkO9CqQ5A5o9XY/8=	\N	f	2024-05-12 11:35:26.84981+00	2024-05-12 11:35:26.86148+00	\N	+998771030877	7127451657	f	f	\N
232	pbkdf2_sha256$720000$44JWEZcAAaUXXb2aBeDm6v$J52UGWCklME+5lLd2vYOcm5lrxq8FF+eM+J6xjg6Yfk=	\N	f	2024-05-12 11:37:16.560656+00	2024-05-12 11:37:16.582897+00	\N	+998932010627	6838828566	f	f	\N
233	pbkdf2_sha256$720000$LrIYWFU1MpzAVYIOPm2aQc$pw4dgVADCoriU2II9Ju6bRf8Ew9k3ab/9LTguSoTIr8=	\N	f	2024-05-12 12:03:14.797078+00	2024-05-12 12:03:14.808382+00	\N	+998995624847	650212686	f	f	\N
234	pbkdf2_sha256$720000$UvkV8qJ28SpVGby1dTEOG0$+KYjSAyZfK0N/1Eu+6dokwfpQoor2Ae862BkCl4Rkic=	\N	f	2024-05-12 12:06:19.532102+00	2024-05-12 12:06:19.544479+00	\N	+998914210140	832260238	f	f	\N
235	pbkdf2_sha256$720000$A5QXb6rFpmzXdI5qSVU1PE$WSOBGUp4gZFNJLtsepIzBN8wE8Jqqfifnbr7+SmBeec=	\N	f	2024-05-12 12:09:18.411554+00	2024-05-12 12:09:18.421494+00	\N	+998943659084	6550555937	f	f	\N
240	pbkdf2_sha256$720000$4EjSUiyJk6WTbsfCJBuV6E$hb3eHLlZRrPy/ZsTR+ZrCBfH6d+zH5mb+hmw1aStlC8=	\N	f	2024-05-12 12:21:46.08858+00	2024-05-12 12:21:46.117072+00	\N	+998994534178	757497350	f	f	\N
237	pbkdf2_sha256$720000$pAZewYGxMT7UGc9G449T8A$8/z9Dw+jJQ3hBVZdrBYF05HXagwCiNFPUugypmoxoNo=	\N	f	2024-05-12 12:11:39.284523+00	2024-05-12 12:11:39.290565+00	\N	+998949237200	1541351472	f	f	\N
236	pbkdf2_sha256$720000$egsxe93K0LRY7aarIWEupj$NFD9D5aHGN/mzHrCAIxfsJrRIT3CCx/0ndr80JAvAVE=	\N	f	2024-05-12 12:11:09.393676+00	2024-05-12 12:13:50.619403+00	\N	+998905784343	5684335544	f	f	\N
238	pbkdf2_sha256$720000$UVyCupcB7CJAXJF9ReRcxc$ai0QFu59dNcwmySPbCs72UYOr2zQ2cJebdCmKK0SWZc=	\N	f	2024-05-12 12:13:53.939343+00	2024-05-12 12:13:53.959364+00	\N	+998942337371	1671756354	f	f	\N
239	pbkdf2_sha256$720000$8fhmeg6ttX4HibHZ3qLwOG$46TD1Qr30gt8eFkTHplqAApuhSV1ca/JvKiLrUHftr4=	\N	f	2024-05-12 12:14:19.289512+00	2024-05-12 12:14:19.294822+00	\N	+998944581920	6932342657	f	f	\N
241	pbkdf2_sha256$720000$h9INZpFfUXHZzCuJVDqQkm$DwPR/DxOJTHPFHvkSNBpTbVErl8bbYm4dU08wu4F8zQ=	\N	f	2024-05-12 12:41:41.943481+00	2024-05-12 12:41:41.961567+00	\N	+998999458000	6665984530	f	f	\N
242	pbkdf2_sha256$720000$2rJZCdAc0LTDv9nio1Bp1K$6yTtjkp4zHYpWorxJ/T2xIGqJw8NMH78t52mzCb6OeE=	\N	f	2024-05-12 12:54:02.078572+00	2024-05-12 12:54:02.08853+00	\N	+998934650009	7089466198	f	f	\N
243	pbkdf2_sha256$720000$8zcp74EKLav9gznis2olNx$2HQAn4uLsS7W9c6ANfOy/TbsgBBdxWltLIjl9ydRNuU=	\N	f	2024-05-12 12:59:25.560495+00	2024-05-12 12:59:25.575057+00	\N	+998337437700	219285221	f	f	\N
244	pbkdf2_sha256$720000$wfDPkIr3WbrEEluQHYkgAC$CWbkJyb9bUDSfs8Lfi+s6Q7p4DZq9gvcW722AKFKlTo=	\N	f	2024-05-12 13:05:49.04045+00	2024-05-12 13:05:49.050928+00	\N	+998975188800	894545767	f	f	\N
245	pbkdf2_sha256$720000$gynf8vsgV8TDLXqGbHZ3eG$796UJBPBo3ffgeDIi5VxvEjoU4LzOgLqFC1fEv7vXfc=	\N	f	2024-05-12 13:24:46.687744+00	2024-05-12 13:24:46.698666+00	\N	+998974585808	5605311737	f	f	\N
246	pbkdf2_sha256$720000$gE0LgViOjJRK8fiKNBJbjH$xDsxfXhmWoMipgSg/CoAGq8ViC9wMhqPYT5Vde0IZfc=	\N	f	2024-05-12 13:43:14.903768+00	2024-05-12 13:43:14.914895+00	\N	+998997469191	5969976351	f	f	\N
247	pbkdf2_sha256$720000$EOMaBOJIoQusALhGwzyIuU$p6FA6AkiyHUjFPF4vQdHpSHikLiy6M4ntS+NruOrteY=	\N	f	2024-05-12 13:46:17.985926+00	2024-05-12 13:46:17.998484+00	\N	+998993878367	583309579	f	f	\N
224	pbkdf2_sha256$720000$7MGPodPJWsNqoTHst9nQXL$iljKm8QTrHUk7DHHggXEAysSb6hUwFted+G1QQFMqJM=	\N	f	2024-05-12 10:24:47.887657+00	2024-05-19 14:08:51.085164+00	\N	+998330421585	6454075326	f	f	\N
248	pbkdf2_sha256$720000$wRnRJjGtSZsNeiscBB9of7$HQCxvJIv8IlBPY0b3uEZmh0fGV8pd9yDkmPS0z35x14=	\N	f	2024-05-12 14:05:14.140601+00	2024-05-12 14:05:14.15902+00	\N	+998995642440	1382702093	f	f	\N
249	pbkdf2_sha256$720000$i8pmvE3Is8ndtqrGG4in0x$DMvdIyLj7tuZ3sBXaDHCcC8myslnk0kPfhTg/uRO2vk=	\N	f	2024-05-12 14:07:09.255047+00	2024-05-12 14:07:09.269546+00	\N	+998 99 564 24 40	1382702093	f	f	\N
250	pbkdf2_sha256$720000$JRaEEUhXfrWiGDciPxOtgB$o4vaERCaHmWrwdHrS9kZxu28mxJmj/+1virfBBiIlwg=	\N	f	2024-05-12 14:09:50.034252+00	2024-05-12 14:09:50.048568+00	\N	+998935786603	6501152052	f	f	\N
251	pbkdf2_sha256$720000$SoCdS7PQKFyfhDh9jNeMGB$G6yPj227agzO2CSIh3FiTTEVt5AaWAnMUdMNqOBBTDs=	\N	f	2024-05-12 14:17:01.298966+00	2024-05-12 14:17:01.309972+00	\N	+998994540408	7128338653	f	f	\N
252	pbkdf2_sha256$720000$3QvBLXWCEU9gZ5ksdtMJdE$Qx9sbfK4yT0eS9sLyxcPkf927yAxOv0HQ67KGbHcAHU=	\N	f	2024-05-12 14:21:48.075849+00	2024-05-12 14:21:48.085242+00	\N	+998936530729	2058432056	f	f	\N
253	pbkdf2_sha256$720000$4N6RBbECQpfnmb0B7O03f3$pVH52ED/5NGUIhWg9EC6uURaGS44fJZRjm9/TK3Ly24=	\N	f	2024-05-12 14:27:52.240729+00	2024-05-12 14:27:52.256512+00	\N	+998886032577	2118342207	f	f	\N
254	pbkdf2_sha256$720000$ybfZS78e5nnImU9ewm17QC$1ZLLH3221TXIfqOM8jUUye9GN+7uyrjKoRUB4jM5UI8=	\N	f	2024-05-12 14:40:30.011413+00	2024-05-12 14:40:30.024659+00	\N	+998999689274	695008689	f	f	\N
255	pbkdf2_sha256$720000$PME5opTZ9Fv10FxezewSRk$JJfjWy+GpK6YzY2Ra4IeFtymXX0jcIZxzJ2fKMYldA4=	\N	f	2024-05-12 14:44:55.602973+00	2024-05-12 14:44:55.626459+00	\N	+998933930518	5327489303	f	f	\N
256	pbkdf2_sha256$720000$yC1EM4edX66cw3T0qjAAPz$56KD3PBAeyCM+ycl54bwL0BG96sXqgzuox49XWqRAcA=	\N	f	2024-05-12 14:51:38.397245+00	2024-05-12 14:51:38.405671+00	\N	+998931987565	6339514021	f	f	\N
257	pbkdf2_sha256$720000$oKesNz9Dt6SPVFYW62cEdf$ay77U6wW6UAo8PiUstcgdq7twcQO3DIFbBm5E0+CbaM=	\N	f	2024-05-12 14:52:32.468911+00	2024-05-12 14:52:32.479328+00	\N	+998918582829	5016249696	f	f	\N
258	pbkdf2_sha256$720000$pwjveitjkymn9DMIL0ox1F$EPU8OI7ORkPaps6jdtPZTWD/ZHSIfNXRRKgG5QlZJJs=	\N	f	2024-05-12 14:56:44.781311+00	2024-05-12 14:56:44.792218+00	\N	+998975174999	6962960928	f	f	\N
259	pbkdf2_sha256$720000$uEAi2rWPfPkp1SozpR4qO1$oOwZbdT0P9t17PGqQ49AWW+TkfYRHO++u7wINaPE6ps=	\N	f	2024-05-12 15:06:35.106515+00	2024-05-12 15:06:35.111061+00	\N	+998770960522	6838023884	f	f	\N
261	pbkdf2_sha256$720000$ytczRwxvezlyaUf2ErtDfK$OOljjItA/6DuPHiU0NV/V0x3summWa6mfqExq1tqcmI=	\N	f	2024-05-12 15:13:19.668037+00	2024-05-12 15:13:19.679543+00	\N	+998990930801	5643262821	f	f	\N
262	pbkdf2_sha256$720000$40DToZZeKhEuuBN4tlv3os$5SAaS7FdXGkLUQuoV4AZt6QBqw9fuEVIxN+Bs5+h67w=	\N	f	2024-05-12 15:17:47.566025+00	2024-05-12 15:17:47.576812+00	\N	+998974412551	825744063	f	f	\N
263	pbkdf2_sha256$720000$zOHNppCkcbkeFTnv1Qysw1$mS+Ed90jMZDEOdaskjor8tAqsidatwIEOrNXoOmGVCM=	\N	f	2024-05-12 15:19:07.650659+00	2024-05-12 15:19:07.661516+00	\N	+998972023919	7128530733	f	f	\N
264	pbkdf2_sha256$720000$KtUaHTV0GBMw9Symjzly10$SQxp+U3UsJOzULMtggEt/+6T1OatN/yquFLYSasdhQc=	\N	f	2024-05-12 15:49:09.129446+00	2024-05-12 15:49:09.135162+00	\N	+998995616666	884960172	f	f	\N
265	pbkdf2_sha256$720000$Zt2QThbxUcFzGENYXDeJ1S$QzcAbYSpN3AFlWhyBrD6TnyqWbMuNBdQf1o5Cg6bYjg=	\N	f	2024-05-12 15:57:22.314827+00	2024-05-12 15:57:22.327057+00	\N	+998910929261	6505248540	f	f	\N
266	pbkdf2_sha256$720000$CuZs4egrC0IBsXtlIMMzw9$lblZT4zDyBeW6lEpsYWARZBf+t1BIqSI//IRDg/RvaM=	\N	f	2024-05-12 16:02:13.095414+00	2024-05-12 16:02:13.104816+00	\N	+998995051282	1194346628	f	f	\N
276	pbkdf2_sha256$720000$RVN44aQaBFI1YNJHgKl8ae$UF22KZ23n4+PKemqpFpaNIzrOaYYWPsl6/CTEvN09vk=	\N	f	2024-05-12 16:35:28.308998+00	2024-05-12 16:35:28.32057+00	\N	+998914223571	124426546	f	f	\N
267	pbkdf2_sha256$720000$GMsJyPpYeXNsOi1VVqdLey$dLkaZ5GySNDiPXCSdY1Ty4sczWLwugm1obrS9qVcBC8=	\N	f	2024-05-12 16:15:38.45634+00	2024-05-12 16:17:06.751638+00	\N	+998990591726	7051326917	f	f	\N
268	pbkdf2_sha256$720000$SIt0tXEfhwBmdGprravuM0$BD3SAe/dFpR29yKucxCErlQURKzHHtKzLFUrQH793mU=	\N	f	2024-05-12 16:26:29.28755+00	2024-05-12 16:26:29.298632+00	\N	+998975101303	492482315	f	f	\N
269	pbkdf2_sha256$720000$YL3isQDgK2ENuQWk9ib7N0$FZmQG9FcaTpVdIP9f1M00UHVIbhU4sz7GdHlaEoChBA=	\N	f	2024-05-12 16:27:32.757148+00	2024-05-12 16:27:32.833051+00	\N	+998999640555	6374293040	f	f	\N
270	pbkdf2_sha256$720000$j69gYGyRZ63aeDa0t8U4Rt$C88RJNpFSoFlLQe34a72RSIPI62rWuiyhw/HbscTki4=	\N	f	2024-05-12 16:29:12.035713+00	2024-05-12 16:29:12.039969+00	\N	+998937963775	800314671	f	f	\N
271	pbkdf2_sha256$720000$b531qEXIQV7Tu6A43G4IGl$7dVqalKvLRCg/gR/eFWAXyZ/gdiQToIN97RPSHBRHwo=	\N	f	2024-05-12 16:29:21.196266+00	2024-05-12 16:29:21.201309+00	\N	+998977929494	530230998	f	f	\N
272	pbkdf2_sha256$720000$4PBt5NxhSmoYKfhZtYjStZ$MEVC4yGyUCNYEeqWp+ZhWjv/wnPzPiuMip9Yn/DM2T4=	\N	f	2024-05-12 16:31:52.754754+00	2024-05-12 16:31:52.76497+00	\N	+998889234334	6338605194	f	f	\N
273	pbkdf2_sha256$720000$X4tbHyUMtoiIo3Gy3SJr9p$pC5twVO6gyH02z4LEF+ZNqMkOoBAuHOAcVt/98MfEfg=	\N	f	2024-05-12 16:32:31.610469+00	2024-05-12 16:32:31.618913+00	\N	+998997386666	5611506270	f	f	\N
274	pbkdf2_sha256$720000$OUzvhGx0WUbxYpGhG87C6L$ThBXUZHYG2JEss/0dnOrEHQrqo8CmbJbBC/EIeoV/xM=	\N	f	2024-05-12 16:33:44.321919+00	2024-05-12 16:33:44.332078+00	\N	+998937564444	29042748	f	f	\N
275	pbkdf2_sha256$720000$Vp23173g46hqkXzFzWuqJh$sC0OMoATlXdWLc2sKGRejMrfTTIfyLCjPgbUAqhpjrg=	\N	f	2024-05-12 16:34:00.184162+00	2024-05-12 16:34:00.188713+00	\N	+998993523621	1576383573	f	f	\N
277	pbkdf2_sha256$720000$IWys5naklJ0lWP44XYdPfP$NTbxcErIGaXYZWvPEuBz1kpNsF27dMN/194vLP585hQ=	\N	f	2024-05-12 16:36:31.326989+00	2024-05-12 16:36:31.343295+00	\N	+998915708958	632575512	f	f	\N
278	pbkdf2_sha256$720000$VV1b1B4RmZXKypzzJfX27F$/ilEPMTg4iCZSVTeCGMfhLGjgg53yrhQEQPaBK9QSXY=	\N	f	2024-05-12 16:37:17.868339+00	2024-05-12 16:37:17.879215+00	\N	+998995476677	1469045490	f	f	\N
279	pbkdf2_sha256$720000$5JZe3HFzE0cphcBhpabCgM$J8fSmLD3eUCrYVSXCmZwh8NohfL1OkYdT97lw07vU/Q=	\N	f	2024-05-12 16:38:35.597175+00	2024-05-12 16:38:35.612341+00	\N	+998995524340	554951562	f	f	\N
280	pbkdf2_sha256$720000$1sFEZHwZaK37pzWjwceoFw$j9DbVN38qh7NoGr8bvZW2MQeiSPC0x45xtt62uKe8rw=	\N	f	2024-05-12 16:39:20.461721+00	2024-05-12 16:39:20.472052+00	\N	+998942737621	5318989823	f	f	\N
281	pbkdf2_sha256$720000$1LvT7sRBqWjX4AyM5gpGO4$ut2lX37Ftn7H57SKD/uWpVxayvpJPZPcXKZ0C5WFq+g=	\N	f	2024-05-12 16:39:54.524316+00	2024-05-12 16:39:54.534715+00	\N	+998991842608	1615295227	f	f	\N
282	pbkdf2_sha256$720000$wnZ39KmnaYkK9WGy5omvIA$bAdZ0MNEz04jI81/bKij0ugsivP9NL0eROC327VDmnU=	\N	f	2024-05-12 16:40:25.740317+00	2024-05-12 16:40:25.754278+00	\N	+998919980513	7103353985	f	f	\N
283	pbkdf2_sha256$720000$bpa4oqLxv0QnBfLmh8xQU5$2qvOgJB1BwaPl+pHzRm4MUbbFWlHZsPB2kVbP1yvU4w=	\N	f	2024-05-12 16:41:09.232047+00	2024-05-12 16:41:09.242676+00	\N	+998900783030	166247554	f	f	\N
284	pbkdf2_sha256$720000$Z5Lz3KM6jkJO6BA4bPPoN2$RdSlJrGhoqcObw4yk6fIeFVOAv429gzRcs8jy6gPCdc=	\N	f	2024-05-12 16:41:43.558857+00	2024-05-12 16:41:43.562698+00	\N	+998936801110	5975678890	f	f	\N
285	pbkdf2_sha256$720000$gOf1ilOWAJVNnx2GeCIiGv$EOytK5TNIvR2grsv5VmBqyaxdipUDhZSHOenb3+xzQ0=	\N	f	2024-05-12 16:43:01.173662+00	2024-05-12 16:43:01.185271+00	\N	+998886029908	6491399141	f	f	\N
286	pbkdf2_sha256$720000$cqm2BHntfuAQqFmMk5Kw2t$W1RS0OAKlEKp/V2w+tOIeQMyexIdpGdJjEG3AsrGGZw=	\N	f	2024-05-12 16:43:50.289618+00	2024-05-12 16:43:50.300023+00	\N	+998885124272	7069379429	f	f	\N
287	pbkdf2_sha256$720000$eTBaJgO7fZyZnaI57OVl1t$cOE4ROweGOqSybo/lbwih1ijtDEfT30hM+kj1AZBXUI=	\N	f	2024-05-12 16:50:03.005785+00	2024-05-12 16:50:03.026245+00	\N	+998939291499	2110364144	f	f	\N
288	pbkdf2_sha256$720000$W8Jv6cYcvd4U0NrhUEq50O$tUyDi1fobZmP0pdxvms4umaOJKwJmNNkSNHNXd5rOI4=	\N	f	2024-05-12 16:57:31.425165+00	2024-05-12 16:57:31.439424+00	\N	+998936646228	6771775201	f	f	\N
260	pbkdf2_sha256$720000$b5VKWaCsFyGnOMPo35SPEY$T7/okOxLWCNk6lv36S+c9GxX2iQKLN2TYfnF/Tv+jKo=	\N	f	2024-05-12 15:12:44.079371+00	2024-05-13 04:47:55.728109+00	\N	+998997476934	2119560350	f	f	\N
289	pbkdf2_sha256$720000$XQaL9ao3IHjnLwKs9yuDGz$NlRrE27cI99w9YpDiwJlI1h/LAMPYww2H6P7LN6dTxI=	\N	f	2024-05-12 16:57:45.502739+00	2024-05-12 16:57:45.506785+00	\N	+998976556710	5079394319	f	f	\N
290	pbkdf2_sha256$720000$N7Hsi0C6kqkBY3M7wDWdD4$0KRXU6ndYHdNoc/Y+5xP5rCXNNRgkTCrrOMzX08yAIQ=	\N	f	2024-05-12 17:02:40.767032+00	2024-05-12 17:02:40.780293+00	\N	+998953444050	5165806136	f	f	\N
291	pbkdf2_sha256$720000$y7JixN4v8iLgkfV2XTwpIn$R2LSvYrIO6ndzlfBPG+G4LLzemC/phsoSNwJx4b+mBw=	\N	f	2024-05-12 17:05:27.698623+00	2024-05-12 17:05:27.720422+00	\N	+998904377323	6899679188	f	f	\N
292	pbkdf2_sha256$720000$B1pWJRHc4CKTXaQc5SnfUw$R8b6m/H+uprIQdMsHk1n0SnDijftdRXEulGGaKXkzLM=	\N	f	2024-05-12 17:11:04.359714+00	2024-05-12 17:11:04.369331+00	\N	+998992174043	7025472398	f	f	\N
293	pbkdf2_sha256$720000$SiclrMi01JRF7xVvWCdRwY$uxas7oHzysPaOLvZgq+pRjOuUGaEelTusiw/SsAUzqo=	\N	f	2024-05-12 17:11:16.132222+00	2024-05-12 17:11:16.137864+00	\N	+998937579570	5246086668	f	f	\N
294	pbkdf2_sha256$720000$5HHDHpJQ57IchTTn6bqJjE$n6thJvjzPzP0kl3cgqJMzc1TQz0wOnW0MQ/pmrKdEmI=	\N	f	2024-05-12 17:13:32.068686+00	2024-05-12 17:13:32.078721+00	\N	+998932842897	381350458	f	f	\N
295	pbkdf2_sha256$720000$DrzVcIJLJUhjjANHbyR8oU$J8KuQbIy32v1bhO+uOsANwSYx953A8IxtQMAGbRsWps=	\N	f	2024-05-12 17:14:07.610697+00	2024-05-12 17:14:07.615005+00	\N	+998914277365	1456904422	f	f	\N
296	pbkdf2_sha256$720000$1ESoVG0tfrpo9OhnhlP6PH$MaGyRHPq3veH9Y1W9WhtPNqDYpVW/I9W6z2m7WPNNH4=	\N	f	2024-05-12 17:18:41.085919+00	2024-05-12 17:18:41.096921+00	\N	+998999450686	1392861929	f	f	\N
297	pbkdf2_sha256$720000$MYHw8iaX4zLuRFGmdnufM8$2a8ptFmzmw0XdkZlNFINuDjZLi0/xbdkxgWB3n2OHTE=	\N	f	2024-05-12 17:18:53.971324+00	2024-05-12 17:18:54.023102+00	\N	+998919989709	7084195605	f	f	\N
298	pbkdf2_sha256$720000$TYhMay1IpIP21mISlNEiIg$VvIDnWVRMCrIoYKUnDT16AmLeqLUofPOog/GF76eHjA=	\N	f	2024-05-12 17:24:11.139681+00	2024-05-12 17:24:11.150786+00	\N	+998946441228	6536405703	f	f	\N
299	pbkdf2_sha256$720000$e9Ad5AAsceAXkAzn1E56vL$SXZ+PwfheNmKllzmKUl1xBevM29CApF3qfajKL2NZrE=	\N	f	2024-05-12 17:24:28.978438+00	2024-05-12 17:24:28.990099+00	\N	+998904332527	6502918658	f	f	\N
300	pbkdf2_sha256$720000$5LfNnvOTkdwpeQ8ysBHmuD$6H8pIexvPwsZGcipbPF4BTPKk0q/F1NfXj+rqmQz/aw=	\N	f	2024-05-12 17:27:54.452317+00	2024-05-12 17:27:54.463044+00	\N	+998937507370	340525338	f	f	\N
301	pbkdf2_sha256$720000$mZ6qEMAdFGBL1G5FgvjgE6$3NtwqFfp9UXA1tLgIYpud6MynHnkeQ1x696FTYKbw/A=	\N	f	2024-05-12 17:29:30.880089+00	2024-05-12 17:29:30.890945+00	\N	+998995546066	5721922857	f	f	\N
302	pbkdf2_sha256$720000$pq7tCWf48IfIYgDV2gvtol$qOJOEM1Tkh+4H+cy+8Uj0lQZbONNJGjn1eefLdSibPw=	\N	f	2024-05-12 17:34:03.386873+00	2024-05-12 17:34:03.392985+00	\N	+998957115656	7095947393	f	f	\N
303	pbkdf2_sha256$720000$gEJzYpTq08P2uiPKDHFedk$vVcWRbBty3i2tRJBU+lq6osIciMAl47GBIrYqKevvjM=	\N	f	2024-05-12 17:51:59.208697+00	2024-05-12 17:51:59.220148+00	\N	+998907377307	5444691870	f	f	\N
304	pbkdf2_sha256$720000$WmVPh3DY84uWntbYd5rwGn$iT95FzwaHEWW8n1IK4k2SKOED2ovf2mEQGIz6NoN70k=	\N	f	2024-05-12 17:55:26.098136+00	2024-05-12 17:55:26.108709+00	\N	+998917719023	7080090250	f	f	\N
305	pbkdf2_sha256$720000$oRwseJUTIqNhvbj5UHoZtP$H9BWOhzSqjwwo7nw8y4QtwnfiGhwoh37ZWlz2VZPFHE=	\N	f	2024-05-12 17:55:30.767714+00	2024-05-12 17:55:30.772552+00	\N	+998930912828	1037163499	f	f	\N
306	pbkdf2_sha256$720000$Y7lHexugEw14SXWUjA5TMb$V0oNlteisye7MhTxdYFcRmWpQK0El7zR+hJHbXUvxtY=	\N	f	2024-05-12 17:55:50.74984+00	2024-05-12 17:55:50.755173+00	\N	+998993560515	6646961196	f	f	\N
307	pbkdf2_sha256$720000$2Khg0K7zK3smWTh412YfpM$69nQgaxefbkzqSl9VxhbstFy7nYGsyp715SKwsTVpVw=	\N	f	2024-05-12 17:56:57.042639+00	2024-05-12 17:56:57.050931+00	\N	+998907267060	52275669	f	f	\N
308	pbkdf2_sha256$720000$J0YpK5GeU25IYO4W1DM31F$nzErYPVpS5wrd91cWZ0JJuOv8/WpYB0Os4RUygVdMX4=	\N	f	2024-05-12 17:57:19.415327+00	2024-05-12 17:57:19.425363+00	\N	+998 97 458 20 29	5924491294	f	f	\N
309	pbkdf2_sha256$720000$FbRAbpYpDXNBIGCgbD1Duk$hNspiY8YRYc2195lTWjvG5+v7eLtcCzpA4kCWDee5Jc=	\N	f	2024-05-12 17:58:34.922822+00	2024-05-12 17:58:34.934653+00	\N	+998974530906	7138986550	f	f	\N
310	pbkdf2_sha256$720000$e5qTRN976SAOI71gTtp0O8$YMYVTdm/bgprJWtV71mxsIw4O7/TQ8WytuNBkCCT9h4=	\N	f	2024-05-12 18:01:05.947148+00	2024-05-12 18:01:05.95764+00	\N	+998937086232	107261619	f	f	\N
311	pbkdf2_sha256$720000$6SBqxRLpeG0MHOpKWqqn66$rPt9UzbIsrcZeqK9gHEa6TXj5XysToLOGeEMqd/ftMw=	\N	f	2024-05-12 18:05:38.787505+00	2024-05-12 18:05:38.801015+00	\N	+998940641201	5835945064	f	f	\N
312	pbkdf2_sha256$720000$odKcewttYbjLejsPFKX2it$6ThS/Xk2CyvQk+5CloyEzia17qp+asNddEDEzRQ4wVM=	\N	f	2024-05-12 18:11:20.276745+00	2024-05-12 18:11:20.291761+00	\N	+998942342244	6078553023	f	f	\N
313	pbkdf2_sha256$720000$dsihNFZnqXtjuQXVNEuZcj$eWRym3g+3hXBN2x9vDvmhfttDGPGVkUmBgUe7KWE8yY=	\N	f	2024-05-12 18:15:27.715467+00	2024-05-12 18:15:27.728678+00	\N	+998992813968	5416264938	f	f	\N
314	pbkdf2_sha256$720000$b6pRsZejfRd1QsEYHvii0p$pKE1JNOfyHHpDfHJc3sEZ4MwxseqTYosJXzpkpJ6uZc=	\N	f	2024-05-12 18:17:06.310516+00	2024-05-12 18:17:06.353618+00	\N	+998990250009	1029509028	f	f	\N
315	pbkdf2_sha256$720000$q603AsWT6NWCb6Zc9jP2Kv$52hQqlqBbDGkddakOtInu3RDYwLnJpifpSKBtJZC34s=	\N	f	2024-05-12 18:17:21.918853+00	2024-05-12 18:17:21.924434+00	\N	+998999662333	6464277274	f	f	\N
316	pbkdf2_sha256$720000$HgioJ4kmzjyBBc0Rx3q3sj$TTnPO86/upjenXfbJN2d2VE4jvg7kArtMRheBxRKtAQ=	\N	f	2024-05-12 18:18:38.772606+00	2024-05-12 18:18:38.791711+00	\N	+998997192643	5763708145	f	f	\N
317	pbkdf2_sha256$720000$NshsZEY0IN0LtpcC4rwriA$10boTl0kXx6vx6o9YuDVwT2mvH3U7U5eZ8YAL7V5FcI=	\N	f	2024-05-12 18:24:37.578762+00	2024-05-12 18:24:37.588104+00	\N	+998904312320	6460610702	f	f	\N
318	pbkdf2_sha256$720000$Os5CWmw31Rg6gZ6csOo5GR$jwglsmm0vKLp46x9V8/D/ZqRL+bZV76ThgTK5xfzi0k=	\N	f	2024-05-12 18:28:15.536294+00	2024-05-12 18:28:15.546278+00	\N	+998881022599	6475963613	f	f	\N
319	pbkdf2_sha256$720000$ZHDB8O5m7gAK4xjctzRIqm$luFXYvzPxmsXkZ09QDIcGaLyPEQeS8iZUMXBcrnxJ6A=	\N	f	2024-05-12 18:43:54.247269+00	2024-05-12 18:43:54.259429+00	\N	+998971232008	1428258071	f	f	\N
320	pbkdf2_sha256$720000$DI8yX0DwqUmfcAWgLKFRtp$5hRBd5nDgYFf7/tBKnRf2QGWN//bNs2+olefK1tlwFs=	\N	f	2024-05-12 18:50:37.2791+00	2024-05-12 18:50:37.301359+00	\N	+998885264131	6092818343	f	f	\N
321	pbkdf2_sha256$720000$rCoKl4WmxzYPHHVu4K79x0$oxhk1Pn654q9bph3AqxSsET16yajgjfG0XzkROkJA7s=	\N	f	2024-05-12 18:55:53.652308+00	2024-05-12 18:55:53.664501+00	\N	+998885268880	654614682	f	f	\N
322	pbkdf2_sha256$720000$IqUkDOMptUTTznvqtJCmVA$GD85a4vkX2cZq0chpxovLaKziFe3VHfiqiOqETS/buw=	\N	f	2024-05-12 18:56:30.724913+00	2024-05-12 18:56:30.740705+00	\N	+998888583431	1368609887	f	f	\N
323	pbkdf2_sha256$720000$G9a9kNayUNLHVfGtC2Bqpb$6tP8UOma/jQJjbiXKxP2ZenScfn6JKcOUN/ES+TVJlg=	\N	f	2024-05-12 18:57:02.391904+00	2024-05-12 18:57:02.401484+00	\N	+998900774077	6323687717	f	f	\N
324	pbkdf2_sha256$720000$K6KADLTTK3FC6JTVGrLuD1$btOhbYZnQc0EEPWAKvRCNfSKLaHtggIbXkM0cK2P3rI=	\N	f	2024-05-12 19:01:16.340115+00	2024-05-12 19:01:16.351192+00	\N	+998947659959	1178858333	f	f	\N
325	pbkdf2_sha256$720000$Yb1B7sUgtHceTWabbbyiUA$oxXIvyruC0vHt6RZpBGtEe0YrD+d2iCISUERrtB2mP8=	\N	f	2024-05-12 19:02:27.379957+00	2024-05-12 19:02:27.39101+00	\N	+998902832524	6350579365	f	f	\N
326	pbkdf2_sha256$720000$A3sfOvh0z47jzUBTPj2v4t$fGjLLC4VU7n+IKPbmmqhzsSDwmQWq9tSnWfl2LyRxOE=	\N	f	2024-05-12 19:05:49.713096+00	2024-05-12 19:05:49.723191+00	\N	+998883648898	6001746285	f	f	\N
327	pbkdf2_sha256$720000$JKAf7Kc4HXOjNaLJBViohZ$28ixV++yrhGMdiO8dVkl51Hp4mzH3Cl2dMZT6/ldFLc=	\N	f	2024-05-12 19:22:33.399198+00	2024-05-12 19:22:33.413704+00	\N	+998886004036	1414048974	f	f	\N
328	pbkdf2_sha256$720000$Fv3rHIWcQI6rbzdD4Qwbdv$sblbLdyMAhhzIJf4qS4pVs/1v2rm2qOuVcDPU2nWYmA=	\N	f	2024-05-12 19:32:05.582561+00	2024-05-12 19:32:05.593624+00	\N	+998906491819	5205378415	f	f	\N
329	pbkdf2_sha256$720000$jhLHrB2BAeU4zLtLCKEv86$UFySh4sZsVnhzXnJLPrYh5tOka6GdtPru+RdcF5FAog=	\N	f	2024-05-12 19:57:05.188675+00	2024-05-12 19:57:05.198727+00	\N	+998940809030	6121646859	f	f	\N
330	pbkdf2_sha256$720000$ATyavOCL5DmcvV1yeuMrA6$/jv/Wz5lFB3XisoC65Fh+wVzpcdtfFGGx7rezpcxdno=	\N	f	2024-05-12 20:04:37.308949+00	2024-05-12 20:04:37.320469+00	\N	+998904388607	1028949997	f	f	\N
331	pbkdf2_sha256$720000$UrOZblrDOZaFDcwhmBAW1u$q05ZKY7/3SLTDJbVfMNyLBHXTsCD29BY84jufMbRaXY=	\N	f	2024-05-12 20:09:08.986967+00	2024-05-12 20:09:08.998578+00	\N	+998940721419	5161553841	f	f	\N
332	pbkdf2_sha256$720000$vLpfuIDgTGZBAWROyAm1Av$V69uscFqR1CP5+HV0ZvUmfnnFkNgdTSb+tNFO+OAR1Q=	\N	f	2024-05-12 20:11:08.207642+00	2024-05-12 20:11:08.220407+00	\N	+998904342406	7130012402	f	f	\N
333	pbkdf2_sha256$720000$lA8xQCbr2MZujHps3pcnQe$6N+9r7DovwGMqEyL4+2FBDC60BvlarMMl5a5OGpQsZI=	\N	f	2024-05-12 20:13:36.860807+00	2024-05-12 20:14:02.158287+00	\N	+998905787668	1760736303	f	f	\N
334	pbkdf2_sha256$720000$217fYwKRQW2lr5jN68wnLL$dp6Inv/GSQzjU7EfYAUkA283NsbGHGzjtqjTBV1CK9o=	\N	f	2024-05-12 20:15:02.781435+00	2024-05-12 20:15:02.793405+00	\N	+998885115350	1760736303	f	f	\N
335	pbkdf2_sha256$720000$zs6QQsM39vUiRHRNuk2ntz$6EiK8ev0kpYRHx712RYEpxFxKfLj2NCaWITdp61V7i4=	\N	f	2024-05-12 20:15:54.349515+00	2024-05-12 20:15:54.359898+00	\N	+998907261816	6487186054	f	f	\N
336	pbkdf2_sha256$720000$gPbylLqzMlX6CqO1a6TN4W$jmzkbXRYZ6EflO69IaRXFpjOE4qOX8SThgoXwBl6+cw=	\N	f	2024-05-12 20:29:54.95773+00	2024-05-12 20:29:54.968346+00	\N	+998884790767	5379965664	f	f	\N
337	pbkdf2_sha256$720000$2DanYIh91oBehfeKlQrynP$Ir2ipeLMU6WDznYZStwkYcCyWDkSD74yRL9hiCilw9g=	\N	f	2024-05-12 20:42:10.86264+00	2024-05-12 20:42:10.873815+00	\N	+998948391500	5918763620	f	f	\N
338	pbkdf2_sha256$720000$t2DpHhGnYzbJx2cT50o147$AF2zizB/F1iXdQaOgOEJg2LVwdhcqq1zEADzfrAqe4c=	\N	f	2024-05-12 21:04:22.376726+00	2024-05-12 21:04:22.387511+00	\N	+998906494008	5168061721	f	f	\N
339	pbkdf2_sha256$720000$umJn71gzIFhgTQWv5Rrw0w$8OAkyHRqSJ89OGuEZfgJSFeOkSUcBnrcB7tFBVV9m8E=	\N	f	2024-05-13 01:14:27.68788+00	2024-05-13 01:14:27.703073+00	\N	+998914210887	6080706830	f	f	\N
340	pbkdf2_sha256$720000$wiQ8jUiHJij3GSbAwbrEo5$AseugKXtPjo2banp9H71gKul/r5B88GryMXlNbn+W7M=	\N	f	2024-05-13 03:31:07.498747+00	2024-05-13 03:31:07.507997+00	\N	+998995055254	5306884889	f	f	\N
341	pbkdf2_sha256$720000$g7TgjO4SyYX5VwDcUJ4aYk$j39iUsPPQu7AEeKI4iv3h85KKAgUV+p7CwKFWpu1Mps=	\N	f	2024-05-13 04:06:03.641614+00	2024-05-13 04:06:03.652002+00	\N	+998995699199	6345717784	f	f	\N
342	pbkdf2_sha256$720000$Gr1RY2KmnlqgLo72RgHWrZ$Vxzn7a5Npo2xX8dnWh+GoiXWwhIzSDVsWoBJsOuFkPA=	\N	f	2024-05-13 05:22:19.565495+00	2024-05-13 05:22:19.576152+00	\N	+998976052296	6262695371	f	f	\N
343	pbkdf2_sha256$720000$B1HLjc7OGa5xIveWVP3s10$LtKS/QIv/F5rdWPS1vLLHaEQla/vMaBvQ3JMdWBb/+c=	\N	f	2024-05-13 05:59:13.173587+00	2024-05-13 05:59:13.183061+00	\N	+998995026726	833056826	f	f	\N
344	pbkdf2_sha256$720000$ow9qyBqXyeLiMMBt9h1ZQI$fEnR+qFpkcKYoEA/7vEhCAJYroNYY3pvv9n21W7T1l4=	\N	f	2024-05-13 06:02:15.74527+00	2024-05-13 06:02:15.745327+00	\N	+998938988689	\N	f	f	\N
350	pbkdf2_sha256$720000$3hsZjWlw7WKLQT3r6Hi8Yf$pl4fN9ykh8qKJFCPSQT9V9Z9X1e3DZZXDrGQQvyMc4Q=	\N	f	2024-05-13 07:06:00.771954+00	2024-05-13 07:06:00.78321+00	\N	+998941161617	903968490	f	f	\N
345	pbkdf2_sha256$720000$MCfVBAVetv2CI2s2EHe2XT$+5+uJbZNJhnMYIG7FK15bPEpWXFpTFVRpH8hV3824qk=	\N	f	2024-05-13 06:22:03.840612+00	2024-05-13 06:22:55.641173+00	\N	+998932328182	5124688646	f	f	\N
346	pbkdf2_sha256$720000$4F1UPCHjHPvjzCweBjGkqD$Q2p6BYJWxZAcDm0mHO1e4oq5Pa/+2Gn/8BFOQFmntSw=	\N	f	2024-05-13 06:24:04.935769+00	2024-05-13 06:24:04.944961+00	\N	+998995687998	991001960	f	f	\N
347	pbkdf2_sha256$720000$3udJKGd3WzDFGzn0hcMmSi$ZVlEj1epLSKEX/N59vmjnWaJygCneH1cOm3u0Q2unZs=	\N	f	2024-05-13 06:42:14.966644+00	2024-05-23 13:12:54.102304+00	\N	+998883611222	7038207870	f	f	\N
348	pbkdf2_sha256$720000$oSsKT7Adb47oUuhKFWOQAG$hX9RSErtOp+z13gl9rZ7gkjNSmb+GlhbJiKnRKu0/rg=	\N	f	2024-05-13 06:46:00.020134+00	2024-05-13 06:46:00.031299+00	\N	+998973646251	111480473	f	f	\N
353	pbkdf2_sha256$720000$XTmtP7h4Vc5rZdJv6TYCVk$syFbn/ENKpD5fKD08s6jk7KjnFDWtuqfaFbkg8UsGhc=	\N	f	2024-05-13 07:09:36.750312+00	2024-05-19 11:57:04.410783+00	\N	+998507124259	5757978289	f	f	\N
351	pbkdf2_sha256$720000$HVhGPYlFGhiY3zvWCdCsfd$ZSjl3SKBBI9t0XCsqnlFh/pt/6hIA+in79r9KoWhwXc=	\N	f	2024-05-13 07:09:00.917817+00	2024-05-13 07:09:00.929578+00	\N	+998330494259	5767805409	f	f	\N
352	pbkdf2_sha256$720000$MSl3Jo2YGBXXFXnP2fObgO$1gvtvXXrU1nTJR2BCCu7NF3cdbBDsx3aJgUDcJx5GV8=	\N	f	2024-05-13 07:09:12.998441+00	2024-05-13 07:09:13.003682+00	\N	+998949417458	6091274483	f	f	\N
354	pbkdf2_sha256$720000$EL5B0j24zt8Dfx8x7dvoiW$ZuKZHRdMO/ogZjsAhE/0sLNVpuggYmJsXu95J04ooMY=	\N	f	2024-05-13 07:22:23.900981+00	2024-05-13 07:22:23.913979+00	\N	+998998769608	552563440	f	f	\N
355	pbkdf2_sha256$720000$hZoRLfBd3AGjtlxCW4iCZq$xmrS1gej7hXq67ow6rmSFOTb4r5bnmJW/2loiAsDwdY=	\N	f	2024-05-13 07:30:43.398398+00	2024-05-13 07:30:43.411854+00	\N	+998900241898	1659773874	f	f	\N
356	pbkdf2_sha256$720000$C10hjYNRPxKg2VPiPRwMqu$Nds7z6vnDNC2MjQvRc6/iIvisAZ4+NUcIj3zbjE7Bqc=	\N	f	2024-05-13 07:32:27.915711+00	2024-05-13 07:32:27.924945+00	\N	+998938650624	1606214209	f	f	\N
357	pbkdf2_sha256$720000$iuLEM53mtRer4evuebqgM2$vCKEjTIwvdZisJ0R+9Z8BRX5l0MNGajrbLUGSnkEVv0=	\N	f	2024-05-13 07:35:49.573537+00	2024-05-13 07:35:49.582697+00	\N	+998974219094	1240088803	f	f	\N
358	pbkdf2_sha256$720000$9JO98stk4XkCT4Gyg186Nd$CTWOXqRU8dgyzMIirsngS5j4TiGiU8TNLvpP80ZVaCs=	\N	f	2024-05-13 07:40:15.057659+00	2024-05-13 07:40:15.067305+00	\N	+998990340407	1015806160	f	f	\N
349	pbkdf2_sha256$720000$m1zSY93yninzxSqTeT1vNA$nr5egPlFo37emjaagq2gErL7dXbkUO3hfHzHqPsZ2D0=	\N	f	2024-05-13 07:01:09.053703+00	2024-05-19 07:08:54.282199+00	\N	+998888351717	2105729169	f	f	\N
360	pbkdf2_sha256$720000$sK53wh3IdwNmRhufM1Ogfi$VY0UdlcqBX0K6LZjn+2Cn+nSJazPXDDYnm6VoE6CWCE=	\N	f	2024-05-13 07:41:46.404936+00	2024-05-13 07:41:46.410259+00	\N	+998904320259	1104214896	f	f	\N
361	pbkdf2_sha256$720000$1RBlh34UjHqYFwTywpb0Po$AdwKnympj2MDqQk8JYN2D1va86fyo5/LGWgahElYoyY=	\N	f	2024-05-13 07:45:59.875114+00	2024-05-13 07:45:59.887125+00	\N	+998992735757	2053592163	f	f	\N
362	pbkdf2_sha256$720000$fG5D92Pib4ejhg96THgZwv$XK3SPij9IuzsfZcTlr/iQg0LVbvmdUw8WGbzB3LuTvI=	\N	f	2024-05-13 07:48:10.284838+00	2024-05-13 07:48:10.302761+00	\N	+998978587370	1627311401	f	f	\N
363	pbkdf2_sha256$720000$DsTX4jTYOfv8xwzCbG9n0N$Tz0OwziSGJosAV7xnvvgKealTi/nfbNt6DLQTfb9gRo=	\N	f	2024-05-13 07:50:17.611715+00	2024-05-13 07:50:17.630019+00	\N	+998949321222	1876124260	f	f	\N
364	pbkdf2_sha256$720000$QfAYZ2lYZgQV13ivzf2DbO$JLwTRZ1EeM61NEEnfCc1M7VIOeKvlgH16jr3Wp7DDz0=	\N	f	2024-05-13 07:58:46.613587+00	2024-05-13 07:58:46.623856+00	\N	+998973619799	1444849451	f	f	\N
365	pbkdf2_sha256$720000$1Y7AQVLQtQzkFCcT4ePW4e$WbbA8hDVtUGth7GtLZBIvIUZeBGGzErfqNdwXOt0+rg=	\N	f	2024-05-13 07:59:51.060051+00	2024-05-13 07:59:51.078496+00	\N	+998-97-361-97-99	1444849451	f	f	\N
366	pbkdf2_sha256$720000$RaL6zEOuL5BpsoJpXcm0Ya$P/ijeNzJ7p9lLFU2OsneZeEd95tSf/OJD6lwxQQjmA8=	\N	f	2024-05-13 08:06:05.3827+00	2024-05-13 08:06:05.407771+00	\N	+998972030403	6971397107	f	f	\N
367	pbkdf2_sha256$720000$j3Dob4wZNuTNWi03KWQgtz$jj3y4EIdxVqRddLXAK6/IValRUaw1U/yqDmyAaXTpYY=	\N	f	2024-05-13 08:13:18.523051+00	2024-05-13 08:13:18.531118+00	\N	+998951710980	5483034540	f	f	\N
368	pbkdf2_sha256$720000$lM9w5La42SsWYGy83V7Nwg$ROYBir41D1z6Nr8rmcqEY7RSaASjID0Ly3SZj2IXSj4=	\N	f	2024-05-13 08:16:47.344464+00	2024-05-13 08:16:47.358875+00	\N	+998330562828	6606694520	f	f	\N
369	pbkdf2_sha256$720000$rVOp5JSw98zZrhxMBAAYWC$6B/OK0SgmbgVrBVL2pzYeZwUyfM+kg3vQoOE6PaG21s=	\N	f	2024-05-13 08:45:57.84133+00	2024-05-13 08:45:57.851566+00	\N	+998975161893	5012259016	f	f	\N
370	pbkdf2_sha256$720000$rTKdRu8zY2JrBA5iz9l5RE$ysOaPJV2Jfb6xyjimhr+sa7dBeZ196rDw6UO89/dAK0=	\N	f	2024-05-13 08:49:44.502936+00	2024-05-13 08:49:44.513359+00	\N	+99897 601 10 17	1226182334	f	f	\N
359	pbkdf2_sha256$720000$LUYuc0VHixcX8expCHpilh$gtCSVZUDBcb8zwIKHYkcg7QIQx3P4EjQlmGwjflqaJk=	\N	f	2024-05-13 07:40:22.810836+00	2024-05-13 10:00:48.983893+00	\N	+998941184344	550499577	f	f	\N
371	pbkdf2_sha256$720000$Rml9fiJ9GpbAnU6xHFtSTL$tcyNbyTbJ3J3QrxYLuogTEzZuOsbxYwFqPNMWAoIni8=	\N	f	2024-05-13 09:28:13.573233+00	2024-05-13 09:28:13.584755+00	\N	+998880176131	1007380532	f	f	\N
372	pbkdf2_sha256$720000$PYysTOkAuzi7HdMDy80CsB$BqgIwq7LnhAorpjV3YZgNXazllVptKSGbM5whZLV5yY=	\N	f	2024-05-13 10:14:18.313774+00	2024-05-13 10:14:18.323959+00	\N	+998884578005	5924533485	f	f	\N
390	pbkdf2_sha256$720000$xcdHkpc7Kf4WzMGTMuAfhq$Nj0h5SLRX84BgABYutWTv55HJ3NYn9/3Pf74aAPFlJ0=	\N	f	2024-05-13 13:22:01.755292+00	2024-05-14 08:50:22.298346+00	\N	+998914342402	1239155265	f	f	\N
374	pbkdf2_sha256$720000$0bqhbyS56OXJbaiMQvH5gO$mjkga4oK8zrjs7SoMLUsMl7WD5f2DGlyyFuuswasMqM=	\N	f	2024-05-13 10:31:15.828966+00	2024-05-13 10:31:15.839871+00	\N	+998976015959	6565619362	f	f	\N
375	pbkdf2_sha256$720000$JeHtxtO1G2fnKUD85OMoFp$J60+WbV3kuBJH/fIUp+fbqY4rgCWFm1LiMPCeNO55R0=	\N	f	2024-05-13 10:42:58.521354+00	2024-05-13 10:42:58.535445+00	\N	+998770675053	6506088670	f	f	\N
376	pbkdf2_sha256$720000$jbTgInvq5NsuN1fCKWa3DW$R+AtiO25Uqs5aCQA74DDDGfkfDywUeizH/x2OTss2lU=	\N	f	2024-05-13 10:43:55.140013+00	2024-05-13 10:43:55.149817+00	\N	+998991445053	6506088670	f	f	\N
377	pbkdf2_sha256$720000$PJERE5a3VORB8oPRECCT7P$AXXFRdFiO4axfuu6iINMnVi4vGR2UJebAsQPQbVdz4s=	\N	f	2024-05-13 11:09:33.528295+00	2024-05-13 11:09:33.548224+00	\N	+998978581607	5975681263	f	f	\N
378	pbkdf2_sha256$720000$mrXzkwg9M75oN9Z6GZj0Hw$KENGYqnsYvyeel6gkRDnLKJiq+qskwnQlnTPxH6qRd0=	\N	f	2024-05-13 11:11:21.034563+00	2024-05-13 11:11:21.045245+00	\N	+998975168075	913867872	f	f	\N
379	pbkdf2_sha256$720000$BJzYkMejOQEO25cGnVr1lo$0Q+9lGPgNNr1ZiC9iFKoVXa5erFMKZwQHCHJiZNS9Yc=	\N	f	2024-05-13 11:19:52.482586+00	2024-05-13 11:19:52.491396+00	\N	+998992896906	5011814026	f	f	\N
380	pbkdf2_sha256$720000$VzmvR7qF9HVcUljiiXZ9yf$L2VbbUnC1xQfmmSD08obMKtlvZpOdV3G1EAy6fkaRw8=	\N	f	2024-05-13 11:36:50.102425+00	2024-05-13 11:37:07.466119+00	\N	+998919943036	5051497682	f	f	\N
373	pbkdf2_sha256$720000$30eV4ehdi0JpV8qGY0sQ72$OoDFaa2iqeS5hQPIsHGKOkDcLFCGUkGZj5/rnQYteso=	\N	f	2024-05-13 10:28:39.091787+00	2024-05-13 11:44:45.671316+00	\N	+998990688787	572575244	f	f	\N
382	pbkdf2_sha256$720000$l3kn8bYTGmVQOraoug6f9P$QnN/iRORcj/yPjk7JVk5Ivwy1r4tnbn+ctph6CWTZwI=	\N	f	2024-05-13 12:07:25.505551+00	2024-05-13 12:07:25.517343+00	\N	+998501070466	6311794196	f	f	\N
383	pbkdf2_sha256$720000$8XDJxfGDWq9RuscDiCT144$XaiF9qiyU3lqB8zml5oRWaVqqAExrc0oHjcOF2vlNjc=	\N	f	2024-05-13 12:28:00.024826+00	2024-05-13 12:28:00.030584+00	\N	+998887074824	896731943	f	f	\N
384	pbkdf2_sha256$720000$kewa0a6DKGA9bRh8Wf8MIn$LWhbMCW2M0JObZ/hLft+BmtN2mFNNV74NU1lkWIpFuQ=	\N	f	2024-05-13 12:42:58.868627+00	2024-05-13 12:42:58.87938+00	\N	+998975152688	5357259665	f	f	\N
385	pbkdf2_sha256$720000$BrxOcKXGmIIDQ9kUDNi8Nm$rWnG2/1TJ68n5pNQX+Fm+vk0gJsHyejjmCm9KUKALXA=	\N	f	2024-05-13 12:43:55.78632+00	2024-05-13 12:43:55.798012+00	\N	+998886020008	6979045049	f	f	\N
386	pbkdf2_sha256$720000$6WWUlPtn48hQkOW5vl43OY$jRNhtjChJqXlz3AUqb/CZGMULcWPpjZZ3FbQ0kQab1k=	\N	f	2024-05-13 12:56:13.303951+00	2024-05-13 12:56:13.315592+00	\N	+998974590440	954155592	f	f	\N
387	pbkdf2_sha256$720000$XA9NRz4utiviSRjby5zAS5$YIXdCnu5VLqcZzGpTl4xkje6yYyzHpCBH0XbsHEB6Dw=	\N	f	2024-05-13 12:58:07.633565+00	2024-05-13 12:58:07.646089+00	\N	+998943047703	6486794289	f	f	\N
388	pbkdf2_sha256$720000$VpVNEocHCWFNCBt198cB7A$Yukix27p2+vG138ul+YMecUJ6/G0U4h8yrFvNsu3p7U=	\N	f	2024-05-13 13:15:50.719427+00	2024-05-13 13:15:50.729582+00	\N	+998885140077	6136774660	f	f	\N
389	pbkdf2_sha256$720000$sTzja9oa0NCx2cH8rvL4js$l5O9CKGq3rhcZDexqBZjheDfk/C1j1L2ypFLz7A/pKw=	\N	f	2024-05-13 13:20:13.479453+00	2024-05-13 13:20:13.491055+00	\N	+998939222342	1286676907	f	f	\N
391	pbkdf2_sha256$720000$rOn1b7FJ1ei79WeUu1tXgp$sfSdUzjU+QTssUuu3AFL2ytSU3ZylB5TrrnllRcE11g=	\N	f	2024-05-13 13:38:37.474573+00	2024-05-13 13:38:37.484316+00	\N	+998990623615	457660580	f	f	\N
392	pbkdf2_sha256$720000$yENORvHM1iJ2YXRGVY8VxP$tgD7wrhgrLZWGnM+Ibax76I7DSXXWhfBulKUnLJaA0k=	\N	f	2024-05-13 13:39:25.273427+00	2024-05-13 13:39:25.283879+00	\N	+998959405657	6801373026	f	f	\N
393	pbkdf2_sha256$720000$yBBPL85IaDQSsjSPz8ZBjO$DdeFNYA6hm21K+v+bRoN+oNZd+SMqG1NfdXZgQvldb4=	\N	f	2024-05-13 13:40:46.892013+00	2024-05-13 13:40:46.9028+00	\N	+998-99-062-36-15	457660580	f	f	\N
394	pbkdf2_sha256$720000$Xt5wI4zR3v9uoL3S10fYYs$GRhhlk5lXxnCeQgqWApYjtsY0+bkvrA3YvZyspjNwEc=	\N	f	2024-05-13 13:44:08.62959+00	2024-05-13 13:44:08.795687+00	\N	+998990144345	6568956369	f	f	\N
395	pbkdf2_sha256$720000$AmLMAaW1XgDMYque59od7b$ugCbv9Q2uAr5g8SsbwYYzH31wV1Be0ywvyvzkpIJTmQ=	\N	f	2024-05-13 13:49:58.02849+00	2024-05-13 13:49:58.036777+00	\N	+998930619478	5784969234	f	f	\N
396	pbkdf2_sha256$720000$CU5Ps4i2NdgvbJoFYKIY6D$QpzImTcT+PaUlZBK3Iqh/JEwY9pKEMFZ7xikp0H215I=	\N	f	2024-05-13 13:59:04.539953+00	2024-05-13 13:59:04.549544+00	\N	+998977904466	674698591	f	f	\N
397	pbkdf2_sha256$720000$C5BOaijzwMSsEPRqphfolh$NPlYQzcAx7XKLO+VHmsu2ARlzTO0EMYGOxjCIWiz0IE=	\N	f	2024-05-13 14:30:19.963682+00	2024-05-13 14:30:19.974874+00	\N	+998991812425	1658906818	f	f	\N
401	pbkdf2_sha256$720000$85mM1GrxT7A3YYOH3g3n0O$D96KyTv1DvlpBFXGWMBX9W81RmtwING64cptOwbaB6k=	\N	f	2024-05-13 16:22:35.97087+00	2024-05-20 15:12:25.081346+00	\N	+998919193131	793840021	f	f	\N
399	pbkdf2_sha256$720000$6aHcHAhBLQmSjiddXXguPG$TPO0fmgybt+Cd3P5nbMmEFGy8SvK+4ziHLRVlsDGDyw=	\N	f	2024-05-13 14:57:16.499096+00	2024-05-13 14:57:16.510099+00	\N	+998990653537	6541014046	f	f	\N
400	pbkdf2_sha256$720000$lbxYOzHCg9Cz27Om3KvLdU$bJF/Ou1uyG2utNw0dFvWWqCuxDqwZKxXScjBu/Hi0P4=	\N	f	2024-05-13 15:07:12.061063+00	2024-05-13 15:07:12.065178+00	\N	+998934692190	1715008617	f	f	\N
410	pbkdf2_sha256$720000$BlKjLQIImFu16mMJNzi5ID$hObB30vSrnO0fvTmH+5CsbkE1G7LyL8IcH3HUPFEfsM=	\N	f	2024-05-14 03:12:17.486319+00	2024-05-27 08:14:37.886054+00	\N	+998974040696	6475432594	f	f	\N
402	pbkdf2_sha256$720000$SzTwMado2iT6qzItjAG2G0$bFWYy+OqfiYIrGNPuoQKbG01g5QW1DCxY3SkAbAWm6k=	\N	f	2024-05-13 17:36:45.532219+00	2024-05-13 17:36:45.544304+00	\N	+998977900900	448135176	f	f	\N
403	pbkdf2_sha256$720000$QP3Juhvkx8uhM0oPxFy8Db$jfIlVtNLc+X/D0RObSp66w4+m5aah66RLogFunBpt5k=	\N	f	2024-05-13 18:40:24.798949+00	2024-05-13 18:40:24.809515+00	\N	+998944643339	6106965784	f	f	\N
404	pbkdf2_sha256$720000$979h26FDo0XrGNj84gUPon$gGVBl6fRH5qyzjI+Il359fuPC10e2tqQUfEvPCSlDnc=	\N	f	2024-05-13 18:52:35.102598+00	2024-05-13 18:52:35.116851+00	\N	+998990426223	1114787148	f	f	\N
405	pbkdf2_sha256$720000$JTmNgnYiPrVS1diCZvGZ62$rfLKPYn645E3efZTxSsjY0moXFpudNQXYMov9olmnkQ=	\N	f	2024-05-13 18:56:08.335738+00	2024-05-13 18:56:08.342974+00	\N	+998995068070	479355589	f	f	\N
406	pbkdf2_sha256$720000$7COpb1HMLa0PiIw1cWG5xy$SpzDViW4oCInNdf+72BVMVGw9dg6IESL5RZWzH1Bzts=	\N	f	2024-05-13 19:42:22.627495+00	2024-05-13 19:42:22.641708+00	\N	+998932888588	813853539	f	f	\N
407	pbkdf2_sha256$720000$1HRUUczi0M1LvaInRtGUa0$6ynxKLYIbPLNUi5EHTxhowTNY9jTK2uApjrpJMD457A=	\N	f	2024-05-13 19:49:28.192836+00	2024-05-13 19:49:28.204829+00	\N	+998912789098	381879016	f	f	\N
381	pbkdf2_sha256$720000$n18NTCgBzznKkFF73blgQ7$0pvnPuReH88OoPs8Y9ZvrL6lovpseRTZkmrgzPo1ams=	\N	f	2024-05-13 12:01:38.458469+00	2024-05-13 20:02:47.685673+00	\N	+998942365556	406998103	f	f	\N
408	pbkdf2_sha256$720000$ErGOlSbN5ndQZWRF4aVpQK$xBC25VdG0/XS3cBW3dF1MOkwn16nCOmTh2P2KiIGXlM=	\N	f	2024-05-13 22:15:24.041862+00	2024-05-13 22:15:24.062104+00	\N	+998959333550	6318441929	f	f	\N
409	pbkdf2_sha256$720000$RebdPsF030pmzWUOnwK5fb$H3UNJVtWGOGVwBAMVpMg7UdD/TlXG21Uu/NX0rQKjk4=	\N	f	2024-05-14 00:39:25.072767+00	2024-05-14 00:39:25.091447+00	\N	+998937635900	1922893653	f	f	\N
411	pbkdf2_sha256$720000$1BrZLkpScOZ4sFoqs1hG7Q$8OZxEzmPIPodR5tIAWTsF2mutJyRbRv5eExvLHbUDY4=	\N	f	2024-05-14 03:44:32.168678+00	2024-05-14 03:44:32.179313+00	\N	+998999513937	5774603737	f	f	\N
398	pbkdf2_sha256$720000$TxkUcTsN4kMWd3IUo3ZvSs$kV9QPzquvXfq3pAiJ7RgY/ynmuf/mE2yjuH63A8mHQQ=	\N	f	2024-05-13 14:47:24.532439+00	2024-05-14 05:06:35.642595+00	\N	+998912779771	144599525	f	f	\N
412	pbkdf2_sha256$720000$dLFdL91Mycm3ABUOzRJrzp$ykqEpdAMM6iFIJ+WR5U3UT5L/m3ggc3QvXW9XfS1Bn0=	\N	f	2024-05-14 04:20:28.156757+00	2024-05-14 04:20:28.16114+00	\N	+998991452520	1358177756	f	f	\N
413	pbkdf2_sha256$720000$U4gxl2rvsr7zkrxSzkg9Ke$qyfKGcmIUEqSS+1hOdM+lpc4WjeGtDIt8fEqaMmv/44=	\N	f	2024-05-14 04:55:28.930242+00	2024-05-14 04:57:05.788739+00	\N	+998941110499	1607595762	f	f	\N
414	pbkdf2_sha256$720000$DIk3Rz0TVDPfT1t6byDFSW$o+aW924o4Bezz7Sh8HnfLbmtulQbUaZRTrHCOcgh+IQ=	\N	f	2024-05-14 05:45:59.858714+00	2024-05-14 05:45:59.870051+00	\N	+998335260602	6715374392	f	f	\N
415	pbkdf2_sha256$720000$TduTwcGw67yzWYxcL4vuOv$yrkORnFqpoALrVSVGedCHRwraBLZWxkcmwQGG9SVTpw=	\N	f	2024-05-14 06:33:58.886945+00	2024-05-14 06:34:18.436804+00	\N	+998948908982	6174843141	f	f	\N
416	pbkdf2_sha256$720000$kQq7cPq5o6ATDqCpy2DHAL$wsYJpVyndFY7l2SizcErEJjaO3R3UAChAjwa5gzRipQ=	\N	f	2024-05-14 08:10:05.150381+00	2024-05-14 08:10:05.155605+00	\N	+998938050627	5657146562	f	f	\N
429	pbkdf2_sha256$720000$3jq8s3F0XEm74zIvw4HeCf$sUaEJv5KVllIC1LCTuMVFrqU781eQKNhIFd9B5GB6V8=	\N	f	2024-05-14 16:22:36.00405+00	2024-05-14 16:23:08.447704+00	\N	+998933930675	5523834888	f	f	\N
417	pbkdf2_sha256$720000$7xWfEldLVPy9TJHsUNmgHq$0oiXXlWRk6Q+2vcC//5CbKHlc710JYFYDOlclGhvzMQ=	\N	f	2024-05-14 09:52:23.818129+00	2024-05-14 09:56:47.383147+00	\N	+998904323355	6946528366	f	f	\N
430	pbkdf2_sha256$720000$DZKVpufSmIctx9uSeOC0Ls$982+pGn9Xbq8hWkr1aYNw0ijNNJ5wSTav5u4lOrjwBo=	\N	f	2024-05-14 16:34:12.594467+00	2024-05-14 16:34:12.60555+00	\N	+998507136454	5784996848	f	f	\N
418	pbkdf2_sha256$720000$36AJtx1YJK8OVO2lvn662q$t2/WEgmsPz4IP1P3txUBCGHEbBxSoIACvcV2d8ivajE=	\N	f	2024-05-14 10:20:30.938023+00	2024-05-14 10:24:24.478617+00	\N	+998991760921	6643803147	f	f	\N
419	pbkdf2_sha256$720000$YyxTuKimrg62Hv8AbYhZVv$5/5wv4JlQJW0keFmEbPJLIxXCDUoS2aIoB5rNV5J+js=	\N	f	2024-05-14 10:29:57.465677+00	2024-05-14 10:29:57.477747+00	\N	+998997008059	6498183262	f	f	\N
420	pbkdf2_sha256$720000$5b6mykUrtqBKIZ0TOabjmK$Mmt76JOumhG7NmUpQ0VjDd3TA3NcxLpmBYFl8lHSvWw=	\N	f	2024-05-14 11:15:07.228934+00	2024-05-14 11:15:07.250868+00	\N	+998990968434	1239155265	f	f	\N
421	pbkdf2_sha256$720000$5NPD8xPUhw0e96psaTpkx8$Ez/gGITsE7wPUfwYaq4ZEigTG3lWLOj3unHaoGNdls0=	\N	f	2024-05-14 11:41:38.142084+00	2024-05-14 11:41:38.154755+00	\N	+998884581508	6391358693	f	f	\N
422	pbkdf2_sha256$720000$RqYZmbqzorA4AKgQC37Q9K$a5zZY1/FBiU+k+0wgkafjia1jA/B1qAtT+Eog0aAduI=	\N	f	2024-05-14 12:52:16.480968+00	2024-05-14 12:52:16.505817+00	\N	+998970910615	6343100660	f	f	\N
423	pbkdf2_sha256$720000$Mkiop3bRjpQQos0s7vBuX7$/VUK/lY85jRwCcJc7ZDtK4lPKTB9GDB41U8w6P34T7U=	\N	f	2024-05-14 13:25:12.392421+00	2024-05-14 13:25:12.412803+00	\N	+998999687700	1608036322	f	f	\N
424	pbkdf2_sha256$720000$KFVRRBqDHzDytjbGWtcdNn$uIwvd1TYOF0c1O62ltdk6mCDwIZRdId3h+b8Nqj/cfU=	\N	f	2024-05-14 14:17:06.195953+00	2024-05-14 14:17:06.207519+00	\N	+998994190319	5657486217	f	f	\N
425	pbkdf2_sha256$720000$ewBGOhNSYQXqUFRvZLF8Pc$NK+Rm36AifaFW0Lmsu0dKf30L1NKCmRs2yVym1LLxuI=	\N	f	2024-05-14 14:24:10.133301+00	2024-05-14 14:24:10.141979+00	\N	+998997561774	5957588941	f	f	\N
431	pbkdf2_sha256$720000$1rjBroTcS99SuUYIYxuCtg$+hbVESvMiqok2x4v9zrLclJbC6YxYFcDz2/jQk3Yw78=	\N	f	2024-05-14 17:30:56.568813+00	2024-05-14 17:30:56.579802+00	\N	+998884578380	5851353115	f	f	\N
426	pbkdf2_sha256$720000$BVnYSPMElbU5tJaZi8Z4FS$0j1HVR2NJIYZkHh7dUxDxSViEhTZtYAcr2IW42GGpQI=	\N	f	2024-05-14 14:28:57.898121+00	2024-05-14 14:30:36.124298+00	\N	+998993846202	1474048975	f	f	\N
427	pbkdf2_sha256$720000$spdPICa6D10jVBnHtMEcBN$YnO82OLP0UYIBWJ3pJw3GGZUYbVCwsEz4Lrlpjmlxww=	\N	f	2024-05-14 14:32:51.088347+00	2024-05-14 14:32:51.099167+00	\N	+998946645045	839704495	f	f	\N
428	pbkdf2_sha256$720000$1AIUL2hjiw8ksGWbBKvPGZ$sjME4QV+DMfKSzMX3YcRqnOUpnHzqQgw0Lug37hZAUw=	\N	f	2024-05-14 14:35:33.443555+00	2024-05-14 14:35:33.454558+00	\N	+998886000414	6271596787	f	f	\N
432	pbkdf2_sha256$720000$4HSRVzVA0giaJGBq8QSAyA$O+5mel9m8YvgVTMcFgUVqg4nHtEqrsQlFTV9fKESSiY=	\N	f	2024-05-14 19:20:57.792306+00	2024-05-14 19:20:57.811158+00	\N	+998935483998	2044276424	f	f	\N
435	pbkdf2_sha256$720000$DYqoZlUS9lRbDBJ7abdST5$8klBxlr4VzQCQeY6igb4HFT8R+fxj+6xqbW1a3lkx7s=	\N	f	2024-05-15 07:34:21.06165+00	2024-05-25 17:22:00.837588+00	\N	+998995603239	1754029173	f	f	\N
434	pbkdf2_sha256$720000$rRsXdnhGb914ARc2VfzKDQ$yKZypq4Xtvwg5fBeg60pjZS8ckMtUVARZvdnhA7Am2k=	\N	f	2024-05-15 07:32:56.075738+00	2024-05-15 07:32:56.085314+00	\N	+998885123139	5694236225	f	f	\N
436	pbkdf2_sha256$720000$BdLUV1fOxbeLNTyq7mLJ0a$DDg9UMJevMXTdNhkX0frDm36ADcRvkjfOLd/3nQzUMY=	\N	f	2024-05-15 07:49:28.627166+00	2024-05-15 07:49:28.638351+00	\N	+998883446262	7096531927	f	f	\N
439	pbkdf2_sha256$720000$hGKlRiY6WQ36AOWxMy3ZUb$KCD3OSxM98YP3hlkvP2SIvXaFLRnF0TxRLaV2Tv0Knk=	\N	f	2024-05-15 12:07:03.394877+00	2024-05-15 12:07:03.40506+00	\N	+998882475533	6741028200	f	f	\N
437	pbkdf2_sha256$720000$7BpsJXMtilnAhKa7PBez0m$eyJ5NtFvYsHKnXUuNsLWxXrt8xpE54CxuTkpzKqh7mI=	\N	f	2024-05-15 09:01:15.318467+00	2024-05-15 09:01:44.96279+00	\N	+998884531229	7137294299	f	f	\N
438	pbkdf2_sha256$720000$GXUA0pue5JtQz07Mn29vVv$MN960oSc6BMoESykxPSoLS6NC/gi/1Sqy2MrS0yolgU=	\N	f	2024-05-15 09:22:53.242808+00	2024-05-15 09:22:53.254597+00	\N	+998976003779	6602116909	f	f	\N
440	pbkdf2_sha256$720000$qdG7itAQXBSgSddPciALsi$a9RxaAaqa4yPtNy0Bvm9ggduTHzmCh31tyvZ47iwPaI=	\N	f	2024-05-15 13:21:00.640534+00	2024-05-15 13:21:00.650986+00	\N	+998978007889	6874712906	f	f	\N
441	pbkdf2_sha256$720000$NQchfMqguqVFt3KjnhnXtc$S9ByUM3c0ZV/VZ3qEM6I2TTmJrj/sn+C3QuZpMcBPlk=	\N	f	2024-05-15 14:31:28.537116+00	2024-05-15 14:31:47.83332+00	\N	+998936017200	6985952502	f	f	\N
442	pbkdf2_sha256$720000$ysONbsv8TJ9QHwv8P22t3p$I/sHoE1Of3l97mL4TrbrzwqcpG9yckFFaq3Qop5IS/E=	\N	f	2024-05-15 14:48:03.613979+00	2024-05-15 14:48:03.624187+00	\N	+998904300069	808732216	f	f	\N
443	pbkdf2_sha256$720000$5TRrO6EnwVQWcVxilgidL3$ocnMiGcnbwWfB4tjqiah//5KsgU4Nj26IBWdnSnbFTs=	\N	f	2024-05-15 15:06:48.694528+00	2024-05-15 15:06:48.713097+00	\N	+998995789190	6584416048	f	f	\N
444	pbkdf2_sha256$720000$mFkvXuukMc38rDuKefY09T$mXf7o+ZdvVaQMqrxDWdmTv9g+wG8vSYhpHklBFGJUmA=	\N	f	2024-05-15 15:39:20.678355+00	2024-05-15 15:39:44.473866+00	\N	+998885180509	6228075619	f	f	\N
446	pbkdf2_sha256$720000$ZJ6jcIMMVPepvNNlgnze42$mPEVC1uG7uz3te6ABbjnvaxt3j4Lppmm57ThK4nyFH0=	\N	f	2024-05-15 16:08:09.744082+00	2024-05-15 16:08:20.425703+00	\N	+998945460917	6979760127	f	f	\N
445	pbkdf2_sha256$720000$No7iTQs0JnEg0MJwXtV0Pr$Sz9kRMT8O0QdWDtq/UL+pQIzqM4AMO/4pK6ay1eYS1k=	\N	f	2024-05-15 15:56:43.979342+00	2024-05-15 15:57:01.518293+00	\N	+998880910154	7102735462	f	f	\N
447	pbkdf2_sha256$720000$iu4bDeEOcamrNG8CubmTUx$CdAmO1S/jXDcvvGeVB1X5yLoL9RhhVmynIndtwg8U7k=	\N	f	2024-05-15 18:32:57.447804+00	2024-05-15 18:32:57.458526+00	\N	+998974570955	1617379492	f	f	\N
448	pbkdf2_sha256$720000$T1qrcwKxvzyg72gJ80KhgM$Gcd69ONAwhH4bHh4vaEqin73xyFhdMEaFfnU5xB6aMo=	\N	f	2024-05-15 18:38:39.03631+00	2024-05-15 18:38:39.052571+00	\N	+998995642325	842991381	f	f	\N
449	pbkdf2_sha256$720000$cWVF67v19Jk24vZIXYYRDn$N7hQgG3gHg2j164bcfUDsmkKnZdGIpzlUTrRSkeKpLk=	\N	f	2024-05-15 18:49:29.167224+00	2024-05-15 18:49:38.62092+00	\N	+998904351414	1843814642	f	f	\N
450	pbkdf2_sha256$720000$c6Eo9FmROoh94nXcpivgSx$kNIQ9owjYDH3yft+akYLCMofijcCzY8RBWDsnl5lS2o=	\N	f	2024-05-15 20:27:13.25637+00	2024-05-15 20:27:13.266107+00	\N	+998337251080	5072809687	f	f	\N
451	pbkdf2_sha256$720000$VBgVwFpUXzM9Fw1IIut3NT$FhqdoJc98IGmZ9ucCtj+PzWRAFj9q3dWdC/AWi0jgq0=	\N	f	2024-05-15 20:33:50.931084+00	2024-05-15 20:33:50.941766+00	\N	+998990828097	5921438594	f	f	\N
452	pbkdf2_sha256$720000$964uK8mk2xNK5kVrwTfUpr$0LK7TZKZnoT+eWcfCG1ucuNYw1E3vUXcPjFcFkkWAbU=	\N	f	2024-05-16 03:52:17.598149+00	2024-05-16 03:53:43.853964+00	\N	+998939494202	5193963735	f	f	\N
433	pbkdf2_sha256$720000$dyxZV45pBP1S6qZc3MyRbU$cDxYDsbWxnWc2GujZOa3IzJ+/sDTxpmd/ETIuBUQhyE=	\N	f	2024-05-15 06:44:22.253995+00	2024-05-17 11:02:06.716886+00	\N	+998 91 427 65 80	5239294734	f	f	\N
453	pbkdf2_sha256$720000$z9vE8nQW0GoCQdhPFQ9nTA$1YA22fPbh8ZD0qsnYXHguTuWmSy0fD+aLV2yf5xUJmQ=	\N	f	2024-05-16 04:15:05.892221+00	2024-05-16 04:16:44.077498+00	\N	+998990845660	5014224804	f	f	\N
454	pbkdf2_sha256$720000$oLupnO2LKBtoif3bhnbLEp$fvEcOyBD0bAlKzeMNOQJvUt/gKB8D6DNts5YA1TkA7M=	\N	f	2024-05-16 04:18:13.808141+00	2024-05-16 04:18:13.818864+00	\N	+998994471177	38895617	f	f	\N
455	pbkdf2_sha256$720000$f4RN5MG7ObUpwDGb5inPZD$U9lKJRiuiYTazP+5KDRUZYjX3OP+8j/nKfD1F4DntKA=	\N	f	2024-05-16 04:28:12.784814+00	2024-05-16 04:28:12.794307+00	\N	+998905590819	1064220666	f	f	\N
456	pbkdf2_sha256$720000$p0G5rXbNxon9sz7nL4G4tk$R3LiUcRBZAtgv10hYqQ64RnTCMj6p0FFKAqvGISS2CU=	\N	f	2024-05-16 06:21:13.907836+00	2024-05-16 06:21:13.917813+00	\N	+998941144416	1145606345	f	f	\N
457	pbkdf2_sha256$720000$HYohDdCXrK28RW3FUgFjdO$UqgWqmoU3Yk/MRByknU/XYwBpydOMH+Y5iO2m1uwaIk=	\N	f	2024-05-16 06:34:52.084274+00	2024-05-16 06:34:52.125305+00	\N	+998888562252	6611540727	f	f	\N
458	pbkdf2_sha256$720000$VjTLC2oI1U0AwhxuWhHBvn$yqC5A8p0+wy7Edg08lP9Kb1bm6b/bKUaZca0/j1jn2E=	\N	f	2024-05-16 06:58:04.966648+00	2024-05-16 06:58:04.97627+00	\N	+998975170784	1083191923	f	f	\N
459	pbkdf2_sha256$720000$vn7U7q9qJSDI6TkWpis1ak$9DXSrvCqiR7XjPCNCMsULtxPpeFqMUL4SAjSkvq7JGk=	\N	f	2024-05-16 07:49:43.685543+00	2024-05-16 07:49:43.697277+00	\N	+998978585558	1108345780	f	f	\N
460	pbkdf2_sha256$720000$tMkJtbDna0nafL8IUM0U8a$yaY+N4gtAL6TDLHmpx5A/23Rs32H9pNWWl0Lyv4l7k8=	\N	f	2024-05-16 07:58:07.837805+00	2024-05-16 07:58:07.847025+00	\N	+998885171818	6288323421	f	f	\N
470	pbkdf2_sha256$720000$lT4aJRP1DyNmnSETsOJv9z$GyPBjYa+qVXYOPHxs38wj866LwYNUXX6pJv0EAoXVFc=	\N	f	2024-05-16 16:01:04.761086+00	2024-05-16 16:01:53.278105+00	\N	+998990237121	1465685650	f	f	\N
461	pbkdf2_sha256$720000$8wvyWfxNeamsf4RXBfEQPr$L3/QHrPgio+sDhmR7wfKrAWtMdaoWxArYigBG28EHLY=	\N	f	2024-05-16 08:12:42.903766+00	2024-05-16 08:13:05.579827+00	\N	+998914345854	2050839044	f	f	\N
462	pbkdf2_sha256$720000$TPUAyxLetV8K7QmCRC88Zb$xz8uFM4qT6Tq+vIAC1tQAmubZAG0JQtGfG+lJ6r3yHY=	\N	f	2024-05-16 10:01:05.074319+00	2024-05-16 10:01:05.085005+00	\N	+998975183838	6179228306	f	f	\N
463	pbkdf2_sha256$720000$SwnAyB5Z7TL0Q1ByB0bQew$UfEvVvRTREUyxFzJ76mEiGJzA9JtTwEm4zxxmrMSZro=	\N	f	2024-05-16 11:50:05.702236+00	2024-05-16 11:50:44.604295+00	\N	+998908187103	5284708142	f	f	\N
464	pbkdf2_sha256$720000$fhTGO3iBnPyYY325JNSCv5$SzIO1xbqhP7SseP/nWZ9nI+Csg7OFDFVFC9H6GSs9uc=	\N	f	2024-05-16 11:51:38.572463+00	2024-05-16 11:51:38.582903+00	\N	+998881180377	5284708142	f	f	\N
465	pbkdf2_sha256$720000$VpmW4VnvuRIvmZZB4XkkHR$HwkS6rUwj4XiuGDhTHprIS4kZb1vNGy39sVI94kdbco=	\N	f	2024-05-16 13:21:49.82872+00	2024-05-16 13:21:49.838229+00	\N	+998934240508	5255462571	f	f	\N
466	pbkdf2_sha256$720000$91GFuGeiq9y4uIw7mC7KAX$OiyP/XGcXtRMeUYOn4/y670ttF9i7qrctACiLUITTm0=	\N	f	2024-05-16 14:18:47.687071+00	2024-05-16 14:18:47.713486+00	\N	+998331760009	2073924632	f	f	\N
471	pbkdf2_sha256$720000$fP5QxbEke4HLGMQ9rSh1c1$w9hbpX9/oos5JmKLMQbPks5u+ZBO9D/TeN5LK/2shKY=	\N	f	2024-05-16 19:05:22.498492+00	2024-05-16 19:05:22.508077+00	\N	+998993477462	6178864192	f	f	\N
467	pbkdf2_sha256$720000$pMyTEbDP9YZagDzIuwjszJ$ERIdBFMjef3UdpyyQPm88jkDIAgo1waJJ7ZVvsARLwo=	\N	f	2024-05-16 15:07:37.497918+00	2024-05-16 15:08:18.336491+00	\N	+998975143482	5488299784	f	f	\N
468	pbkdf2_sha256$720000$zMVT5pl7Wk2am8JtAMTEtQ$YvEDgV4LpN1J/LYduRNllLiYppWsd//l7eSVKM8dmXM=	\N	f	2024-05-16 15:18:23.590384+00	2024-05-16 15:18:23.608953+00	\N	+998991699951	6815195481	f	f	\N
469	pbkdf2_sha256$720000$b4x7UGJyyD4DoHArtjLwXH$SoGV2VrVcrdV9sOfzDqDHQKUT/o6E/jzu1D3hRfOCig=	\N	f	2024-05-16 15:55:48.320301+00	2024-05-16 15:55:48.346377+00	\N	+998900901012	5888907258	f	f	\N
479	pbkdf2_sha256$720000$C6vHDFWtUkZ7FkjTkeEkvx$rbt1te692baUeBRQ2IZ9VFooZQvfaBiY1fjzyfAdBJM=	\N	f	2024-05-17 08:38:25.336385+00	2024-05-17 08:38:25.347847+00	\N	+998996767461	6134697586	f	f	\N
472	pbkdf2_sha256$720000$m5ygKFbAKViSAHS7EwYLbe$gfXPePXjxSzcR8mLzXD2+XrzB9bWxctVz4I/Pl5MXjQ=	\N	f	2024-05-17 05:22:04.238389+00	2024-05-17 05:22:04.269493+00	\N	+998934921640	7073286986	f	f	\N
480	pbkdf2_sha256$720000$qZMWHaAgjQogo6A7JR8ehp$aHya4Oxlj4ezY/moOxKI1EcrRh3sU6spQTBXoU7bfNA=	\N	f	2024-05-17 09:10:16.745583+00	2024-05-25 17:36:00.797309+00	\N	+998881259414	1724662079	f	f	\N
474	pbkdf2_sha256$720000$62iUexymvXmt68JLKTUjwR$QyMxtOGqiwNaNdoB0eejxO7BrB5Knd87zITz5h9ng+g=	\N	f	2024-05-17 05:34:30.273264+00	2024-05-17 05:34:30.284331+00	\N	+998992370377	6330583731	f	f	\N
473	pbkdf2_sha256$720000$7hWH5iurFX89MJX7CQhphn$POgzWI1jQif5KJUK8bIRJSw4jT8ujeLcx2xNLjzfVXg=	\N	f	2024-05-17 05:25:59.528261+00	2024-05-17 05:38:50.760463+00	\N	+998501007473	6802295992	f	f	\N
475	pbkdf2_sha256$720000$4mr5OtPkmxYiaHkXiNR9xO$hhoxOOaj4HeX2IaleTsB+NCF6bvEmFWkbMzSxmxvmMk=	\N	f	2024-05-17 05:58:54.393551+00	2024-05-17 05:58:54.40495+00	\N	+998932881218	6972420113	f	f	\N
476	pbkdf2_sha256$720000$Nb2NDuxe1JrZmQum2ZaFET$biYCVWcls09BecMjr5iwQucTKQK681qcIu9Oq9opZfo=	\N	f	2024-05-17 06:21:41.815238+00	2024-05-17 06:21:41.824207+00	\N	+998976004454	5158758364	f	f	\N
477	pbkdf2_sha256$720000$1MrQnySVh3scx7P4f6mfjr$Aoy3BPrDr3igsrLLsOsZ1M9cXUXGrcNcbImBJ2IlrSw=	\N	f	2024-05-17 08:17:30.034655+00	2024-05-17 08:17:30.044182+00	\N	+998770440907	6210138351	f	f	\N
478	pbkdf2_sha256$720000$6AK3TXTU3g7ULNUbXDwKrv$iKMiiL91eCGJVH+2vt9f+3u6Ps83pI4FqJFogWZFFCo=	\N	f	2024-05-17 08:28:01.641661+00	2024-05-17 08:29:19.506262+00	\N	+998770698584	6034220462	f	f	\N
481	pbkdf2_sha256$720000$Fl8DHVSxw73eiHzf4bsz3P$3ekXxTYiwI7kV+5uBX7J0TNuaCjK96AbEGeSDQovGbQ=	\N	f	2024-05-17 14:13:29.854943+00	2024-05-17 14:13:29.866774+00	\N	+998938839828	5633088606	f	f	\N
482	pbkdf2_sha256$720000$JNPdSGe5BEQViKuYKaoVYz$3qTtrUX0XWhKFcwl1L0/pFvKDAwJXuPKVyD03yjXqVA=	\N	f	2024-05-17 14:18:03.604717+00	2024-05-17 14:18:03.613626+00	\N	+998990211227	6057660028	f	f	\N
483	pbkdf2_sha256$720000$kAivC6tZX4KbRc3sR4AWzf$IEhRiutm6oQfv2iMP5m5MApCB6bG08k92sabBvx7vLw=	\N	f	2024-05-17 15:25:16.558656+00	2024-05-17 15:25:16.567278+00	\N	+998950568888	807167880	f	f	\N
484	pbkdf2_sha256$720000$RjFjNBtR5pu2wefAbc73Lk$icthHh57wsiw0pjeVtSYVzGOuZCDYHKjen0fWBiX/AE=	\N	f	2024-05-18 05:33:07.622768+00	2024-05-18 05:33:07.634129+00	\N	+998915715121	7181211495	f	f	\N
485	pbkdf2_sha256$720000$WYclA2izEeiIBsdCoMRIPx$q43XnJT8IDyTQmelIWg4OawkgD+9faYV79k19UfgVtk=	\N	f	2024-05-18 06:04:25.399748+00	2024-05-18 06:04:25.426989+00	\N	+998887517515	6982500428	f	f	\N
486	pbkdf2_sha256$720000$Xv9ID7Wgp8NVVHar08XEBp$bVv6JBIzkDM+945XOM0boEBBbjwezkP6sHhZplJmtgc=	\N	f	2024-05-18 07:35:31.40915+00	2024-05-18 07:35:31.419045+00	\N	+998999424858	1314874625	f	f	\N
488	pbkdf2_sha256$720000$SS1jf97DzEN4EraGTFXlCb$ulvxpYKDldSa3uIpjvr5N2BYD1KvVdH+xajK63ltfRE=	\N	f	2024-05-18 11:37:50.094537+00	2024-05-18 11:37:50.104801+00	\N	+998995604535	1179249430	f	f	\N
490	pbkdf2_sha256$720000$D55kLzpqzSyRMbHw2A6sKV$tSWqnlj9jvV964J2XA3in7kkyFMGioA6S44k5XhYcqg=	\N	f	2024-05-18 14:07:47.900076+00	2024-05-18 14:07:47.910688+00	\N	+998930914130	1152429320	f	f	\N
489	pbkdf2_sha256$720000$KID9t3tWqe4lLx9vdsKaGZ$tWhluftPn64ENbbXxghjHATUodLnQV2ZXRCfydaO+zw=	\N	f	2024-05-18 13:39:58.644669+00	2024-05-18 13:40:29.31048+00	\N	+998992042998	1731183405	f	f	\N
491	pbkdf2_sha256$720000$G8CcJAWLHhEQCIqhJLpQQL$fspowFYBAZo/wg7lDP8aJ3GR6ZyGsh3EWycLn/64cM4=	\N	f	2024-05-18 15:28:10.770316+00	2024-05-18 15:28:10.790175+00	\N	+998997101702	7164285949	f	f	\N
487	pbkdf2_sha256$720000$8a8mE3gRCqLR2pkduDka2q$i65vW9codvV3wHgFEkLuX2A7GcbdzqKDNdEt7ZA4EDM=	\N	f	2024-05-18 10:24:51.571173+00	2024-05-18 15:44:39.401675+00	\N	+998974591773	1298975013	f	f	\N
492	pbkdf2_sha256$720000$hAZQZZ1ChIsSe4vncXeWhL$7zHqphWJGD7qb4iGjLjmUkmWhGa3TcF6KSX6g2LnHQM=	\N	f	2024-05-18 17:31:26.396921+00	2024-05-18 17:31:26.425768+00	\N	+998987700051	1801516715	f	f	\N
493	pbkdf2_sha256$720000$voAz2AAfLJ45NKDoeLYlqv$v4/HWkWQ6WH9IS3/RF9T3dwlMcUwRf5R31JfZ9Rwsic=	\N	f	2024-05-18 18:07:53.506179+00	2024-05-18 18:07:53.517889+00	\N	+998885265717	5332409718	f	f	\N
494	pbkdf2_sha256$720000$8To5daswYdduMoutZMxbwT$X18CtXHhB457lAqbfyRSwj0goEN3UZ1gdPc+KbmPD+M=	\N	f	2024-05-19 06:49:48.082556+00	2024-05-19 06:49:48.093218+00	\N	+998919925220	1826098151	f	f	\N
495	pbkdf2_sha256$720000$FUOyCP3Ht8ZY5jQwoaIhlH$71OMdFd9kfSP0ZDCCR4JUFmEuVjk6E5FLgm7JFOCPqw=	\N	f	2024-05-19 06:51:17.259231+00	2024-05-19 06:51:17.403341+00	\N	+998938857747	1366842245	f	f	\N
496	pbkdf2_sha256$720000$qRxXnp6wkwAsCPH8oI7Ddm$tMNR//1Hlg2LW3YzhM7LlxRSlkHlje8hdylW9Y+8mU8=	\N	f	2024-05-19 07:02:21.298577+00	2024-05-19 07:02:21.323785+00	\N	+998995527232	648731712	f	f	\N
497	pbkdf2_sha256$720000$o39NdmWcMkE3ZjQClF7Ynx$npjGvAP0a7uFSmTwJhff+IzezZuyXFDG9ocQbw/iBMU=	\N	f	2024-05-19 07:06:13.292691+00	2024-05-19 07:06:13.320849+00	\N	+998995647898	2113758983	f	f	\N
498	pbkdf2_sha256$720000$7SRAzOMxA7a2B6tCqhSvwp$OiuLOp+tBqhjKDx2dTz5ZqXPJs9i6VLE/wOT1/UN81U=	\N	f	2024-05-19 12:08:55.489409+00	2024-05-19 12:08:55.508744+00	\N	+998999435969	6922411949	f	f	\N
499	pbkdf2_sha256$720000$FAIFOpHvy9WHDEgvPsdxDQ$aVo4jqSaf+AXPBsXHfUOQuQ4eIDTHdR5CiUKxpb3+lg=	\N	f	2024-05-19 13:11:40.312684+00	2024-05-19 13:11:40.323661+00	\N	+998972210759	932846335	f	f	\N
501	pbkdf2_sha256$720000$DZbxlNIAY89MUnglQXWH0K$zNIrZFZNURe+nh9thtOk2hUmNFtraYkjVOSSn9QbOqU=	\N	f	2024-05-19 14:35:47.692336+00	2024-05-19 14:35:47.702489+00	\N	+998882215256	61310597	f	f	\N
502	pbkdf2_sha256$720000$2Ndrh7S0ANgwnCZgLDqCgB$x/FalcFGW96XfwdJ9pfV34Hz9CzA01HI0Vo7Mpm9El0=	\N	f	2024-05-19 15:00:44.386577+00	2024-05-19 15:00:44.386605+00	\N	+998991234567	\N	f	f	\N
503	pbkdf2_sha256$720000$Ra3v6RS6YcGwfUNWWcFUPM$A9S1mTIDGAqb0BISxkiAex/KErn2OTjZorhxnd5Z5TE=	\N	f	2024-05-19 15:55:30.659937+00	2024-05-19 15:55:30.669244+00	\N	+998934675936	143710483	f	f	\N
504	pbkdf2_sha256$720000$mvZ0E1xb1vQe17sEjSjvLP$V04niJk2FZLg9Zjpw3Jal0enCKBtijBK9FDd83+V3Hk=	\N	f	2024-05-19 16:32:25.219516+00	2024-05-19 16:32:25.242528+00	\N	+998944022757	1070792697	f	f	\N
505	pbkdf2_sha256$720000$JGEOLMbgqb6Yd53yNOoj0w$0JRF1VztE2jzY/VwsM5YE2CsE+NG+Bb1hB3UbGjK1tQ=	\N	f	2024-05-19 20:26:24.92131+00	2024-05-19 20:26:24.945976+00	\N	+998935362704	5737316362	f	f	\N
506	pbkdf2_sha256$720000$vPSvnFwdMFUHGdIA2asEnJ$bOMiA0qLNm1PTuyP20VLSWSfbiscJrfwQNyfjIIpFKU=	\N	f	2024-05-20 09:44:16.012433+00	2024-05-20 09:44:16.02845+00	\N	+998932878440	6519124164	f	f	\N
512	pbkdf2_sha256$720000$oAzoTcRnOtcRayXKOdwRTg$arTH9nJTRf4xJ1IA9IKx0j6TIgVNTG8sE7tob/8tAHw=	\N	f	2024-05-20 14:25:25.798105+00	2024-05-20 14:25:25.80926+00	\N	+998933310598	1282599861	f	f	\N
507	pbkdf2_sha256$720000$d2tsWuFw3rP0ucjueu3Sez$VRzAzqE4TTurfpcKZFVICdGK0FVVjv+uoavoa2PFdIM=	\N	f	2024-05-20 10:26:39.420487+00	2024-05-20 10:26:45.694898+00	\N	+998886074424	2002228514	f	f	\N
500	pbkdf2_sha256$720000$5hbTv2eeZpZNUvxtqoeXle$2jfZsKMxua6PrJqkNwYYg99nxgskBm4mdu7maPUDUUg=	\N	f	2024-05-19 14:11:17.688858+00	2024-05-25 16:19:00.796476+00	\N	+998979598747	5147151745	f	f	\N
514	pbkdf2_sha256$720000$bA0dJCt3pBUjmqTxpUwUU0$IVf07fPkf4HnpGc7sbnRIsfBfHKKkd42QYjuL+x+3k4=	\N	f	2024-05-20 14:48:55.698913+00	2024-05-20 14:48:55.713644+00	\N	+998975154461	410417329	f	f	\N
508	pbkdf2_sha256$720000$fvhsEwjtLXNDTDtu4i4TmI$Iq/2E0Qdg4KZWDH1XfK6lXME2gqDLZn8Z7YHFNDMIuo=	\N	f	2024-05-20 10:38:43.066686+00	2024-05-20 10:41:35.830556+00	\N	+998999624440	6489839527	f	f	\N
509	pbkdf2_sha256$720000$X7l5mWtJIKp7JxqPN8NAZo$YkdAvnblPbebUnBRjjmKuwI3gRQCNoVqnPyjkeriuVM=	\N	f	2024-05-20 11:06:46.621548+00	2024-05-27 11:01:39.021963+00	\N	+998991561155	1615204653	f	f	\N
510	pbkdf2_sha256$720000$h8YbxWHsqNuwU12R9LB7sh$2x2XK34q9g1czqXIBUD0fxFNg7qfNKm/5bF7rrj+jEw=	\N	f	2024-05-20 12:04:38.027869+00	2024-05-20 12:04:38.046684+00	\N	+998888572097	5921228437	f	f	\N
511	pbkdf2_sha256$720000$BrFxg7eaWYb51TAP5QVAxb$pZCF4gZUSCwWCBF6WuoPauiuvHMGQOIAV0Ff8Jz1CBU=	\N	f	2024-05-20 12:24:27.225573+00	2024-05-20 12:24:27.236338+00	\N	+998883641111	5400096130	f	f	\N
515	pbkdf2_sha256$720000$g7UVjKWObU4ZLaHFyvUH2T$q5B3act8avXDUFdSLph9gDXv/XYRXEsRIKPUKzXTrR8=	\N	f	2024-05-20 16:01:44.325531+00	2024-05-20 16:01:44.346841+00	\N	+998973647413	6065278880	f	f	\N
516	pbkdf2_sha256$720000$kHsFqvFth9wLksvKgptTJS$mhV4nmLV2NNUzxGbt+0G5OD9cMDKh7pK0bPsnII+zrc=	\N	f	2024-05-21 04:05:52.130115+00	2024-05-21 04:06:48.671199+00	\N	+998974590659	820785405	f	f	\N
517	pbkdf2_sha256$720000$vFe2Y1sy8m0s5GH7PlzVOW$+ll6UchsHREv3bPyDxYKv3LFiVObP/xjQ4VehfUJICk=	\N	f	2024-05-21 07:21:55.313889+00	2024-05-21 07:21:55.313942+00	\N	+998352523562	\N	f	f	\N
518	pbkdf2_sha256$720000$GIuIQgVNLzdIG32i8FCRQM$GxCqm3vIfbp89EDn6c00lVFSIAejF79Vc97CBRK8+rE=	\N	f	2024-05-21 08:29:35.426778+00	2024-05-21 08:29:35.440842+00	\N	+998974521696	1282485183	f	f	\N
519	pbkdf2_sha256$720000$QNVBRKb5U8JsBLJtnT6mWz$XL4jPjw6osB6T0vqB9NpHVnpuq5MiNoiBRd66/81ukA=	\N	f	2024-05-21 10:53:05.573452+00	2024-05-21 10:53:05.586407+00	\N	+998884520997	5605002296	f	f	\N
520	pbkdf2_sha256$720000$POMddk9EZWLd4JWIGHknGs$6KS5aagq5/ipyGr6SAFWvty3KzPxaYLpK6+rld9HfnA=	\N	f	2024-05-21 16:31:45.096772+00	2024-05-21 16:31:45.12419+00	\N	+998941104499	1049736334	f	f	\N
522	pbkdf2_sha256$720000$TLX1DKs6BjucTnFWxvyIPt$h3BJSXRw1zZ0nYPQDuHkcre/wMel4Cbi7tmbRkTpD7s=	\N	f	2024-05-22 06:49:53.705733+00	2024-05-22 06:49:53.717599+00	\N	+998914349717	6351608573	f	f	\N
521	pbkdf2_sha256$720000$EXmUihD00kMTYJcMSSvMvf$+gP+LjDo8CwK0NGnsU5Csz5biGysGrnAJZMil5Wrdsg=	\N	f	2024-05-21 20:26:36.468757+00	2024-05-21 20:28:39.418604+00	\N	+998884536464	1430412792	f	f	\N
526	pbkdf2_sha256$720000$E3PD73ouPW616k3EqKJw2t$lyEvurkEktrW18xZYR2Sh12U3efyHKN0+3oTf8ihxpw=	\N	f	2024-05-22 16:14:40.117216+00	2024-05-22 16:14:40.160562+00	\N	+998955521102	7161149719	f	f	\N
523	pbkdf2_sha256$720000$l39rfjsyqj54mf4cP4Lzob$FwbOEhG4YaB2DnMa8RGM48v5MZXkyS3k3LZiaQHMRX8=	\N	f	2024-05-22 08:30:08.520818+00	2024-05-22 08:34:17.815082+00	\N	+998914289407	217277501	f	f	\N
524	pbkdf2_sha256$720000$3dscqGHH9cpatr6NUtHY5H$2a9Zqjc2hbJsSSTYZ+K/TTLmv76qvPzNaFB9wC+MIJ8=	\N	f	2024-05-22 08:50:46.943657+00	2024-05-22 08:50:46.953471+00	\N	+998975118888	921944796	f	f	\N
525	pbkdf2_sha256$720000$5Ky1cihKRDxsDazsE9CGki$ocjCK3w7it5QyYXjo1F86E8l61P0VutecSTREHLlgy8=	\N	f	2024-05-22 12:51:23.982371+00	2024-05-22 12:51:24.009565+00	\N	+998887326464	6220540308	f	f	\N
527	pbkdf2_sha256$720000$gAALvxSzPt2ukmQIarNySW$AZzfOMXRsWvAMQhf5FpKT7CrlK/5+JpZ6fk5hWobAkQ=	\N	f	2024-05-22 17:57:25.998004+00	2024-05-22 17:57:26.008489+00	\N	+998-99-229-02-08	6155359420	f	f	\N
528	pbkdf2_sha256$720000$zwby3j9zyuibAzrtSebfA2$0oQtk9WkDIhbIh8KMqD+zbj7pVKCPoZlct2FK3cfuIM=	\N	f	2024-05-22 17:58:20.583081+00	2024-05-22 18:02:03.060233+00	\N	+998992290208	6155359420	f	f	\N
529	pbkdf2_sha256$720000$iqPm36coGlrpa3VZeftPYJ$//Sr7qMYc9emDYqJHxLkkW8aAI8T4xrndKSdjs+UJSc=	\N	f	2024-05-22 19:30:55.135811+00	2024-05-22 19:30:55.153061+00	\N	+998887517578	1998623048	f	f	\N
530	pbkdf2_sha256$720000$QYAkJtPizcdZF20AkxDugt$xKZqmqMO/WDzoyrczcJqlt9Q0+lYbbDW9PgzieohThc=	\N	f	2024-05-22 19:31:33.721276+00	2024-05-22 19:31:33.739044+00	\N	+99880547434	1998623048	f	f	\N
531	pbkdf2_sha256$720000$N6vlfP17ewHS3RokGOIRPH$tUaKD1wttU6O+akFsY8gmGD/mkOxd9mGqHvnhX1VSCQ=	\N	f	2024-05-22 19:32:04.224595+00	2024-05-22 19:32:04.242326+00	\N	+998880547434	1998623048	f	f	\N
532	pbkdf2_sha256$720000$wilQVqodh0QtaR8l9IFPJk$EWgMUuqV/AOZK3TLf9M9V4fCJXo37313yeJevnPAfjY=	\N	f	2024-05-23 05:05:54.223824+00	2024-05-23 05:05:54.23295+00	\N	+998942780601	6209324825	f	f	\N
533	pbkdf2_sha256$720000$n99f9ihg6EdbDNXD5gruDL$ao49IHilxJ61IP1Wz9btz3nPRrF9aIVq/txHtAOx7/U=	\N	f	2024-05-23 05:57:45.846312+00	2024-05-23 05:57:45.851546+00	\N	+998970151816	6787006428	f	f	\N
534	pbkdf2_sha256$720000$Pb2SZwg2GfvfFWtmtRWoVf$Ui6ZzkNJmYfvZWhqOmirrwFK+mZVQ6/W+fa3E3Pbdu8=	\N	f	2024-05-23 08:24:18.316017+00	2024-05-23 08:24:18.347118+00	\N	+998975173535	893781668	f	f	\N
513	pbkdf2_sha256$720000$Cwr2NnFmeVyydnouK40kSo$lsvjMDKhXah0QnqC67KZrLzYDRI/zLmZVBHb9MAF2M8=	\N	f	2024-05-20 14:38:42.677443+00	2024-05-23 12:55:13.299235+00	\N	+998919191939	6826213352	f	f	\N
535	pbkdf2_sha256$720000$SwW7wZIfEPuYnDzYYtDo9e$RS/W84rUoM1Am0aHhP6gvCdTBUOYy67DA9Q+ac2ATwU=	\N	f	2024-05-23 12:35:04.336733+00	2024-05-23 12:35:04.359564+00	\N	+998882022314	5269984232	f	f	\N
536	pbkdf2_sha256$720000$FgFhz3QtIeZnGzof53lzbL$FxRRjqXKFAaHotMZpk2WjRUsR81hfQBn87tIN3olnRg=	\N	f	2024-05-23 12:49:37.225056+00	2024-05-23 12:49:37.254119+00	\N	+998943153737	351462041	f	f	\N
537	pbkdf2_sha256$720000$jLkTRIqm4EN1QWr2mK7iZx$5A35ETzmDtfV3xU5qAUuJsA8eVNGTzarnnXtHJ3QeHs=	\N	f	2024-05-23 12:50:23.867967+00	2024-05-23 12:50:23.890457+00	\N	+998973631001	538328207	f	f	\N
538	pbkdf2_sha256$720000$eEi8U1mfxdi4ZfELgDW0Ll$PcoAgsKBjTqgviEqFDtqJIbd5oVA2q02IeuJXYzLMZE=	\N	f	2024-05-23 12:51:35.815999+00	2024-05-23 12:51:35.829194+00	\N	+998974518772	5416385702	f	f	\N
539	pbkdf2_sha256$720000$07P8VjKAp1PjnfZ4AmQgQB$77lf05bf4Kbf56MxNhv1gGe1bIGrkYyqZoXahraiKMA=	\N	f	2024-05-23 12:51:55.858859+00	2024-05-23 12:51:55.880048+00	\N	+998770362640	6209086383	f	f	\N
540	pbkdf2_sha256$720000$aC4vCKmcLbXSy0eDY9qSOi$64qbJROJulZEu8LKPQUygvJKMNxYmyZf5ZjNK2/g07o=	\N	f	2024-05-23 12:52:07.985606+00	2024-05-23 12:52:07.990927+00	\N	+998919922147	1311535558	f	f	\N
541	pbkdf2_sha256$720000$WRVnkxCBL4KcVUZ0HgBAXA$h0V0iOsW7aJJYapkkEdmwjNw0gwPfMzS4YbmL4ETEgI=	\N	f	2024-05-23 12:52:47.718438+00	2024-05-23 12:52:47.729986+00	\N	+998997304346	477319688	f	f	\N
542	pbkdf2_sha256$720000$WvKdiBq2v0PHAzmz1OKNla$xFBnQ7eTcOhmtcIEHcrsYYWTmzOpN6VVo6jm6SvFthE=	\N	f	2024-05-23 12:54:03.982936+00	2024-05-23 12:54:03.99221+00	\N	+998974577979	1060986070	f	f	\N
543	pbkdf2_sha256$720000$N42DRUlAXmbH4MYQmibA7H$VQoSOPxtk+/M8AXj7/emAgmhBUlQaMjhQR3leURqpR4=	\N	f	2024-05-23 12:59:50.575358+00	2024-05-23 12:59:50.584548+00	\N	+998995478266	6976938876	f	f	\N
544	pbkdf2_sha256$720000$nmJkpndZOY22CQKYvTQ62E$uJWPD2jReqiOCFNXhDpaiFvPOlDMiAECw1gEEP9JHvA=	\N	f	2024-05-23 13:01:12.595083+00	2024-05-23 13:01:12.602138+00	\N	+998954448028	7050470828	f	f	\N
545	pbkdf2_sha256$720000$5h0ncOo13igZBkHnwAgwso$fwT5esVeRAFfYbczH5YnJMBV7RQ3a24FYTq3Nrb7N04=	\N	f	2024-05-23 13:04:48.131003+00	2024-05-23 13:04:48.241449+00	\N	+998941090627	6768253763	f	f	\N
546	pbkdf2_sha256$720000$TtVuy9qQuORHlvCSO78SIp$hUoALK8BeBCq2G1N7d0JqrdQLDjt+jsQaDuBccun5+o=	\N	f	2024-05-23 13:08:30.861334+00	2024-05-23 13:08:30.872053+00	\N	+998900181097	6342679941	f	f	\N
547	pbkdf2_sha256$720000$Ay8zKHcthgGrKhSP9244rh$FgeJZQCQrYU2rEAFkUPNSa4dPHqRoyDO+58IBxefCh8=	\N	f	2024-05-23 13:16:51.903023+00	2024-05-23 13:16:51.916095+00	\N	+998938638405	1734424165	f	f	\N
548	pbkdf2_sha256$720000$wCqXkkVebD1wNYmbgqyd2c$Wg5XfSMfiQifQtzn91btyiHrRZ5/xei/EGaO1zLYFaA=	\N	f	2024-05-23 13:18:10.446268+00	2024-05-23 13:18:10.454071+00	\N	+998957012464	5860281316	f	f	\N
549	pbkdf2_sha256$720000$ZsvfJLvGobAYuv5QBOqH4z$hTyERkdGgX+xJwEIJOpz71UXiDtfcfI21WbIXcoGarI=	\N	f	2024-05-23 13:20:54.306936+00	2024-05-23 13:20:54.324656+00	\N	+998995020315	5869096841	f	f	\N
550	pbkdf2_sha256$720000$MilCCz5rzOJ58j2NRMpKjq$cchSVv3qMeM56KlJyLzengIhoIKSITz1fr4PNynB6Ck=	\N	f	2024-05-23 13:22:40.866817+00	2024-05-23 13:22:40.874913+00	\N	+998990737679	5257780569	f	f	\N
551	pbkdf2_sha256$720000$TjOcjhatCKSOofR9SCR7zp$aWdSjeaOOh9hCb+scho1dXDIb4CiEPyqpanm7PpSEAg=	\N	f	2024-05-23 13:33:59.732831+00	2024-05-23 13:33:59.757255+00	\N	+998938639988	974569419	f	f	\N
552	pbkdf2_sha256$720000$gTxJIYtZkPNhpqh08yCJfJ$7jrXzYUEYzUwvCIdDJJpxz/ah2ZmaBGnGn7df0Mo+9I=	\N	f	2024-05-23 13:37:30.64519+00	2024-05-23 13:37:30.658062+00	\N	+998996226969	969302052	f	f	\N
553	pbkdf2_sha256$720000$LhDvJpzcc8jaDblXwbas8t$JTptkOseQEzVzYe0/Zaq7Luh1FvHC6QU5oe7xkO7F10=	\N	f	2024-05-23 13:39:14.295561+00	2024-05-23 13:39:14.308677+00	\N	+998959374212	6148184447	f	f	\N
554	pbkdf2_sha256$720000$ZJ8vXt8jU0h9PWkYpw084W$O8k95M7kYL+BVRKghy/TLTW8SmxdaW11TP+Tp+XrH84=	\N	f	2024-05-23 13:43:08.013735+00	2024-05-23 13:43:08.02305+00	\N	+998940543630	330014669	f	f	\N
555	pbkdf2_sha256$720000$NhcdetLlDRfaJ2Jb33TsAL$j2Cblskdguwury1ay/cfKgG8Z3zjm4+QhxJIuq1eUc4=	\N	f	2024-05-23 13:43:59.965034+00	2024-05-23 13:43:59.976764+00	\N	+998885246969	7165204553	f	f	\N
556	pbkdf2_sha256$720000$lOhVx5RaigOqIZTt9BWhdM$JJ9QiTvOCu/uvlbgGoU01ROZ/b3YIxNsiEu+o/EwLx8=	\N	f	2024-05-23 13:44:57.506924+00	2024-05-23 13:44:57.518193+00	\N	+998975107181	6319469838	f	f	\N
557	pbkdf2_sha256$720000$0StZpM2veOJgzfEIa7vK6N$L2DyIe6UM8siXTWBCh4m0yfOnf1MCUVKxE5jdfzyh+A=	\N	f	2024-05-23 13:46:14.908564+00	2024-05-23 13:46:14.917698+00	\N	+998933059896	6894091667	f	f	\N
558	pbkdf2_sha256$720000$vQC5UkiR3nhoLvYqps8Rkh$+N/6a0XJuBi7vCulRCnCT8VavIFD+JiFIZTckhPb4nM=	\N	f	2024-05-23 13:47:39.685693+00	2024-05-23 13:47:39.696275+00	\N	+998950141398	6557561899	f	f	\N
559	pbkdf2_sha256$720000$5reF8SszIGMUiYRHqxd7cf$n4UZTwAiIcDm3RsNHAmSMvyK6k0SvvecRC8l4AKOges=	\N	f	2024-05-23 13:54:44.058809+00	2024-05-23 13:54:44.082818+00	\N	+998914332233	1046924764	f	f	\N
560	pbkdf2_sha256$720000$xQzGWpGi0CSrp5I97jeljs$/vB+XIODeKBXK8eA0lB4lM6uAU2mevZWWng/6+nhJFk=	\N	f	2024-05-23 13:58:38.113065+00	2024-05-23 13:58:38.150229+00	\N	+998942348589	494682064	f	f	\N
561	pbkdf2_sha256$720000$Iw2y8PiX2bpjoehIuVxEou$ZJ3hDSJe9VsnqAHdYy11Ij8bn7RyixnySlMxqUM0c1A=	\N	f	2024-05-23 14:02:18.354337+00	2024-05-23 14:02:18.379547+00	\N	+998994160427	6083173321	f	f	\N
562	pbkdf2_sha256$720000$E1HNLL2PEsRMM8MOaQXavT$EIZyGEZ65lUFDP+SpR0w+8mhqjMmOQaxO3y7lHI96sM=	\N	f	2024-05-23 14:03:24.205329+00	2024-05-23 14:03:24.225052+00	\N	+998990688102	1264079191	f	f	\N
563	pbkdf2_sha256$720000$tmcnGId3IIXARfI5YNMEAi$qI5dSkTotuHCvhTZV1Hq+ix61rGhsOm8hTGSwAkBgpM=	\N	f	2024-05-23 14:08:11.23453+00	2024-05-23 14:08:11.246073+00	\N	+998919120097	5846090477	f	f	\N
564	pbkdf2_sha256$720000$477W4v1t4goydeIEQQIAov$q90v2aLr2PoGERaq1qmoYabcKcow30qe1n7bihZPuME=	\N	f	2024-05-23 14:23:16.125253+00	2024-05-27 08:22:19.109987+00	\N	+998975117554	695644620	f	f	\N
565	pbkdf2_sha256$720000$R1mjS5tu3RmiWh0H1t6WqJ$mfCJQpRBQH7qRRnMgsfW7YvuDf3XmT79qDD4mFsozgA=	\N	f	2024-05-23 14:26:00.533195+00	2024-05-23 14:26:00.556788+00	\N	+998942334112	5355778562	f	f	\N
566	pbkdf2_sha256$720000$P4V29x2QwMFRV6iNuZM3wS$B6Ek7tICHii4ddRGH6xX0/CCSE4wuOvdwUiDGjX0hLI=	\N	f	2024-05-23 14:40:03.532763+00	2024-05-23 14:40:03.548836+00	\N	+998937556416	5100703953	f	f	\N
567	pbkdf2_sha256$720000$L1NvIfVb0aDASvl5CKRWdA$6DWipZ1iMb/OAQ4KBUuy1kwLo6UlDmKjLlYC+gf7EX0=	\N	f	2024-05-23 14:40:52.42036+00	2024-05-23 14:40:52.434261+00	\N	+998885180204	6120322890	f	f	\N
568	pbkdf2_sha256$720000$hYXnYI61FnGZApVak31vDr$bax2TEVN6MU6jSsk6vWRlsl/CHotKKh6TDOzEFxtJ1k=	\N	f	2024-05-23 14:45:20.863708+00	2024-05-23 14:45:20.874894+00	\N	+998995044849	673313874	f	f	\N
569	pbkdf2_sha256$720000$3W6WUBTNolN4lbLUi7iXx5$xrMPAffkvIROP0a8B2FToIftuswK2m4NN3W0TV2ej60=	\N	f	2024-05-23 15:00:39.571319+00	2024-05-23 15:00:39.587328+00	\N	+998930918888	25712834	f	f	\N
570	pbkdf2_sha256$720000$i5k4L2RPZrXvr20P14isWT$8yVE+BILaqACiewoBQFta6a3JnhDmXyK3IwXOYLrHko=	\N	f	2024-05-23 15:01:25.970518+00	2024-05-23 15:01:25.984733+00	\N	+998997464646	1470749814	f	f	\N
571	pbkdf2_sha256$720000$CBlY6H4s9KgneLcy74uGea$6BZVnSEeIBtFdBfxsCgE+5gWhOGePNrl7Ljaiqr62Kc=	\N	f	2024-05-23 15:11:26.767847+00	2024-05-23 15:11:26.781561+00	\N	+998937558085	232084817	f	f	\N
572	pbkdf2_sha256$720000$CEp9yeLOdwZ6rRBQs5QpL3$h86knN2PtzktsWBV3MGx3IJXLYi6DL3DvpC/PdB0KeA=	\N	f	2024-05-23 15:33:47.862395+00	2024-05-23 15:59:34.384476+00	\N	+998910902530	1990897463	f	f	\N
573	pbkdf2_sha256$720000$dlsyiiKYq5mJqMDSEqnEtJ$ZSxI7A/mVF1K0L7lIuPYZbYxPM9uLY8ptF14CRPdYTs=	\N	f	2024-05-23 15:59:57.136892+00	2024-05-23 15:59:57.163488+00	\N	+998886052077	6774296565	f	f	\N
574	pbkdf2_sha256$720000$M176Dn1VugklsVEayizpoA$YzLKtqprgg6lg04vXUzDDwrVWh96iifYVmOBKX4KFUc=	\N	f	2024-05-23 16:00:34.743421+00	2024-05-23 16:00:34.771354+00	\N	+998972110930	167342796	f	f	\N
575	pbkdf2_sha256$720000$3XL7GExoziWXXnrE1cBNDW$BdHr24p2Q6Wui0nGH9pzxCGSiCkGx4p9pHjgNe9b3tk=	\N	f	2024-05-23 16:07:53.969542+00	2024-05-23 16:07:53.978402+00	\N	+998885264848	6179480170	f	f	\N
576	pbkdf2_sha256$720000$ZMsk37RJcLCDu6HIQ8mTN8$RqGqHW60DTAr2L+A8LCxa1OtUjKcAJN6aIY9R8TsQcw=	\N	f	2024-05-23 16:10:25.605524+00	2024-05-23 16:10:25.622258+00	\N	+998888097777	1778281492	f	f	\N
577	pbkdf2_sha256$720000$tINtQHwICkdmFzB24Er3TI$0AIpZWDvx9Av011LAbiaO4hYZJvf3dn12GxJpsNztwY=	\N	f	2024-05-23 16:28:39.561079+00	2024-05-23 16:28:39.595297+00	\N	+998887240619	6999644449	f	f	\N
578	pbkdf2_sha256$720000$DI3PvLwbA4u6nsi7nt6iQD$+kCqX6w6/BZitrKrfoSZkGoxww243g6EJ0nLAkxpeu0=	\N	f	2024-05-23 16:32:44.524888+00	2024-05-23 16:32:44.533967+00	\N	+998884583138	6043824841	f	f	\N
579	pbkdf2_sha256$720000$PxyTkTTBeEtPdsaUaaig4B$PKjzrkZsFW9KCDXdE2M2uLwACEjBdx4TDfIDkbXWIT0=	\N	f	2024-05-23 16:41:21.462642+00	2024-05-23 16:41:21.474906+00	\N	+998332888659	6796819097	f	f	\N
580	pbkdf2_sha256$720000$Ac9bGXSWXWlk9PUTKVUv6j$GiKqXDCOsSJ9udrJaUhsl1usLx1yx5mBRp8+que0xoU=	\N	f	2024-05-23 16:43:26.619655+00	2024-05-23 16:43:26.632378+00	\N	+998887212624	1610205887	f	f	\N
581	pbkdf2_sha256$720000$xiENlCCZNdioA6oZtmsYso$p9TawXYwILmpO0pds34ZyELfDrVjy/Wp06bllb5X8bU=	\N	f	2024-05-23 16:45:19.357643+00	2024-05-23 16:45:19.368778+00	\N	+998772671102	6987380761	f	f	\N
582	pbkdf2_sha256$720000$yfKTLC9ThqcwgMqq8m4vIz$dO2mZRjLYVFdAX03KxhnFLtQsHR3sHzBkLxPZxCA44s=	\N	f	2024-05-23 16:57:56.703652+00	2024-05-23 16:57:56.730048+00	\N	+998956605156	6754984202	f	f	\N
583	pbkdf2_sha256$720000$dF6Inmaakvo12eZj62hSgk$0z4R1TUEOrC9oVNc9FyrzVTpfxQvFwQA9idSJwBGndo=	\N	f	2024-05-23 16:59:14.017569+00	2024-05-23 16:59:14.044856+00	\N	+998919942611	1667795566	f	f	\N
584	pbkdf2_sha256$720000$HR3oDn0Ggs9hzIXrVZnuMS$00AZPXY8mhrsFgFIVtw7PIIxKgC1WYkiC+wUCzQq6Lk=	\N	f	2024-05-23 17:01:45.122377+00	2024-05-23 17:01:45.133757+00	\N	+998990629497	6653218880	f	f	\N
585	pbkdf2_sha256$720000$CzdToBAosPZtIwT2ehwlje$e1io4w4Q9W0fgiprChT5E7IN4BjLXo0UMJh/WpEL5gU=	\N	f	2024-05-23 17:06:58.156861+00	2024-05-23 17:06:58.167259+00	\N	+998907071929	5046350598	f	f	\N
586	pbkdf2_sha256$720000$XFJQY2ZaaslTPlGx8OuLG6$Xe4gBFEFladjk8c/9cqkr6VsKS4Bsm+ujT17f/8P17E=	\N	f	2024-05-23 17:20:29.738242+00	2024-05-23 17:20:29.747967+00	\N	+998900780245	5900451545	f	f	\N
587	pbkdf2_sha256$720000$vAcynXYGNcpNsg24y8aU2X$HkxjclWXwNwyEYtCL+MomoWcuhmmOZQa6HUKzYyfS4w=	\N	f	2024-05-23 17:30:48.705164+00	2024-05-23 17:30:48.718042+00	\N	+998937085505	748117696	f	f	\N
588	pbkdf2_sha256$720000$nBF8agw8ER69anF16gW3zb$DxrrPX2vITY7Pu7jhxipqmcIRBjoU4aBzK1oB+vHL38=	\N	f	2024-05-23 17:36:43.867081+00	2024-05-23 17:36:43.877983+00	\N	+998330636479	6750975489	f	f	\N
589	pbkdf2_sha256$720000$72kpR7mPuHlJ1z5lMfR58i$XnR/17AdE6Oy/lQ+liyf62DhVijLF3ygyzwgEvBkxKA=	\N	f	2024-05-23 17:54:08.029462+00	2024-05-23 17:54:08.039959+00	\N	+998976057222	1800098542	f	f	\N
590	pbkdf2_sha256$720000$8atFJgG71YFHpHJCGtOI4U$mim8or1MbHsslcZHwPy0N28HXszLDl8BTuDTchx0Ls0=	\N	f	2024-05-23 18:21:29.182356+00	2024-05-23 18:21:29.194402+00	\N	+998954307407	1800425975	f	f	\N
591	pbkdf2_sha256$720000$6rdMSi4KnfZdxdDLNZXqtk$Kn1Tkahgt/966gSuEPCjY+jM8W+iET21nEDNTeBgeMU=	\N	f	2024-05-23 18:22:29.680736+00	2024-05-23 18:22:29.692207+00	\N	+998990794425	6139815783	f	f	\N
592	pbkdf2_sha256$720000$grSt9qgNXret4SXZxgOZzA$3kn+njntxjFjdiQaPaeB/rrJCJAv5qUQ3KDiISrsO1s=	\N	f	2024-05-23 18:38:03.795759+00	2024-05-23 18:38:03.823435+00	\N	+998930491928	5116512029	f	f	\N
593	pbkdf2_sha256$720000$0PKWsmjpNW5EnDP9awqs22$WfmWd8OOafTaXjTYJ56prVDz/Ly2adiadcwHMkMC8ro=	\N	f	2024-05-23 18:41:09.322421+00	2024-05-23 18:41:09.335246+00	\N	+998991267494	6013907157	f	f	\N
596	pbkdf2_sha256$720000$w7vlyqyN8kmKeCSIyVOdXc$2AtSwOxc/MqzwGNp8HnJTi//E9V3JXpEvGHJp6I0/wY=	\N	f	2024-05-23 19:00:01.546998+00	2024-05-23 19:00:01.557982+00	\N	+998996225485	7188526300	f	f	\N
594	pbkdf2_sha256$720000$Z1hKXRhWwTA18CGWXQJ4a3$OQtncgy88MRfiJ0qE0IdjVuWqFPj9YNsAW1ArmN08Ik=	\N	f	2024-05-23 18:49:24.987858+00	2024-05-23 18:49:53.696322+00	\N	+998977674849	1188326700	f	f	\N
595	pbkdf2_sha256$720000$tEWuy1Xopn6jmIbYP79zKH$+yyH4e4y1ZsiryMT9Bgrwsg0WABX9blYeo2Uz8sMQSE=	\N	f	2024-05-23 18:59:34.471176+00	2024-05-23 18:59:34.488386+00	\N	+998932426404	7188526300	f	f	\N
597	pbkdf2_sha256$720000$PlTHzo62bNlHjkagtfm6ht$IiJWrKhW2LWOYGv2m62GYHbx8SNEFXOfPoGq7t0+LgI=	\N	f	2024-05-23 19:22:39.282667+00	2024-05-23 19:22:39.292121+00	\N	+998972992646	696182105	f	f	\N
598	pbkdf2_sha256$720000$cMfkBTSgNStozaQNHiWFzp$QnJcbSi+MOYvRbQyizdPLLmgsm5BCSEY6zOVrUB1z4c=	\N	f	2024-05-23 19:22:58.824955+00	2024-05-23 19:22:58.830356+00	\N	+998996886010	520466457	f	f	\N
599	pbkdf2_sha256$720000$LXc5WltVR6YoWEfznSKbew$5A4gJg0Gad792k3t3Gy9Nwb0Z1O4hPCih+zUJaA2+M8=	\N	f	2024-05-23 19:49:51.055978+00	2024-05-23 19:49:51.066817+00	\N	+998991482497	116867122	f	f	\N
600	pbkdf2_sha256$720000$Q0O9FLGlrOC8p9YS9IckXR$kjrhKNOXYgXWFDdbLrtvo35G+92cKDslONAd5j3u4oA=	\N	f	2024-05-23 19:55:14.493775+00	2024-05-23 19:55:14.508195+00	\N	+998887367050	780617927	f	f	\N
602	pbkdf2_sha256$720000$xpdwwWvYvj1kyq5wsKx1Ex$afzk0c2QIMUhlmvdw+4FCx9C3VL258205A1ILJ/7D6U=	\N	f	2024-05-23 20:05:55.498218+00	2024-05-23 20:05:55.518279+00	\N	+998886053949	6942427282	f	f	\N
603	pbkdf2_sha256$720000$wiVwmpBe1FznqcwnULmklz$H5rs03jPTUTaN4dgrmae3Q1poI0cPQmcNr94Q71Z0pQ=	\N	f	2024-05-23 20:06:40.036683+00	2024-05-23 20:06:40.052574+00	\N	+998500078998	6127261901	f	f	\N
601	pbkdf2_sha256$720000$pKtK7DvptYb8YIQjy5YQiW$IsBrQ6LuNXU+hizfa3slF1CeLeGxjUOcOyIUQUAbosI=	\N	f	2024-05-23 20:04:41.334598+00	2024-05-23 20:08:34.656773+00	\N	+998972214647	5813302395	f	f	\N
604	pbkdf2_sha256$720000$aPDLBuDCvrvpmxuXJsbgNe$7IW3AYD5rjn9pSDYbLuF4Q/1n1ufN8pJh2xDuACj4zo=	\N	f	2024-05-23 20:24:07.219864+00	2024-05-23 20:24:07.231907+00	\N	+998974573006	1646052539	f	f	\N
605	pbkdf2_sha256$720000$ovlgn9v0NH6fk6JoONEd0f$15AF+5XpmRgWujSo6ZqqDH1CjkJLw0Z6wCuk2HNOY60=	\N	f	2024-05-23 21:09:25.27524+00	2024-05-23 21:09:25.285964+00	\N	+998336561810	6411934099	f	f	\N
606	pbkdf2_sha256$720000$M5iLR1R3MKZkq94aRidAJY$6T4k6HzS34shHjCOh2l7ttQFjUjF0FuScXGCr+8YcuI=	\N	f	2024-05-23 23:55:38.405916+00	2024-05-23 23:55:38.415783+00	\N	+998997098161	1511325345	f	f	\N
607	pbkdf2_sha256$720000$9PVKqF5tZzflxBm7FfLcWs$tkOkwOI3cUZvyYfYmbxMUmVgUar9Tj82j5ecJy8BSog=	\N	f	2024-05-24 00:45:01.803505+00	2024-05-24 00:45:01.812704+00	\N	+998977900500	5912737762	f	f	\N
609	pbkdf2_sha256$720000$aUOrzvB9KShMVSGNpyZBLZ$hNuk6k8gZhCCGXEdYgTtOvDF6y24h6g8n5MoyjGPeD0=	\N	f	2024-05-24 03:06:20.910656+00	2024-05-24 03:06:20.928884+00	\N	+998947811030	6477933531	f	f	\N
608	pbkdf2_sha256$720000$PRZd0gNQptScddWCqXPeuk$Q0WfgEqBpAR2Sd32Pk0ig9cuj3Z21Y8RClZg7UfgGPU=	\N	f	2024-05-24 02:53:49.071333+00	2024-05-24 02:54:31.270436+00	\N	+998944563835	1698501804	f	f	\N
610	pbkdf2_sha256$720000$NmB64QbECZD8KXcnNNmqbv$qHmRLhB/F4krM6odcYfcz64Rt6hxzs6cBAIkS1eDes0=	\N	f	2024-05-24 03:36:02.11853+00	2024-05-24 03:36:02.13547+00	\N	+998942388496	580644571	f	f	\N
611	pbkdf2_sha256$720000$9dHtlMxCBkNeRkilzeBJ5e$kD3SG+y8G56o/ohLUxfjbH7IymzTgu5YMmcOWKkl9OA=	\N	f	2024-05-24 04:06:59.722304+00	2024-05-24 04:06:59.738111+00	\N	+998770360614	1905569042	f	f	\N
612	pbkdf2_sha256$720000$h561JfhknjkAERIQIjXpJN$gRDkmiFnSWYGxWoB//TOv0QR0nW5m/D+tVwtMrlqI6s=	\N	f	2024-05-24 04:29:59.315737+00	2024-05-24 04:29:59.326605+00	\N	+998941177411	250873906	f	f	\N
613	pbkdf2_sha256$720000$yQsMnkxGpmq7GBZMUmIVoA$K/4Dob5QLqLyvaYyUmq/qbnN/aE4xSuVTbPbAOQTeLo=	\N	f	2024-05-24 05:43:19.189823+00	2024-05-24 05:43:19.20136+00	\N	+998941179609	5929018822	f	f	\N
614	pbkdf2_sha256$720000$aheC6m6P9Etaa3FW55uYk7$FQC63eEw/UMkCC3TTO+xoQq7wgfCak9fMvD5xA4ucKY=	\N	f	2024-05-24 05:54:53.181253+00	2024-05-24 05:54:53.190352+00	\N	+998900790927	7084982201	f	f	\N
615	pbkdf2_sha256$720000$IaNx6ZKqkK8WcnyaXmdrCL$kE3o7l14AMcK66i1xrprs6AQ0t7n+TfWgXhjsL40BP8=	\N	f	2024-05-24 06:05:44.471795+00	2024-05-24 06:05:44.483928+00	\N	+998976009393	1204460806	f	f	\N
616	pbkdf2_sha256$720000$pQ5pMBXtDjos295ewmI1sv$zoVt36WhABQUSD6x13N4lnLTJT1+Iw66cWSOXd8/WQ0=	\N	f	2024-05-24 06:09:47.521087+00	2024-05-24 06:09:47.52661+00	\N	+998995715030	5873162488	f	f	\N
617	pbkdf2_sha256$720000$WqNWpKcg1ejvKb1Jzi5mJ4$D2ePSEbJNTV2+Z0xYyJSKEojuqFiD+7MJpLwr5lQOuI=	\N	f	2024-05-24 06:46:41.329758+00	2024-05-24 06:46:41.361443+00	\N	+998914336550	1379989577	f	f	\N
618	pbkdf2_sha256$720000$TTu88OI2r7xUYTCQ5bzaL9$bCoObmUuv5zPUELM7EF8HboR1bd4Eo01ElaNj5t2y+o=	\N	f	2024-05-24 06:54:50.287333+00	2024-05-24 06:54:50.2982+00	\N	+998931366077	1333415111	f	f	\N
619	pbkdf2_sha256$720000$p0msBLDmz3Njl0poBCGlNb$mYC7GBx80VbeR05pBVNTlGcGqi/dJj5aWgrf9wmGk4c=	\N	f	2024-05-24 07:00:41.989092+00	2024-05-24 07:00:41.999101+00	\N	+998972379898	5508976836	f	f	\N
620	pbkdf2_sha256$720000$WCty4e7DiO1e4Srhm9KV1V$wAlsZ1lVx+wph/q726ssISIkwRudEHZPSgJg6BvN56E=	\N	f	2024-05-24 07:04:59.532535+00	2024-05-24 07:04:59.542619+00	\N	+998990751396	6770964583	f	f	\N
621	pbkdf2_sha256$720000$5c8Vwm9pFvgWd5ZpMoFVwt$6EtVZPBPzcZzlbJ7080qw9fgQjl0uQ3zhWoQjls7ILA=	\N	f	2024-05-24 07:10:13.476703+00	2024-05-24 07:10:13.50084+00	\N	+998992060499	7165480715	f	f	\N
622	pbkdf2_sha256$720000$64HDO6KiPfcC2D7phljOqT$OdI2KziuFCqmcthnE01zHQ7qF6y/luoLBPQWJuinfQ8=	\N	f	2024-05-24 07:53:01.919977+00	2024-05-24 07:53:01.944022+00	\N	+998888585882	6586975287	f	f	\N
634	pbkdf2_sha256$720000$qH2klksK7kCyBagzhkOQJP$Kae+svFmnyay/GGvIAESoFC9FeehGLEeidYCmYB81DE=	\N	f	2024-05-24 10:17:04.754269+00	2024-05-24 10:17:34.26546+00	\N	+998990882244	5805724147	f	f	\N
623	pbkdf2_sha256$720000$uVPreQmKcDahGOzSkhIfGo$qDJ5DjbaFwZG0mYAAG1GER/cYkz1X7jAr1ocuUEwBuU=	\N	f	2024-05-24 08:05:55.888146+00	2024-05-24 08:07:40.82409+00	\N	+998997701978	757940729	f	f	\N
635	pbkdf2_sha256$720000$SCljwQfMCKdvt5vqQZZ0ER$u+e1d0WKVwsB4YWp1UharcbcKTjmtJtmR2vvPp0jrqk=	\N	f	2024-05-24 13:18:06.680083+00	2024-05-25 13:49:00.629022+00	\N	+998942357005	907761551	f	f	\N
625	pbkdf2_sha256$720000$pk3mFhEZ2DNhp0B61whpT7$znf2Y0GMApy+ZitSQMe+9u+CBB+PN9nEIcuhM2o/MtU=	\N	f	2024-05-24 08:14:55.37971+00	2024-05-24 08:15:25.190533+00	\N	+998937177277	6289564786	f	f	\N
626	pbkdf2_sha256$720000$qIS5MSIS2Y652RmX16S0eZ$q8RqsVxStunTNVZRI9j/kODPFu8qLVNWcW+Qnvxxwg0=	\N	f	2024-05-24 08:20:00.632468+00	2024-05-24 08:22:04.595873+00	\N	+998972217470	1731624004	f	f	\N
627	pbkdf2_sha256$720000$OaPhLa0Ah8I7Q3QHtGoyqt$1Hmz7FeAlxsum2ujyMTJXu5EEH0cbHFwlsLfSboqeQY=	\N	f	2024-05-24 08:42:48.782897+00	2024-05-24 08:42:48.807511+00	\N	+998955901908	6504562992	f	f	\N
624	pbkdf2_sha256$720000$05umPgHn2OwxKx0WA8bT8n$gSrztNJsyPISFvcGK9avEiFV6IULpwm+ZfCvL6YhIhI=	\N	f	2024-05-24 08:11:50.426315+00	2024-05-24 08:45:16.810145+00	\N	+998957671198	5910336387	f	f	\N
628	pbkdf2_sha256$720000$ttvoPf28g7UQzIEsrqv3Je$ZnZTPOSWQ0y0Nos7DeqL/06R86G+dAHZsd2KdAOecTg=	\N	f	2024-05-24 08:47:19.75814+00	2024-05-24 08:47:19.78894+00	\N	+998975293107	5758304456	f	f	\N
629	pbkdf2_sha256$720000$ClMDcECEs4v8TRGSqDPobQ$wLLtUyxtX1N96s8P8PirtVgjQOSKK1ENHWLGzOzp23Y=	\N	f	2024-05-24 08:54:02.782384+00	2024-05-24 08:54:02.818268+00	\N	+998974517414	859105769	f	f	\N
630	pbkdf2_sha256$720000$YtvefCvx9nkggN82RymZLs$GmR+pyeJQqlN+ZwyCLnTx4rIXBLOw3WE54zkmZ7Hybg=	\N	f	2024-05-24 08:57:32.967435+00	2024-05-24 08:57:32.988888+00	\N	+998996860017	795831247	f	f	\N
631	pbkdf2_sha256$720000$mSBlASCmajQBjBYgahO1g2$2SPjqrhcroWYzfkiLO+BNlpCn5vVQ59q0jokkuV8+bw=	\N	f	2024-05-24 09:06:22.930093+00	2024-05-24 09:06:22.957064+00	\N	+998993186268	6252307079	f	f	\N
632	pbkdf2_sha256$720000$uXlsmCOXHxpIgeK6k0qkfc$CkNW0LAREbDYl1q1xzN/S5I/aXMBg4ic3o6kJUS6ScU=	\N	f	2024-05-24 09:35:31.511286+00	2024-05-24 09:35:31.533849+00	\N	+998937488878	1440511239	f	f	\N
633	pbkdf2_sha256$720000$OxjMHAWTzYnzlNshbx8O0J$KXlt+YH4eDpiDK8h9f+KaJ7b8nDJ+sGl1ZjW/DygDI0=	\N	f	2024-05-24 09:42:27.745009+00	2024-05-24 09:42:27.762802+00	\N	+998972031713	7074424661	f	f	\N
645	pbkdf2_sha256$720000$1CRV2vxEO9g2Ej6VNrXmYJ$Ncl/N/rvyFL6mPZLFmqyGEDnMNYc4/G+0yAB+FNumZU=	\N	f	2024-05-26 18:07:38.979076+00	2024-05-26 18:07:39.001795+00	\N	+998995490757	1995300957	f	f	\N
643	pbkdf2_sha256$720000$SGOJZbgg5LFRNmMf27VFv4$RsktaHr+ZH2OboAFLxhp6iYvOrVINFHWVu6J8sp2y9A=	\N	f	2024-05-25 16:48:01.389751+00	2024-05-25 17:28:00.937055+00	\N	+998990593800	6291344113	f	f	\N
642	pbkdf2_sha256$720000$mwnLeLNvWvZN3WBY1MD19z$9DgcJWrFMOkqhYfWzZFC1nPZ9abgucTi+n5k4Evj6rM=	\N	f	2024-05-25 16:29:01.397528+00	2024-05-25 17:44:00.803561+00	\N	+998931957207	6643816387	f	f	\N
636	pbkdf2_sha256$720000$bAS0PZtTfYEYghMp1uEgGS$ukCEOECY3BTgin5QGVn9AtAtp+Azc/p3rb9+AzI5c/s=	\N	f	2024-05-24 14:11:44.468929+00	2024-05-25 14:32:00.658154+00	\N	+998880688868	6961972667	f	f	\N
637	pbkdf2_sha256$720000$I2c4F2oLDFFDULDs3fTxBp$Q9G4MaqhHjmDjMe+GoopYEjJwbkjK/RapRwz06bDnsE=	\N	f	2024-05-24 16:25:08.02412+00	2024-05-25 16:32:00.750868+00	\N	+998975155078	1307366899	f	f	\N
641	pbkdf2_sha256$720000$0kFHhRTIZVmm1RrUk9SFEV$vSrYbyxM6cuOYivSCmz3WgQkO5eMAH5ieiTz5OymH+c=	\N	f	2024-05-25 15:53:01.73883+00	2024-05-25 17:47:00.805591+00	\N	+998974593632	753038414	f	f	\N
646	pbkdf2_sha256$720000$JN6hNZbCltPhUry0zimeVE$7hPj73VaRsVm8wyF6kmWBrxSN+XLciaCvOAzm92b7is=	\N	f	2024-05-26 19:26:12.359126+00	2024-05-26 19:26:12.383273+00	\N	+998938610038	6679297378	f	f	\N
647	pbkdf2_sha256$720000$bjZktv0mQvpbKOd1KwzWEV$vA5Sii8ieZXOVamDRjmtZz+a3dQLvD7TAFC/KXggKy0=	\N	f	2024-05-26 19:59:07.049182+00	2024-05-26 19:59:07.080873+00	\N	+998938965855	6486005740	f	f	\N
639	pbkdf2_sha256$720000$YbOZYAVOnPyMRyrewINhhu$ZGZgMGheJSmMMaFaapMUWCNdWx2TMxocLf8lcMIgoc0=	\N	f	2024-05-25 08:54:38.748953+00	2024-05-25 17:48:00.809737+00	\N	+998973634144	1969380381	f	f	\N
638	pbkdf2_sha256$720000$5hLZSOeESgm7XxqpnBpVje$i5oZiTmwHY16qbRaKw+93w/Z1Xncu8N5itBL39N5dAQ=	\N	f	2024-05-24 18:57:56.517546+00	2024-05-25 17:49:00.808419+00	\N	+998919932414	2032842778	f	f	\N
640	pbkdf2_sha256$720000$o7xocUsgUoLhouZ6NZp65U$rJRZtLUvqViZgC2asq9u6O0h1pUzJMBu/y6FF/1BAqY=	\N	f	2024-05-25 12:54:01.210446+00	2024-05-25 17:55:00.814291+00	\N	+998942391910	6592939652	f	f	\N
648	pbkdf2_sha256$720000$BhfUZMdHlRYXu0CRm6fHI5$ZQAQEWWm+jSgm9UPvUXR8AfN1qnx2E1MCvA4DyQP46k=	\N	f	2024-05-26 23:00:02.350206+00	2024-05-26 23:00:02.369503+00	\N	+998973621881	6739165099	f	f	\N
649	pbkdf2_sha256$720000$lVKn9LIT1GMAUoREHeS0ON$VpXyBuKD+m10R01MhuDOtvNEiFk/F7bx5R55BaXa9Es=	\N	f	2024-05-26 23:44:44.715349+00	2024-05-26 23:44:44.727677+00	\N	+998905793777	201657819	f	f	\N
650	pbkdf2_sha256$720000$Ta4o31ggYkE2qbSDjIymHM$4U28eIHtrlNuFBnSomEbhvUng2Xp4WzWDdxzVqZcmVI=	\N	f	2024-05-27 08:14:14.05555+00	2024-05-27 08:14:14.088393+00	\N	+998951105700	5200837309	f	f	\N
651	pbkdf2_sha256$720000$Unt9V9cHCBzBdNN2D4PubQ$W2ZpgGoBVzvq3jhlhEu3KwlB0hw/ZChh9AafnjkM8X8=	\N	f	2024-05-27 09:02:48.756937+00	2024-05-27 09:02:48.78006+00	\N	+998333542444	5951039544	f	f	\N
652	pbkdf2_sha256$720000$flD2eRbnlpXZjX1BpIubbn$JSOK4jmVqMdRBpksUJkbinZR2pAw2XPogrkRcmoprcc=	\N	f	2024-05-27 09:06:45.866113+00	2024-05-27 09:18:06.299647+00	\N	+998995796600	6738440392	f	f	\N
644	pbkdf2_sha256$720000$igX8LvEp3O5qaqCeXADUjE$iHolpiScHCFs6YL7Fr6GLUPlf8EwycclQCSev1z/9UY=	\N	f	2024-05-26 17:47:02.97542+00	2024-05-27 11:32:10.104167+00	\N	+998884564224	7113735894	f	f	\N
653	pbkdf2_sha256$720000$qizSNDW2fB7fOVWG3UZ1jV$NpE5Ko1bWhvp4YyaAbB3dS6IH0ix44jBTZQgK1ei09A=	\N	f	2024-05-27 13:23:04.506579+00	2024-05-27 13:54:11.01363+00	\N	+998993820522	6290803828	f	f	\N
654	pbkdf2_sha256$720000$ewz3NVv9LBwF7CfE8dNQDl$bDm98ilSwnH9HJqvPXYZ6u40Bh8hR3q/9MVm/pmHp58=	\N	f	2024-05-27 15:00:56.830046+00	2024-05-27 15:29:56.674157+00	\N	+998974539966	1017074468	f	f	\N
655	pbkdf2_sha256$720000$lOh8C7SZhptZhUkyp7YOVz$N/H1CB4nyx2GU3jlPYLF5KpU6tCdPEhr0X+voVODVLc=	\N	f	2024-05-27 16:11:59.941182+00	2024-05-27 16:12:08.286901+00	\N	+998997419395	7138061182	f	f	\N
\.


--
-- Data for Name: users_groups; Type: TABLE DATA; Schema: public; Owner: chogirmali
--

COPY public.users_groups (id, user_id, group_id) FROM stdin;
\.


--
-- Data for Name: users_user_permissions; Type: TABLE DATA; Schema: public; Owner: chogirmali
--

COPY public.users_user_permissions (id, user_id, permission_id) FROM stdin;
\.


--
-- Name: addresses_id_seq; Type: SEQUENCE SET; Schema: public; Owner: chogirmali
--

SELECT pg_catalog.setval('public.addresses_id_seq', 362, true);


--
-- Name: auth_group_id_seq; Type: SEQUENCE SET; Schema: public; Owner: chogirmali
--

SELECT pg_catalog.setval('public.auth_group_id_seq', 1, false);


--
-- Name: auth_group_permissions_id_seq; Type: SEQUENCE SET; Schema: public; Owner: chogirmali
--

SELECT pg_catalog.setval('public.auth_group_permissions_id_seq', 1, false);


--
-- Name: auth_permission_id_seq; Type: SEQUENCE SET; Schema: public; Owner: chogirmali
--

SELECT pg_catalog.setval('public.auth_permission_id_seq', 48, true);


--
-- Name: categories_id_seq; Type: SEQUENCE SET; Schema: public; Owner: chogirmali
--

SELECT pg_catalog.setval('public.categories_id_seq', 18, true);


--
-- Name: chat_messages_id_seq; Type: SEQUENCE SET; Schema: public; Owner: chogirmali
--

SELECT pg_catalog.setval('public.chat_messages_id_seq', 141, true);


--
-- Name: django_admin_log_id_seq; Type: SEQUENCE SET; Schema: public; Owner: chogirmali
--

SELECT pg_catalog.setval('public.django_admin_log_id_seq', 72, true);


--
-- Name: django_content_type_id_seq; Type: SEQUENCE SET; Schema: public; Owner: chogirmali
--

SELECT pg_catalog.setval('public.django_content_type_id_seq', 12, true);


--
-- Name: django_migrations_id_seq; Type: SEQUENCE SET; Schema: public; Owner: chogirmali
--

SELECT pg_catalog.setval('public.django_migrations_id_seq', 43, true);


--
-- Name: orders_id_seq; Type: SEQUENCE SET; Schema: public; Owner: chogirmali
--

SELECT pg_catalog.setval('public.orders_id_seq', 225, true);


--
-- Name: products_id_seq; Type: SEQUENCE SET; Schema: public; Owner: chogirmali
--

SELECT pg_catalog.setval('public.products_id_seq', 163, true);


--
-- Name: shop_orderproduct_id_seq; Type: SEQUENCE SET; Schema: public; Owner: chogirmali
--

SELECT pg_catalog.setval('public.shop_orderproduct_id_seq', 306, true);


--
-- Name: users_groups_id_seq; Type: SEQUENCE SET; Schema: public; Owner: chogirmali
--

SELECT pg_catalog.setval('public.users_groups_id_seq', 1, false);


--
-- Name: users_id_seq; Type: SEQUENCE SET; Schema: public; Owner: chogirmali
--

SELECT pg_catalog.setval('public.users_id_seq', 655, true);


--
-- Name: users_user_permissions_id_seq; Type: SEQUENCE SET; Schema: public; Owner: chogirmali
--

SELECT pg_catalog.setval('public.users_user_permissions_id_seq', 1, false);


--
-- Name: addresses addresses_pkey; Type: CONSTRAINT; Schema: public; Owner: chogirmali
--

ALTER TABLE ONLY public.addresses
    ADD CONSTRAINT addresses_pkey PRIMARY KEY (id);


--
-- Name: auth_group auth_group_name_key; Type: CONSTRAINT; Schema: public; Owner: chogirmali
--

ALTER TABLE ONLY public.auth_group
    ADD CONSTRAINT auth_group_name_key UNIQUE (name);


--
-- Name: auth_group_permissions auth_group_permissions_group_id_permission_id_0cd325b0_uniq; Type: CONSTRAINT; Schema: public; Owner: chogirmali
--

ALTER TABLE ONLY public.auth_group_permissions
    ADD CONSTRAINT auth_group_permissions_group_id_permission_id_0cd325b0_uniq UNIQUE (group_id, permission_id);


--
-- Name: auth_group_permissions auth_group_permissions_pkey; Type: CONSTRAINT; Schema: public; Owner: chogirmali
--

ALTER TABLE ONLY public.auth_group_permissions
    ADD CONSTRAINT auth_group_permissions_pkey PRIMARY KEY (id);


--
-- Name: auth_group auth_group_pkey; Type: CONSTRAINT; Schema: public; Owner: chogirmali
--

ALTER TABLE ONLY public.auth_group
    ADD CONSTRAINT auth_group_pkey PRIMARY KEY (id);


--
-- Name: auth_permission auth_permission_content_type_id_codename_01ab375a_uniq; Type: CONSTRAINT; Schema: public; Owner: chogirmali
--

ALTER TABLE ONLY public.auth_permission
    ADD CONSTRAINT auth_permission_content_type_id_codename_01ab375a_uniq UNIQUE (content_type_id, codename);


--
-- Name: auth_permission auth_permission_pkey; Type: CONSTRAINT; Schema: public; Owner: chogirmali
--

ALTER TABLE ONLY public.auth_permission
    ADD CONSTRAINT auth_permission_pkey PRIMARY KEY (id);


--
-- Name: categories categories_pkey; Type: CONSTRAINT; Schema: public; Owner: chogirmali
--

ALTER TABLE ONLY public.categories
    ADD CONSTRAINT categories_pkey PRIMARY KEY (id);


--
-- Name: categories categories_title_key; Type: CONSTRAINT; Schema: public; Owner: chogirmali
--

ALTER TABLE ONLY public.categories
    ADD CONSTRAINT categories_title_key UNIQUE (title);


--
-- Name: chat_messages chat_messages_chat_id_message_id_order_id_5a84ced9_uniq; Type: CONSTRAINT; Schema: public; Owner: chogirmali
--

ALTER TABLE ONLY public.chat_messages
    ADD CONSTRAINT chat_messages_chat_id_message_id_order_id_5a84ced9_uniq UNIQUE (chat_id, message_id, order_id);


--
-- Name: chat_messages chat_messages_pkey; Type: CONSTRAINT; Schema: public; Owner: chogirmali
--

ALTER TABLE ONLY public.chat_messages
    ADD CONSTRAINT chat_messages_pkey PRIMARY KEY (id);


--
-- Name: django_admin_log django_admin_log_pkey; Type: CONSTRAINT; Schema: public; Owner: chogirmali
--

ALTER TABLE ONLY public.django_admin_log
    ADD CONSTRAINT django_admin_log_pkey PRIMARY KEY (id);


--
-- Name: django_content_type django_content_type_app_label_model_76bd3d3b_uniq; Type: CONSTRAINT; Schema: public; Owner: chogirmali
--

ALTER TABLE ONLY public.django_content_type
    ADD CONSTRAINT django_content_type_app_label_model_76bd3d3b_uniq UNIQUE (app_label, model);


--
-- Name: django_content_type django_content_type_pkey; Type: CONSTRAINT; Schema: public; Owner: chogirmali
--

ALTER TABLE ONLY public.django_content_type
    ADD CONSTRAINT django_content_type_pkey PRIMARY KEY (id);


--
-- Name: django_migrations django_migrations_pkey; Type: CONSTRAINT; Schema: public; Owner: chogirmali
--

ALTER TABLE ONLY public.django_migrations
    ADD CONSTRAINT django_migrations_pkey PRIMARY KEY (id);


--
-- Name: django_session django_session_pkey; Type: CONSTRAINT; Schema: public; Owner: chogirmali
--

ALTER TABLE ONLY public.django_session
    ADD CONSTRAINT django_session_pkey PRIMARY KEY (session_key);


--
-- Name: orders orders_pkey; Type: CONSTRAINT; Schema: public; Owner: chogirmali
--

ALTER TABLE ONLY public.orders
    ADD CONSTRAINT orders_pkey PRIMARY KEY (id);


--
-- Name: products products_category_id_title_6f9bc394_uniq; Type: CONSTRAINT; Schema: public; Owner: chogirmali
--

ALTER TABLE ONLY public.products
    ADD CONSTRAINT products_category_id_title_6f9bc394_uniq UNIQUE (category_id, title);


--
-- Name: products products_pkey; Type: CONSTRAINT; Schema: public; Owner: chogirmali
--

ALTER TABLE ONLY public.products
    ADD CONSTRAINT products_pkey PRIMARY KEY (id);


--
-- Name: order_products shop_orderproduct_pkey; Type: CONSTRAINT; Schema: public; Owner: chogirmali
--

ALTER TABLE ONLY public.order_products
    ADD CONSTRAINT shop_orderproduct_pkey PRIMARY KEY (id);


--
-- Name: users_groups users_groups_pkey; Type: CONSTRAINT; Schema: public; Owner: chogirmali
--

ALTER TABLE ONLY public.users_groups
    ADD CONSTRAINT users_groups_pkey PRIMARY KEY (id);


--
-- Name: users_groups users_groups_user_id_group_id_fc7788e8_uniq; Type: CONSTRAINT; Schema: public; Owner: chogirmali
--

ALTER TABLE ONLY public.users_groups
    ADD CONSTRAINT users_groups_user_id_group_id_fc7788e8_uniq UNIQUE (user_id, group_id);


--
-- Name: users users_phone_number_key; Type: CONSTRAINT; Schema: public; Owner: chogirmali
--

ALTER TABLE ONLY public.users
    ADD CONSTRAINT users_phone_number_key UNIQUE (phone_number);


--
-- Name: users users_pkey; Type: CONSTRAINT; Schema: public; Owner: chogirmali
--

ALTER TABLE ONLY public.users
    ADD CONSTRAINT users_pkey PRIMARY KEY (id);


--
-- Name: users_user_permissions users_user_permissions_pkey; Type: CONSTRAINT; Schema: public; Owner: chogirmali
--

ALTER TABLE ONLY public.users_user_permissions
    ADD CONSTRAINT users_user_permissions_pkey PRIMARY KEY (id);


--
-- Name: users_user_permissions users_user_permissions_user_id_permission_id_3b86cbdf_uniq; Type: CONSTRAINT; Schema: public; Owner: chogirmali
--

ALTER TABLE ONLY public.users_user_permissions
    ADD CONSTRAINT users_user_permissions_user_id_permission_id_3b86cbdf_uniq UNIQUE (user_id, permission_id);


--
-- Name: addresses_user_id_d930d1dc; Type: INDEX; Schema: public; Owner: chogirmali
--

CREATE INDEX addresses_user_id_d930d1dc ON public.addresses USING btree (user_id);


--
-- Name: auth_group_name_a6ea08ec_like; Type: INDEX; Schema: public; Owner: chogirmali
--

CREATE INDEX auth_group_name_a6ea08ec_like ON public.auth_group USING btree (name varchar_pattern_ops);


--
-- Name: auth_group_permissions_group_id_b120cbf9; Type: INDEX; Schema: public; Owner: chogirmali
--

CREATE INDEX auth_group_permissions_group_id_b120cbf9 ON public.auth_group_permissions USING btree (group_id);


--
-- Name: auth_group_permissions_permission_id_84c5c92e; Type: INDEX; Schema: public; Owner: chogirmali
--

CREATE INDEX auth_group_permissions_permission_id_84c5c92e ON public.auth_group_permissions USING btree (permission_id);


--
-- Name: auth_permission_content_type_id_2f476e4b; Type: INDEX; Schema: public; Owner: chogirmali
--

CREATE INDEX auth_permission_content_type_id_2f476e4b ON public.auth_permission USING btree (content_type_id);


--
-- Name: categories_title_85131203_like; Type: INDEX; Schema: public; Owner: chogirmali
--

CREATE INDEX categories_title_85131203_like ON public.categories USING btree (title varchar_pattern_ops);


--
-- Name: chat_messages_order_id_dc732baf; Type: INDEX; Schema: public; Owner: chogirmali
--

CREATE INDEX chat_messages_order_id_dc732baf ON public.chat_messages USING btree (order_id);


--
-- Name: django_admin_log_content_type_id_c4bce8eb; Type: INDEX; Schema: public; Owner: chogirmali
--

CREATE INDEX django_admin_log_content_type_id_c4bce8eb ON public.django_admin_log USING btree (content_type_id);


--
-- Name: django_admin_log_user_id_c564eba6; Type: INDEX; Schema: public; Owner: chogirmali
--

CREATE INDEX django_admin_log_user_id_c564eba6 ON public.django_admin_log USING btree (user_id);


--
-- Name: django_session_expire_date_a5c62663; Type: INDEX; Schema: public; Owner: chogirmali
--

CREATE INDEX django_session_expire_date_a5c62663 ON public.django_session USING btree (expire_date);


--
-- Name: django_session_session_key_c0390e0f_like; Type: INDEX; Schema: public; Owner: chogirmali
--

CREATE INDEX django_session_session_key_c0390e0f_like ON public.django_session USING btree (session_key varchar_pattern_ops);


--
-- Name: orders_address_id_38f528bc; Type: INDEX; Schema: public; Owner: chogirmali
--

CREATE INDEX orders_address_id_38f528bc ON public.orders USING btree (address_id);


--
-- Name: orders_user_id_7e2523fb; Type: INDEX; Schema: public; Owner: chogirmali
--

CREATE INDEX orders_user_id_7e2523fb ON public.orders USING btree (user_id);


--
-- Name: products_category_id_a7a3a156; Type: INDEX; Schema: public; Owner: chogirmali
--

CREATE INDEX products_category_id_a7a3a156 ON public.products USING btree (category_id);


--
-- Name: shop_orderproduct_order_id_d9d9b762; Type: INDEX; Schema: public; Owner: chogirmali
--

CREATE INDEX shop_orderproduct_order_id_d9d9b762 ON public.order_products USING btree (order_id);


--
-- Name: shop_orderproduct_product_id_93231ad7; Type: INDEX; Schema: public; Owner: chogirmali
--

CREATE INDEX shop_orderproduct_product_id_93231ad7 ON public.order_products USING btree (product_id);


--
-- Name: users_groups_group_id_2f3517aa; Type: INDEX; Schema: public; Owner: chogirmali
--

CREATE INDEX users_groups_group_id_2f3517aa ON public.users_groups USING btree (group_id);


--
-- Name: users_groups_user_id_f500bee5; Type: INDEX; Schema: public; Owner: chogirmali
--

CREATE INDEX users_groups_user_id_f500bee5 ON public.users_groups USING btree (user_id);


--
-- Name: users_phone_number_b4cde146_like; Type: INDEX; Schema: public; Owner: chogirmali
--

CREATE INDEX users_phone_number_b4cde146_like ON public.users USING btree (phone_number varchar_pattern_ops);


--
-- Name: users_user_permissions_permission_id_6d08dcd2; Type: INDEX; Schema: public; Owner: chogirmali
--

CREATE INDEX users_user_permissions_permission_id_6d08dcd2 ON public.users_user_permissions USING btree (permission_id);


--
-- Name: users_user_permissions_user_id_92473840; Type: INDEX; Schema: public; Owner: chogirmali
--

CREATE INDEX users_user_permissions_user_id_92473840 ON public.users_user_permissions USING btree (user_id);


--
-- Name: addresses addresses_user_id_d930d1dc_fk_users_id; Type: FK CONSTRAINT; Schema: public; Owner: chogirmali
--

ALTER TABLE ONLY public.addresses
    ADD CONSTRAINT addresses_user_id_d930d1dc_fk_users_id FOREIGN KEY (user_id) REFERENCES public.users(id) DEFERRABLE INITIALLY DEFERRED;


--
-- Name: auth_group_permissions auth_group_permissio_permission_id_84c5c92e_fk_auth_perm; Type: FK CONSTRAINT; Schema: public; Owner: chogirmali
--

ALTER TABLE ONLY public.auth_group_permissions
    ADD CONSTRAINT auth_group_permissio_permission_id_84c5c92e_fk_auth_perm FOREIGN KEY (permission_id) REFERENCES public.auth_permission(id) DEFERRABLE INITIALLY DEFERRED;


--
-- Name: auth_group_permissions auth_group_permissions_group_id_b120cbf9_fk_auth_group_id; Type: FK CONSTRAINT; Schema: public; Owner: chogirmali
--

ALTER TABLE ONLY public.auth_group_permissions
    ADD CONSTRAINT auth_group_permissions_group_id_b120cbf9_fk_auth_group_id FOREIGN KEY (group_id) REFERENCES public.auth_group(id) DEFERRABLE INITIALLY DEFERRED;


--
-- Name: auth_permission auth_permission_content_type_id_2f476e4b_fk_django_co; Type: FK CONSTRAINT; Schema: public; Owner: chogirmali
--

ALTER TABLE ONLY public.auth_permission
    ADD CONSTRAINT auth_permission_content_type_id_2f476e4b_fk_django_co FOREIGN KEY (content_type_id) REFERENCES public.django_content_type(id) DEFERRABLE INITIALLY DEFERRED;


--
-- Name: chat_messages chat_messages_order_id_dc732baf_fk_orders_id; Type: FK CONSTRAINT; Schema: public; Owner: chogirmali
--

ALTER TABLE ONLY public.chat_messages
    ADD CONSTRAINT chat_messages_order_id_dc732baf_fk_orders_id FOREIGN KEY (order_id) REFERENCES public.orders(id) DEFERRABLE INITIALLY DEFERRED;


--
-- Name: django_admin_log django_admin_log_content_type_id_c4bce8eb_fk_django_co; Type: FK CONSTRAINT; Schema: public; Owner: chogirmali
--

ALTER TABLE ONLY public.django_admin_log
    ADD CONSTRAINT django_admin_log_content_type_id_c4bce8eb_fk_django_co FOREIGN KEY (content_type_id) REFERENCES public.django_content_type(id) DEFERRABLE INITIALLY DEFERRED;


--
-- Name: django_admin_log django_admin_log_user_id_c564eba6_fk_users_id; Type: FK CONSTRAINT; Schema: public; Owner: chogirmali
--

ALTER TABLE ONLY public.django_admin_log
    ADD CONSTRAINT django_admin_log_user_id_c564eba6_fk_users_id FOREIGN KEY (user_id) REFERENCES public.users(id) DEFERRABLE INITIALLY DEFERRED;


--
-- Name: orders orders_address_id_38f528bc_fk_addresses_id; Type: FK CONSTRAINT; Schema: public; Owner: chogirmali
--

ALTER TABLE ONLY public.orders
    ADD CONSTRAINT orders_address_id_38f528bc_fk_addresses_id FOREIGN KEY (address_id) REFERENCES public.addresses(id) DEFERRABLE INITIALLY DEFERRED;


--
-- Name: orders orders_user_id_7e2523fb_fk_users_id; Type: FK CONSTRAINT; Schema: public; Owner: chogirmali
--

ALTER TABLE ONLY public.orders
    ADD CONSTRAINT orders_user_id_7e2523fb_fk_users_id FOREIGN KEY (user_id) REFERENCES public.users(id) DEFERRABLE INITIALLY DEFERRED;


--
-- Name: products products_category_id_a7a3a156_fk_categories_id; Type: FK CONSTRAINT; Schema: public; Owner: chogirmali
--

ALTER TABLE ONLY public.products
    ADD CONSTRAINT products_category_id_a7a3a156_fk_categories_id FOREIGN KEY (category_id) REFERENCES public.categories(id) DEFERRABLE INITIALLY DEFERRED;


--
-- Name: order_products shop_orderproduct_order_id_d9d9b762_fk_orders_id; Type: FK CONSTRAINT; Schema: public; Owner: chogirmali
--

ALTER TABLE ONLY public.order_products
    ADD CONSTRAINT shop_orderproduct_order_id_d9d9b762_fk_orders_id FOREIGN KEY (order_id) REFERENCES public.orders(id) DEFERRABLE INITIALLY DEFERRED;


--
-- Name: order_products shop_orderproduct_product_id_93231ad7_fk_products_id; Type: FK CONSTRAINT; Schema: public; Owner: chogirmali
--

ALTER TABLE ONLY public.order_products
    ADD CONSTRAINT shop_orderproduct_product_id_93231ad7_fk_products_id FOREIGN KEY (product_id) REFERENCES public.products(id) DEFERRABLE INITIALLY DEFERRED;


--
-- Name: users_groups users_groups_group_id_2f3517aa_fk_auth_group_id; Type: FK CONSTRAINT; Schema: public; Owner: chogirmali
--

ALTER TABLE ONLY public.users_groups
    ADD CONSTRAINT users_groups_group_id_2f3517aa_fk_auth_group_id FOREIGN KEY (group_id) REFERENCES public.auth_group(id) DEFERRABLE INITIALLY DEFERRED;


--
-- Name: users_groups users_groups_user_id_f500bee5_fk_users_id; Type: FK CONSTRAINT; Schema: public; Owner: chogirmali
--

ALTER TABLE ONLY public.users_groups
    ADD CONSTRAINT users_groups_user_id_f500bee5_fk_users_id FOREIGN KEY (user_id) REFERENCES public.users(id) DEFERRABLE INITIALLY DEFERRED;


--
-- Name: users_user_permissions users_user_permissio_permission_id_6d08dcd2_fk_auth_perm; Type: FK CONSTRAINT; Schema: public; Owner: chogirmali
--

ALTER TABLE ONLY public.users_user_permissions
    ADD CONSTRAINT users_user_permissio_permission_id_6d08dcd2_fk_auth_perm FOREIGN KEY (permission_id) REFERENCES public.auth_permission(id) DEFERRABLE INITIALLY DEFERRED;


--
-- Name: users_user_permissions users_user_permissions_user_id_92473840_fk_users_id; Type: FK CONSTRAINT; Schema: public; Owner: chogirmali
--

ALTER TABLE ONLY public.users_user_permissions
    ADD CONSTRAINT users_user_permissions_user_id_92473840_fk_users_id FOREIGN KEY (user_id) REFERENCES public.users(id) DEFERRABLE INITIALLY DEFERRED;


--
-- PostgreSQL database dump complete
--

